barcode_id,master_product_id,barcode,barcode_type,is_primary,source,confidence_score,source_reference
1dec504a-9331-469e-81af-91e91765c56e,01273c18-4eb7-4763-a0d6-dd9044c2a8bf,1003010037072,ean13,true,open_dataset,0.7,open-food-facts-csv:2026-09-08:sha256=f72687ee8bc6522054fe69dbfda6b91902c16af1ec2e043cde27bc6c29ad8176
21abdcb3-1108-459d-aa60-77805529dde3,dcb0967f-7c71-4f77-be43-310d1823daf6,1004004038310,ean13,true,open_dataset,0.7,open-food-facts-csv:2026-09-08:sha256=f72687ee8bc6522054fe69dbfda6b91902c16af1ec2e043cde27bc6c29ad8176
ed75b8e3-aea0-4356-9556-2d24a2230f2a,2f4b1c12-371f-401b-b621-d2135b34bbad,1004005029027,ean13,true,open_dataset,0.7,open-food-facts-csv:2026-09-08:sha256=f72687ee8bc6522054fe69dbfda6b91902c16af1ec2e043cde27bc6c29ad8176
dfcd70fc-f1f1-4e41-a132-49d857b42742,ddea6075-3093-46eb-8854-27ddb4baf968,1006003026688,ean13,true,open_dataset,0.7,open-food-facts-csv:2026-09-08:sha256=f72687ee8bc6522054fe69dbfda6b91902c16af1ec2e043cde27bc6c29ad8176
7fdc4760-fab1-44b5-b507-91882f10d51b,b1425107-c057-4bbd-96ae-0d079ba7841b,1006010019987,ean13,true,open_dataset,0.7,open-food-facts-csv:2026-09-08:sha256=f72687ee8bc6522054fe69dbfda6b91902c16af1ec2e043cde27bc6c29ad8176
32bc2b72-bbc8-4241-8096-e5d5f28ca11a,68335d76-b452-4441-8631-8c2f9eca4d28,1006011031742,ean13,true,open_dataset,0.7,open-food-facts-csv:2026-09-08:sha256=f72687ee8bc6522054fe69dbfda6b91902c16af1ec2e043cde27bc6c29ad8176
1624e5c6-d765-4cb5-8793-1fc0494fb25d,d2811d8c-c03a-425b-9084-56eab3edcdb2,1006012031345,ean13,true,open_dataset,0.7,open-food-facts-csv:2026-09-08:sha256=f72687ee8bc6522054fe69dbfda6b91902c16af1ec2e043cde27bc6c29ad8176
c6d1d0a7-17ab-4cde-93d2-9be6dbda2c68,a1c108af-f320-4390-a029-98e060eda96f,1008002026614,ean13,true,open_dataset,0.7,open-food-facts-csv:2026-09-08:sha256=f72687ee8bc6522054fe69dbfda6b91902c16af1ec2e043cde27bc6c29ad8176
c2fda3a4-f1bb-4406-aedb-ad6d96667d17,f887d052-a1c3-4623-8807-9b9bc3cc5fcb,1009001019874,ean13,true,open_dataset,0.7,open-food-facts-csv:2026-09-08:sha256=f72687ee8bc6522054fe69dbfda6b91902c16af1ec2e043cde27bc6c29ad8176
4b1460d6-ade5-438a-800e-329b410edaf5,239decfd-0c7a-4d3b-b9c0-04e976b0a55c,1011007027395,ean13,true,open_dataset,0.7,open-food-facts-csv:2026-09-08:sha256=f72687ee8bc6522054fe69dbfda6b91902c16af1ec2e043cde27bc6c29ad8176
6b936a41-509b-4180-83a0-5f66ef447e47,026b08dd-74d2-4c35-af9c-70c2745ed804,1011009039013,ean13,true,open_dataset,0.7,open-food-facts-csv:2026-09-08:sha256=f72687ee8bc6522054fe69dbfda6b91902c16af1ec2e043cde27bc6c29ad8176
21828eb9-505d-4f5d-9766-d73ff13b65a7,6caeed4f-f5af-4b41-8f3d-dc6ec370287e,1011011031524,ean13,true,open_dataset,0.7,open-food-facts-csv:2026-09-08:sha256=f72687ee8bc6522054fe69dbfda6b91902c16af1ec2e043cde27bc6c29ad8176
e83d6f16-b8d0-4cca-888b-6d84c1ed2269,9c03ed45-953b-4b2a-8d97-23e685a687b5,1011011032415,ean13,true,open_dataset,0.7,open-food-facts-csv:2026-09-08:sha256=f72687ee8bc6522054fe69dbfda6b91902c16af1ec2e043cde27bc6c29ad8176
b9699edb-949e-435f-a115-548e4f43fad1,d553c107-d824-4cc0-b26a-f7d67bdf385b,1011011032736,ean13,true,open_dataset,0.7,open-food-facts-csv:2026-09-08:sha256=f72687ee8bc6522054fe69dbfda6b91902c16af1ec2e043cde27bc6c29ad8176
2fd85f4f-8437-4243-9694-bd7bf571e77f,2f8dd768-355a-4ef4-8bec-a86e613488fc,1011015039694,ean13,true,open_dataset,0.7,open-food-facts-csv:2026-09-08:sha256=f72687ee8bc6522054fe69dbfda6b91902c16af1ec2e043cde27bc6c29ad8176
47acc1bd-1977-4bba-ac29-f5a12ce5ecbf,84722b39-ed02-42c2-953a-87231ebe5ce5,1014003013478,ean13,true,open_dataset,0.7,open-food-facts-csv:2026-09-08:sha256=f72687ee8bc6522054fe69dbfda6b91902c16af1ec2e043cde27bc6c29ad8176
994be3f5-6ebc-4f43-8f33-588f923e7685,e2efb575-5775-4ebb-a38c-959ebd80da40,1014005040038,ean13,true,open_dataset,0.7,open-food-facts-csv:2026-09-08:sha256=f72687ee8bc6522054fe69dbfda6b91902c16af1ec2e043cde27bc6c29ad8176
6eda15a8-c4f6-492c-bde9-ee9fce6b9a17,bb04f92b-6491-472b-9566-2767c4075988,1014006016063,ean13,true,open_dataset,0.7,open-food-facts-csv:2026-09-08:sha256=f72687ee8bc6522054fe69dbfda6b91902c16af1ec2e043cde27bc6c29ad8176
1cddc9c2-af93-4739-9f34-dda38d3fb886,4b9cda1f-e276-4180-9b4c-4c587bd466b2,1014013028608,ean13,true,open_dataset,0.7,open-food-facts-csv:2026-09-08:sha256=f72687ee8bc6522054fe69dbfda6b91902c16af1ec2e043cde27bc6c29ad8176
2eabd8fb-d4d0-42c0-b9a2-70d5c07541eb,e11fdf64-2e31-4cc0-b484-44ace7777eb7,1014015032863,ean13,true,open_dataset,0.7,open-food-facts-csv:2026-09-08:sha256=f72687ee8bc6522054fe69dbfda6b91902c16af1ec2e043cde27bc6c29ad8176
44f0ed47-8b72-4c7f-86ac-e394a43b519d,082adb30-a410-477a-8926-cbf1e0e1a8ad,1014018033690,ean13,true,open_dataset,0.7,open-food-facts-csv:2026-09-08:sha256=f72687ee8bc6522054fe69dbfda6b91902c16af1ec2e043cde27bc6c29ad8176
f62e8fd1-cc8f-4654-bc68-14d88f0b5c95,13cc25ba-bb4a-4db5-b9c5-477cb07c180a,1014021014372,ean13,true,open_dataset,0.7,open-food-facts-csv:2026-09-08:sha256=f72687ee8bc6522054fe69dbfda6b91902c16af1ec2e043cde27bc6c29ad8176
75094708-16d4-4605-8ce3-a3eef76fe187,1284edf6-ce67-4aaf-9340-1e92d1587460,1014025040049,ean13,true,open_dataset,0.7,open-food-facts-csv:2026-09-08:sha256=f72687ee8bc6522054fe69dbfda6b91902c16af1ec2e043cde27bc6c29ad8176
dded1df9-1e17-4954-9c84-f484fcf62417,4ecc619f-0d93-4101-b8b8-f0e3af0cdba6,1016001027037,ean13,true,open_dataset,0.7,open-food-facts-csv:2026-09-08:sha256=f72687ee8bc6522054fe69dbfda6b91902c16af1ec2e043cde27bc6c29ad8176
7169729b-6f34-4b28-a1fe-f9990f94c8d8,b58e5cc5-3bbf-42b2-b613-da018b1b2463,1016002014630,ean13,true,open_dataset,0.7,open-food-facts-csv:2026-09-08:sha256=f72687ee8bc6522054fe69dbfda6b91902c16af1ec2e043cde27bc6c29ad8176
ac8fe332-a35f-4656-83b2-f67edbe0850f,2b5a538a-271e-4682-a66a-84ef229381d5,1016003015285,ean13,true,open_dataset,0.7,open-food-facts-csv:2026-09-08:sha256=f72687ee8bc6522054fe69dbfda6b91902c16af1ec2e043cde27bc6c29ad8176
c6b09d70-05ca-4e14-b20d-e592f0621243,2a57217e-5c3e-4259-96fc-f4d026a7fa05,1016003017203,ean13,true,open_dataset,0.7,open-food-facts-csv:2026-09-08:sha256=f72687ee8bc6522054fe69dbfda6b91902c16af1ec2e043cde27bc6c29ad8176
37c9019b-702c-4831-b687-ab4559e0af8f,cdbb3fa3-980a-44fc-8d9c-54e1db12cbb7,1016003018590,ean13,true,open_dataset,0.7,open-food-facts-csv:2026-09-08:sha256=f72687ee8bc6522054fe69dbfda6b91902c16af1ec2e043cde27bc6c29ad8176
011db768-8464-4890-8c5c-0e02c57a3f43,1bc4b3cc-2510-4886-99ec-eaad2aaa0be5,1016003025673,ean13,true,open_dataset,0.7,open-food-facts-csv:2026-09-08:sha256=f72687ee8bc6522054fe69dbfda6b91902c16af1ec2e043cde27bc6c29ad8176
26ea1856-37dd-4097-b0cf-d32db5dddcae,d1e825ca-44b9-49fc-9c1f-5e6357687bb9,1016003117200,ean13,true,open_dataset,0.7,open-food-facts-csv:2026-09-08:sha256=f72687ee8bc6522054fe69dbfda6b91902c16af1ec2e043cde27bc6c29ad8176
461dcb6e-9945-4f01-bbee-20741bbc7f25,c8f9d8d5-a5f1-4e36-94a2-ab1b2358b851,1018007017807,ean13,true,open_dataset,0.7,open-food-facts-csv:2026-09-08:sha256=f72687ee8bc6522054fe69dbfda6b91902c16af1ec2e043cde27bc6c29ad8176
0cad3ed6-48ed-4080-9941-7ee3cf2c0b27,c8a64b77-d1ea-45ed-9dd3-8ddb1e8dffaf,1018007029541,ean13,true,open_dataset,0.7,open-food-facts-csv:2026-09-08:sha256=f72687ee8bc6522054fe69dbfda6b91902c16af1ec2e043cde27bc6c29ad8176
82a96ba0-7300-401c-8b3f-e7b12ecbc4f0,59268c3c-a034-426a-8e85-214c79adf671,1018007031766,ean13,true,open_dataset,0.7,open-food-facts-csv:2026-09-08:sha256=f72687ee8bc6522054fe69dbfda6b91902c16af1ec2e043cde27bc6c29ad8176
47a31e34-3736-4c2b-9161-c9abee9a0289,63a9a7c9-4da5-48af-a1c7-d7cb77112cc0,1018010023864,ean13,true,open_dataset,0.7,open-food-facts-csv:2026-09-08:sha256=f72687ee8bc6522054fe69dbfda6b91902c16af1ec2e043cde27bc6c29ad8176
9c3f6b3e-5453-4075-9858-9d0a59f041f1,b9fda7b1-541a-4477-a8af-a4f22f1b5002,1018010039445,ean13,true,open_dataset,0.7,open-food-facts-csv:2026-09-08:sha256=f72687ee8bc6522054fe69dbfda6b91902c16af1ec2e043cde27bc6c29ad8176
de138e58-ea2c-41b9-a91e-0e77a30d7fe9,ed0544d3-f772-4a33-9706-63093d5dc768,1019003031477,ean13,true,open_dataset,0.7,open-food-facts-csv:2026-09-08:sha256=f72687ee8bc6522054fe69dbfda6b91902c16af1ec2e043cde27bc6c29ad8176
ea6e3899-43bc-4fa1-a3d3-84b80a336cbb,0f3a143e-229c-4289-9ac9-25deae4b6a59,1022002034394,ean13,true,open_dataset,0.7,open-food-facts-csv:2026-09-08:sha256=f72687ee8bc6522054fe69dbfda6b91902c16af1ec2e043cde27bc6c29ad8176
b5dcdc92-d027-4290-86f5-5fec33f2f5ef,87faa122-e8a6-4701-8953-044dd3bd566e,1024001026349,ean13,true,open_dataset,0.7,open-food-facts-csv:2026-09-08:sha256=f72687ee8bc6522054fe69dbfda6b91902c16af1ec2e043cde27bc6c29ad8176
d5943309-c38a-43ca-8154-9ee0b6b9ca02,588f9302-6dbe-4a89-8231-bb16a218f124,1024002018107,ean13,true,open_dataset,0.7,open-food-facts-csv:2026-09-08:sha256=f72687ee8bc6522054fe69dbfda6b91902c16af1ec2e043cde27bc6c29ad8176
ab972625-de85-4c97-b574-792a98b610cd,6abc3248-8720-42bb-b10d-c546c051fc76,1024002022661,ean13,true,open_dataset,0.7,open-food-facts-csv:2026-09-08:sha256=f72687ee8bc6522054fe69dbfda6b91902c16af1ec2e043cde27bc6c29ad8176
3e23ccc6-3ec0-470b-a517-925af9bc002d,558e4e85-9dff-488d-aa9c-6774eec32114,1024004035409,ean13,true,open_dataset,0.7,open-food-facts-csv:2026-09-08:sha256=f72687ee8bc6522054fe69dbfda6b91902c16af1ec2e043cde27bc6c29ad8176
9dfb1a7d-2b4a-4516-9caf-fbaccfea76e4,e6a422ab-09d3-4753-9d0d-0dd814dea899,1025003038668,ean13,true,open_dataset,0.7,open-food-facts-csv:2026-09-08:sha256=f72687ee8bc6522054fe69dbfda6b91902c16af1ec2e043cde27bc6c29ad8176
ff2a06a8-6c0f-4f01-bcaf-0e204a01ef94,fbf6be57-ff74-4e5e-aa2a-fd9d3fdfbc58,1028006034613,ean13,true,open_dataset,0.7,open-food-facts-csv:2026-09-08:sha256=f72687ee8bc6522054fe69dbfda6b91902c16af1ec2e043cde27bc6c29ad8176
a38568e1-1b49-4072-ae9d-09fa85faff19,79af3c04-c156-410e-839c-d93957203fb9,13767143,ean8,true,open_dataset,0.7,open-food-facts-csv:2026-09-08:sha256=f72687ee8bc6522054fe69dbfda6b91902c16af1ec2e043cde27bc6c29ad8176
b2d55d19-ee56-4420-b6d8-fb0a518bfcf8,0e4a0a1a-9e0b-49ea-833b-2dc57ea7c664,1742459880084,ean13,true,open_dataset,0.7,open-food-facts-csv:2026-09-08:sha256=f72687ee8bc6522054fe69dbfda6b91902c16af1ec2e043cde27bc6c29ad8176
73395a95-fd06-4c5c-b137-d1fc5208660c,b8cfac4d-9cc6-4b6b-9ec5-8ba640a4a23f,20245290,ean8,true,open_dataset,0.7,open-food-facts-csv:2026-09-08:sha256=f72687ee8bc6522054fe69dbfda6b91902c16af1ec2e043cde27bc6c29ad8176
493ba40d-7955-4072-aa40-a14ad5fbca0f,8075307d-a6f9-482a-a9f6-ec09b2ada36d,2314011091796,ean13,true,open_dataset,0.7,open-food-facts-csv:2026-09-08:sha256=f72687ee8bc6522054fe69dbfda6b91902c16af1ec2e043cde27bc6c29ad8176
eea1a2ef-cc4b-4654-b812-be52d3ec41a3,e9fd6cb8-b7dd-4b8d-9993-d4e7dcc7d52a,2503894038503,ean13,true,open_dataset,0.7,open-food-facts-csv:2026-09-08:sha256=f72687ee8bc6522054fe69dbfda6b91902c16af1ec2e043cde27bc6c29ad8176
60328503-efbe-4705-8404-13730454e1b8,818f9702-fc9a-48d4-8105-679195c0fbbb,3222476926821,ean13,true,open_dataset,0.7,open-food-facts-csv:2026-09-08:sha256=f72687ee8bc6522054fe69dbfda6b91902c16af1ec2e043cde27bc6c29ad8176
bd2f7d10-c9e5-4956-88bd-9927ce69912c,15636bca-1768-481e-9401-1963cf6426e7,3248650186294,ean13,true,open_dataset,0.7,open-food-facts-csv:2026-09-08:sha256=f72687ee8bc6522054fe69dbfda6b91902c16af1ec2e043cde27bc6c29ad8176
c38dd6ab-14b3-4bef-9e84-654253c94434,6523a3a8-2e58-44a8-9640-c0b74f5fff63,3350031631283,ean13,true,open_dataset,0.7,open-food-facts-csv:2026-09-08:sha256=f72687ee8bc6522054fe69dbfda6b91902c16af1ec2e043cde27bc6c29ad8176
e3ddc17c-70eb-4a61-8a9f-50fc7e166f32,08f9b432-29d2-4c4c-ad28-25019395b771,3492390013413,ean13,true,open_dataset,0.7,open-food-facts-csv:2026-09-08:sha256=f72687ee8bc6522054fe69dbfda6b91902c16af1ec2e043cde27bc6c29ad8176
a6c0dc8c-62c0-4493-b1c3-3ac916c385aa,8327cfb4-5ceb-4a09-a6ff-2b76d256f455,3747127361443,ean13,true,open_dataset,0.7,open-food-facts-csv:2026-09-08:sha256=f72687ee8bc6522054fe69dbfda6b91902c16af1ec2e043cde27bc6c29ad8176
f7e9d2c2-b989-43a8-b367-b34fc5043159,9e8ad3ed-6968-4d5e-af45-f61b7c8010a5,4068261049820,ean13,true,open_dataset,0.7,open-food-facts-csv:2026-09-08:sha256=f72687ee8bc6522054fe69dbfda6b91902c16af1ec2e043cde27bc6c29ad8176
3c695410-8a66-4085-bd07-1e0b1ee6e722,cd26d300-3088-4337-b538-a7d5b8ab0044,4716009773505,ean13,true,open_dataset,0.7,open-food-facts-csv:2026-09-08:sha256=f72687ee8bc6522054fe69dbfda6b91902c16af1ec2e043cde27bc6c29ad8176
4a3290f2-5280-458f-adbe-0e938945a2bb,5b36ecd9-c911-47a6-8a9d-68c493438c19,4751001582595,ean13,true,open_dataset,0.7,open-food-facts-csv:2026-09-08:sha256=f72687ee8bc6522054fe69dbfda6b91902c16af1ec2e043cde27bc6c29ad8176
138e71b3-a7d0-4fc5-9e2f-c1373f7311cd,6674232f-2159-419d-9f2b-9c1b9fb7aae4,4897036691953,ean13,true,open_dataset,0.7,open-food-facts-csv:2026-09-08:sha256=f72687ee8bc6522054fe69dbfda6b91902c16af1ec2e043cde27bc6c29ad8176
2f15fbc2-0888-4dde-a16d-4b7f7b132480,47dfa97d-54b4-4dda-8fa0-897f67dd3bee,5285002192204,ean13,true,open_dataset,0.7,open-food-facts-csv:2026-09-08:sha256=f72687ee8bc6522054fe69dbfda6b91902c16af1ec2e043cde27bc6c29ad8176
33393342-1c31-4141-a1b4-7a9585788d17,568a483c-48d8-4fae-9f35-8e1975837486,5704279880084,ean13,true,open_dataset,0.7,open-food-facts-csv:2026-09-08:sha256=f72687ee8bc6522054fe69dbfda6b91902c16af1ec2e043cde27bc6c29ad8176
93c88f8f-811e-407a-bedd-c46ed85d6561,cee72af4-469e-487a-b07e-8d5de0b85e98,5707402063590,ean13,true,open_dataset,0.7,open-food-facts-csv:2026-09-08:sha256=f72687ee8bc6522054fe69dbfda6b91902c16af1ec2e043cde27bc6c29ad8176
d13f01ac-06ce-4620-bdca-b1318a2fa726,4fe97b8b-4098-4ab0-826f-bc575b39303b,5906750800295,ean13,true,open_dataset,0.7,open-food-facts-csv:2026-09-08:sha256=f72687ee8bc6522054fe69dbfda6b91902c16af1ec2e043cde27bc6c29ad8176
6b70b6a2-5ab0-453d-8c8a-137a1ef77e3e,8e35fb93-5360-4ddf-a77f-837a26cdaa88,5906974015727,ean13,true,open_dataset,0.7,open-food-facts-csv:2026-09-08:sha256=f72687ee8bc6522054fe69dbfda6b91902c16af1ec2e043cde27bc6c29ad8176
5ced5f5f-fb59-4abf-8384-5d096d735e1e,4a82c2dd-9394-482d-975e-537814708d29,5907517809308,ean13,true,open_dataset,0.7,open-food-facts-csv:2026-09-08:sha256=f72687ee8bc6522054fe69dbfda6b91902c16af1ec2e043cde27bc6c29ad8176
8094803e-7ef9-4fe5-b914-caefaddb9ba4,2e96d2fe-a853-4e2b-9009-3eaea6921353,7024777112929,ean13,true,open_dataset,0.7,open-food-facts-csv:2026-09-08:sha256=f72687ee8bc6522054fe69dbfda6b91902c16af1ec2e043cde27bc6c29ad8176
113bab92-ab48-47c5-a2f1-971f8c7f052f,b130dbac-6d29-4832-9db3-f277b01063bf,7101307968581,ean13,true,open_dataset,0.7,open-food-facts-csv:2026-09-08:sha256=f72687ee8bc6522054fe69dbfda6b91902c16af1ec2e043cde27bc6c29ad8176
5c31b63a-d109-47c0-a6a9-1c124b683166,23a520d5-37fa-4a81-9a21-a3b9fe82b9bf,7102007218303,ean13,true,open_dataset,0.7,open-food-facts-csv:2026-09-08:sha256=f72687ee8bc6522054fe69dbfda6b91902c16af1ec2e043cde27bc6c29ad8176
7fc42db7-6896-4743-9a31-326e3a52668f,827bcf28-6ae2-4c96-85bc-ed8e98ca7ecf,74227808,ean8,true,open_dataset,0.7,open-food-facts-csv:2026-09-08:sha256=f72687ee8bc6522054fe69dbfda6b91902c16af1ec2e043cde27bc6c29ad8176
ce87a1fe-2684-4323-a5ac-f77dd452b65e,9c686346-a12a-4688-b0be-606be8177e8b,7441001609893,ean13,true,open_dataset,0.7,open-food-facts-csv:2026-09-08:sha256=f72687ee8bc6522054fe69dbfda6b91902c16af1ec2e043cde27bc6c29ad8176
15586828-f12f-469c-a2cc-ee3575ce0f45,d69c0942-3729-4f92-b112-59ca3febb777,7500810001295,ean13,true,open_dataset,0.7,open-food-facts-csv:2026-09-08:sha256=f72687ee8bc6522054fe69dbfda6b91902c16af1ec2e043cde27bc6c29ad8176
11851b34-4bd3-4ab7-8732-3c5b33b43216,8f7e5970-6383-4141-abce-5ea5738e51b0,7500810001301,ean13,true,open_dataset,0.7,open-food-facts-csv:2026-09-08:sha256=f72687ee8bc6522054fe69dbfda6b91902c16af1ec2e043cde27bc6c29ad8176
64d9de04-5881-492d-a884-387442ac573e,9d8c40c2-0f2d-4ab2-b401-8cdf518366e3,7501006559002,ean13,true,open_dataset,0.7,open-food-facts-csv:2026-09-08:sha256=f72687ee8bc6522054fe69dbfda6b91902c16af1ec2e043cde27bc6c29ad8176
bc257ff8-8fc7-4686-af27-4b6f002d6b5c,6bc83316-2349-44ab-9483-9a8a55c1ff5f,7501006559026,ean13,true,open_dataset,0.7,open-food-facts-csv:2026-09-08:sha256=f72687ee8bc6522054fe69dbfda6b91902c16af1ec2e043cde27bc6c29ad8176
02dcdb73-d1c2-4dc7-8472-e64be554d8e2,8cd8b43c-87c0-4276-a271-5e478d90ca97,7501008012376,ean13,true,open_dataset,0.7,open-food-facts-csv:2026-09-08:sha256=f72687ee8bc6522054fe69dbfda6b91902c16af1ec2e043cde27bc6c29ad8176
5cabdb14-4e76-49a1-b490-26a05fd6e69d,919bc3cd-1543-444f-ab09-eb364b04762a,7501008075364,ean13,true,open_dataset,0.7,open-food-facts-csv:2026-09-08:sha256=f72687ee8bc6522054fe69dbfda6b91902c16af1ec2e043cde27bc6c29ad8176
1b96642c-71fc-4e82-a4c2-3e5c30e85bc3,a5c5c2d2-882c-4373-995b-c4762e41405f,7501058626424,ean13,true,open_dataset,0.7,open-food-facts-csv:2026-09-08:sha256=f72687ee8bc6522054fe69dbfda6b91902c16af1ec2e043cde27bc6c29ad8176
e7efc133-95b7-455b-bec4-de22e2a9e05b,eeee188c-240a-4d57-a8e6-7ded37c576f6,7501058637710,ean13,true,open_dataset,0.7,open-food-facts-csv:2026-09-08:sha256=f72687ee8bc6522054fe69dbfda6b91902c16af1ec2e043cde27bc6c29ad8176
df2ea71d-9ea7-4ce2-8455-5c2d4573e68d,b62d0697-72b4-481e-a9a2-2f77ef309501,7501059275539,ean13,true,open_dataset,0.7,open-food-facts-csv:2026-09-08:sha256=f72687ee8bc6522054fe69dbfda6b91902c16af1ec2e043cde27bc6c29ad8176
0ebccff6-a87b-4e39-9cb4-35730649fc9e,44c10005-b67a-480d-89b6-c345c15b64f4,7501059284470,ean13,true,open_dataset,0.7,open-food-facts-csv:2026-09-08:sha256=f72687ee8bc6522054fe69dbfda6b91902c16af1ec2e043cde27bc6c29ad8176
04bee1b7-8e2d-40c0-8b57-ee65c53a9b37,e3e07e84-2b86-480c-a065-e48aa8f7e137,7501639309821,ean13,true,open_dataset,0.7,open-food-facts-csv:2026-09-08:sha256=f72687ee8bc6522054fe69dbfda6b91902c16af1ec2e043cde27bc6c29ad8176
9666d06d-e5e3-4826-ab42-d313f9636175,86bbfd11-179b-4640-a140-3f1ad881f257,7501639309838,ean13,true,open_dataset,0.7,open-food-facts-csv:2026-09-08:sha256=f72687ee8bc6522054fe69dbfda6b91902c16af1ec2e043cde27bc6c29ad8176
0ace3e5b-2576-4f1a-9323-22f65c755a25,b6b8d429-73ac-4223-9cd1-3bdd9b296881,7502246442376,ean13,true,open_dataset,0.7,open-food-facts-csv:2026-09-08:sha256=f72687ee8bc6522054fe69dbfda6b91902c16af1ec2e043cde27bc6c29ad8176
f8dccb4c-279e-4c9a-82c9-2af1512b0480,5ae82004-f79a-43fd-9190-ff3bb54aaf52,7502316493284,ean13,true,open_dataset,0.7,open-food-facts-csv:2026-09-08:sha256=f72687ee8bc6522054fe69dbfda6b91902c16af1ec2e043cde27bc6c29ad8176
9c2b3d45-d949-4a33-9df2-f6c4b1dfa536,57a8aabc-9350-4f04-802f-f9d200367830,75027988,ean8,true,open_dataset,0.7,open-food-facts-csv:2026-09-08:sha256=f72687ee8bc6522054fe69dbfda6b91902c16af1ec2e043cde27bc6c29ad8176
7e8bc4ab-f5aa-4e5f-a541-e9e460abc5ea,e705b5e0-d485-4655-b9aa-309f7583c3e9,7506105606053,ean13,true,open_dataset,0.7,open-food-facts-csv:2026-09-08:sha256=f72687ee8bc6522054fe69dbfda6b91902c16af1ec2e043cde27bc6c29ad8176
aaf32e46-b4db-43f0-9e0e-f87e30e49baf,e7ec28a5-20e5-484a-afec-cbe333b11a0a,7506105606077,ean13,true,open_dataset,0.7,open-food-facts-csv:2026-09-08:sha256=f72687ee8bc6522054fe69dbfda6b91902c16af1ec2e043cde27bc6c29ad8176
e578c26d-6459-43dd-a599-fe296e9abb17,019f1982-956a-4493-bfa0-5daa7dba6cf4,7590011151110,ean13,true,open_dataset,0.7,open-food-facts-csv:2026-09-08:sha256=f72687ee8bc6522054fe69dbfda6b91902c16af1ec2e043cde27bc6c29ad8176
35aab112-8528-40ee-ad26-c7de1b7a2a6c,c1129a81-81a3-4539-8446-f280d305932d,7590011251100,ean13,true,open_dataset,0.7,open-food-facts-csv:2026-09-08:sha256=f72687ee8bc6522054fe69dbfda6b91902c16af1ec2e043cde27bc6c29ad8176
87f1f9c4-0237-4695-9e8c-3abf3cbda2cf,9c00dc2e-6864-41d5-a309-83df980a5d17,7613030979456,ean13,true,open_dataset,0.7,open-food-facts-csv:2026-09-08:sha256=f72687ee8bc6522054fe69dbfda6b91902c16af1ec2e043cde27bc6c29ad8176
9d102184-8b36-4fc7-b8a6-4ab792313a9c,58ce9bfe-cbf2-45a2-b9be-deddcf255e40,7613031154111,ean13,true,open_dataset,0.7,open-food-facts-csv:2026-09-08:sha256=f72687ee8bc6522054fe69dbfda6b91902c16af1ec2e043cde27bc6c29ad8176
d6ecbd82-d37a-427a-8aff-0d87c938a686,09386c91-180c-4553-a910-0dae83f158dc,7613033972720,ean13,true,open_dataset,0.7,open-food-facts-csv:2026-09-08:sha256=f72687ee8bc6522054fe69dbfda6b91902c16af1ec2e043cde27bc6c29ad8176
46712461-807c-486e-ad72-2ee8e3eef116,d0623604-f222-486b-a832-4fc38fcd7f55,7613034648808,ean13,true,open_dataset,0.7,open-food-facts-csv:2026-09-08:sha256=f72687ee8bc6522054fe69dbfda6b91902c16af1ec2e043cde27bc6c29ad8176
0fb9cfbd-a074-439c-ba50-de76cc453992,338bfb75-c203-4bb2-ae63-fcd052b9b27b,7613287354952,ean13,true,open_dataset,0.7,open-food-facts-csv:2026-09-08:sha256=f72687ee8bc6522054fe69dbfda6b91902c16af1ec2e043cde27bc6c29ad8176
80c9acc0-ed4d-4204-b09f-423852fbd6a7,16d9be05-0b2b-4e86-82b3-48ba90a4e3f4,7622201389895,ean13,true,open_dataset,0.7,open-food-facts-csv:2026-09-08:sha256=f72687ee8bc6522054fe69dbfda6b91902c16af1ec2e043cde27bc6c29ad8176
caef5d82-9a76-4844-8192-47d7af86f861,5f0806ad-39f5-4ce0-8517-f9d4e7a4f456,7622201720063,ean13,true,open_dataset,0.7,open-food-facts-csv:2026-09-08:sha256=f72687ee8bc6522054fe69dbfda6b91902c16af1ec2e043cde27bc6c29ad8176
ef97412c-03ec-480b-b56a-505d74b47be4,2a1e6210-6cbb-4888-8de3-824b6d2e79f7,7622201776459,ean13,true,open_dataset,0.7,open-food-facts-csv:2026-09-08:sha256=f72687ee8bc6522054fe69dbfda6b91902c16af1ec2e043cde27bc6c29ad8176
c273944b-962b-40e0-b1ad-00b2fce4f70f,c249de31-1f30-4cc0-9ad7-24cfde77a9ca,7622201801229,ean13,true,open_dataset,0.7,open-food-facts-csv:2026-09-08:sha256=f72687ee8bc6522054fe69dbfda6b91902c16af1ec2e043cde27bc6c29ad8176
faa1d774-aa68-4ff1-ab0b-3b183f901a81,8311dbca-f49a-44d0-ba45-9b8631e38c40,7622210427045,ean13,true,open_dataset,0.7,open-food-facts-csv:2026-09-08:sha256=f72687ee8bc6522054fe69dbfda6b91902c16af1ec2e043cde27bc6c29ad8176
a14b03b3-2aba-48bb-a60b-8c120c9165f9,fc42bf20-42f7-4706-b25d-a27ff99e97cd,7622210633842,ean13,true,open_dataset,0.7,open-food-facts-csv:2026-09-08:sha256=f72687ee8bc6522054fe69dbfda6b91902c16af1ec2e043cde27bc6c29ad8176
af58e09b-f70e-4de4-bb9c-841839e4c9b5,c7b4d360-7e7c-4bda-8427-cdc9b8c8e65a,7622210666024,ean13,true,open_dataset,0.7,open-food-facts-csv:2026-09-08:sha256=f72687ee8bc6522054fe69dbfda6b91902c16af1ec2e043cde27bc6c29ad8176
12106db5-fc8e-4d65-98f4-fa7e8c662631,691c4e14-0c16-42c7-8bac-3529712fb56c,7622210854209,ean13,true,open_dataset,0.7,open-food-facts-csv:2026-09-08:sha256=f72687ee8bc6522054fe69dbfda6b91902c16af1ec2e043cde27bc6c29ad8176
1545d53b-d7e4-488c-98fb-f07c07bafd9f,46ffff1f-27d8-46d4-a167-740f3e161fca,7622300116521,ean13,true,open_dataset,0.7,open-food-facts-csv:2026-09-08:sha256=f72687ee8bc6522054fe69dbfda6b91902c16af1ec2e043cde27bc6c29ad8176
a378cd3e-2583-4243-8132-34c1fae8fe59,9e1930dc-2712-42c8-9b9d-ed537d0dd4fb,7622300117184,ean13,true,open_dataset,0.7,open-food-facts-csv:2026-09-08:sha256=f72687ee8bc6522054fe69dbfda6b91902c16af1ec2e043cde27bc6c29ad8176
bfdfe420-7589-4aea-a503-f030dddc3bca,9bad4193-2773-425d-bf00-593bf0d211a0,7622300117207,ean13,true,open_dataset,0.7,open-food-facts-csv:2026-09-08:sha256=f72687ee8bc6522054fe69dbfda6b91902c16af1ec2e043cde27bc6c29ad8176
74ae8a1f-dbbc-492d-b1f0-05bfe7b364f7,ca9d5483-1ae2-4966-adfc-0316a2bab83c,7622300124526,ean13,true,open_dataset,0.7,open-food-facts-csv:2026-09-08:sha256=f72687ee8bc6522054fe69dbfda6b91902c16af1ec2e043cde27bc6c29ad8176
2fb17f86-3516-42b3-a92e-016888d29f92,46a68318-7bf0-4583-84c1-a7f08efa7509,7622300212230,ean13,true,open_dataset,0.7,open-food-facts-csv:2026-09-08:sha256=f72687ee8bc6522054fe69dbfda6b91902c16af1ec2e043cde27bc6c29ad8176
1a3ceaa2-26a4-4af2-9362-35b29c6d6348,fe4bf068-47db-4f2e-a989-e836b571c0c2,7622300258061,ean13,true,open_dataset,0.7,open-food-facts-csv:2026-09-08:sha256=f72687ee8bc6522054fe69dbfda6b91902c16af1ec2e043cde27bc6c29ad8176
5a56dd78-c061-47ec-904f-6045d5dedda3,76da509b-3158-4f37-a577-16adb86c6638,7622300758943,ean13,true,open_dataset,0.7,open-food-facts-csv:2026-09-08:sha256=f72687ee8bc6522054fe69dbfda6b91902c16af1ec2e043cde27bc6c29ad8176
c5f53b1c-b3aa-44f3-8acf-ad715aa3dbbe,df5e465d-bb72-4b43-aab7-e2b6259b4b66,7700025002074,ean13,true,open_dataset,0.7,open-food-facts-csv:2026-09-08:sha256=f72687ee8bc6522054fe69dbfda6b91902c16af1ec2e043cde27bc6c29ad8176
6ddb3365-32fd-4b11-b404-b66c6eea8f51,6c2f66a9-864c-46d9-98e0-743c54d47eae,7700304000906,ean13,true,open_dataset,0.7,open-food-facts-csv:2026-09-08:sha256=f72687ee8bc6522054fe69dbfda6b91902c16af1ec2e043cde27bc6c29ad8176
9e3d4864-6d0b-41e6-8bee-5abd032edb04,cc91811a-8f80-40b0-9905-b334482adc44,7700304011285,ean13,true,open_dataset,0.7,open-food-facts-csv:2026-09-08:sha256=f72687ee8bc6522054fe69dbfda6b91902c16af1ec2e043cde27bc6c29ad8176
0ead5885-9ad1-4335-ae3d-f09bc7791fcc,7b431d87-ebc7-43fc-89af-d88c7d42384a,7700304029631,ean13,true,open_dataset,0.7,open-food-facts-csv:2026-09-08:sha256=f72687ee8bc6522054fe69dbfda6b91902c16af1ec2e043cde27bc6c29ad8176
18424342-8a2e-4401-98d5-b67f7e1d754a,549ca6a2-9efa-4e38-8256-3609d28e437c,7700304067688,ean13,true,open_dataset,0.7,open-food-facts-csv:2026-09-08:sha256=f72687ee8bc6522054fe69dbfda6b91902c16af1ec2e043cde27bc6c29ad8176
77b5584a-ba87-4ce0-8fad-3bcba7bb08bc,82201bb9-3d5e-4372-8bd4-0ed43ecd6117,7700304070107,ean13,true,open_dataset,0.7,open-food-facts-csv:2026-09-08:sha256=f72687ee8bc6522054fe69dbfda6b91902c16af1ec2e043cde27bc6c29ad8176
3ba33c5e-6bc5-4135-a921-c847ec5ac7af,dc8e6920-2f7d-44db-8b2f-dcf377d07b49,7700304070169,ean13,true,open_dataset,0.7,open-food-facts-csv:2026-09-08:sha256=f72687ee8bc6522054fe69dbfda6b91902c16af1ec2e043cde27bc6c29ad8176
e53bae00-1100-4764-a647-7dc0df83e084,966832e8-c85a-462c-9e15-6d0f0e8b9367,7700304082513,ean13,true,open_dataset,0.7,open-food-facts-csv:2026-09-08:sha256=f72687ee8bc6522054fe69dbfda6b91902c16af1ec2e043cde27bc6c29ad8176
b12bd6f6-e9eb-49bf-ad6f-6ac14ed71e57,bb140e95-7078-4665-8bae-13fe768008f8,7700304084159,ean13,true,open_dataset,0.7,open-food-facts-csv:2026-09-08:sha256=f72687ee8bc6522054fe69dbfda6b91902c16af1ec2e043cde27bc6c29ad8176
f5043bae-ce3a-415b-b2d5-f3446eb82006,e69d0254-b328-4dcd-a1d3-9e53d3602543,7700304086481,ean13,true,open_dataset,0.7,open-food-facts-csv:2026-09-08:sha256=f72687ee8bc6522054fe69dbfda6b91902c16af1ec2e043cde27bc6c29ad8176
5fd48164-c609-495b-909d-c5d53b0b27c3,6446fd2d-9863-42b5-bc2c-704a83cc23c5,7700304095032,ean13,true,open_dataset,0.7,open-food-facts-csv:2026-09-08:sha256=f72687ee8bc6522054fe69dbfda6b91902c16af1ec2e043cde27bc6c29ad8176
06dfd3f3-ee5e-436f-8bb2-1f42355eb116,f0ebd622-bc63-4b57-a00d-685ea245da7a,7700304105809,ean13,true,open_dataset,0.7,open-food-facts-csv:2026-09-08:sha256=f72687ee8bc6522054fe69dbfda6b91902c16af1ec2e043cde27bc6c29ad8176
828af1c3-064d-4d64-9bf6-8c97e5d5c462,f5ebc4a5-bf14-4785-9012-1fab2a32d0f9,7700304109722,ean13,true,open_dataset,0.7,open-food-facts-csv:2026-09-08:sha256=f72687ee8bc6522054fe69dbfda6b91902c16af1ec2e043cde27bc6c29ad8176
74bfb910-0a62-4566-8598-05e49698a08e,3b68cd90-f804-4c5d-aec4-a0e28678a3b9,7700304112609,ean13,true,open_dataset,0.7,open-food-facts-csv:2026-09-08:sha256=f72687ee8bc6522054fe69dbfda6b91902c16af1ec2e043cde27bc6c29ad8176
d87adc37-d7da-4052-b89f-fb2beff3a364,103aeebb-ad1b-4a1e-8666-88ed5a36fc12,7700304165162,ean13,true,open_dataset,0.7,open-food-facts-csv:2026-09-08:sha256=f72687ee8bc6522054fe69dbfda6b91902c16af1ec2e043cde27bc6c29ad8176
5ca21345-6489-422f-aed7-7061fed1b1a6,be64f4bd-f5c0-47bb-b61f-739c40d33e75,7700304185368,ean13,true,open_dataset,0.7,open-food-facts-csv:2026-09-08:sha256=f72687ee8bc6522054fe69dbfda6b91902c16af1ec2e043cde27bc6c29ad8176
bfebdf39-8884-42d3-8105-d9a7fc56357b,383e081c-9f2d-44cc-b720-293c2a373938,7700304189731,ean13,true,open_dataset,0.7,open-food-facts-csv:2026-09-08:sha256=f72687ee8bc6522054fe69dbfda6b91902c16af1ec2e043cde27bc6c29ad8176
d5e0e80b-014b-4fa0-ab32-6c365a6d3a06,46ebb2c5-955d-4eeb-90fd-00234efe1811,7700304199686,ean13,true,open_dataset,0.7,open-food-facts-csv:2026-09-08:sha256=f72687ee8bc6522054fe69dbfda6b91902c16af1ec2e043cde27bc6c29ad8176
9b5562ce-b2f9-4019-90fb-b26c4a433856,602cef5f-384c-4c5e-839f-0aa9706a8733,7700304202294,ean13,true,open_dataset,0.7,open-food-facts-csv:2026-09-08:sha256=f72687ee8bc6522054fe69dbfda6b91902c16af1ec2e043cde27bc6c29ad8176
53fcb1f8-90fa-48e3-9091-c52261521cc6,3b5b6181-581c-4e38-b951-db15d8a70124,7700304205998,ean13,true,open_dataset,0.7,open-food-facts-csv:2026-09-08:sha256=f72687ee8bc6522054fe69dbfda6b91902c16af1ec2e043cde27bc6c29ad8176
6a5d8141-57a1-421d-94f1-4e7caf41048a,9620f396-858b-494f-bbb2-241b672e0397,7700304229697,ean13,true,open_dataset,0.7,open-food-facts-csv:2026-09-08:sha256=f72687ee8bc6522054fe69dbfda6b91902c16af1ec2e043cde27bc6c29ad8176
88aae6d3-8b0f-4e58-b184-ea763f0d631a,f3f4ca5e-a4e9-46d8-bc15-9bc7e3ee1017,7700304239436,ean13,true,open_dataset,0.7,open-food-facts-csv:2026-09-08:sha256=f72687ee8bc6522054fe69dbfda6b91902c16af1ec2e043cde27bc6c29ad8176
364d15d1-fac9-45dc-8624-62803fc709c9,6aad9f1f-6246-44be-a87a-c785bcc07cde,7700304249718,ean13,true,open_dataset,0.7,open-food-facts-csv:2026-09-08:sha256=f72687ee8bc6522054fe69dbfda6b91902c16af1ec2e043cde27bc6c29ad8176
eb308750-6a9d-466c-9487-94a60d610b65,3a4cef12-4e55-4521-b1de-d55261859ef6,7700304265374,ean13,true,open_dataset,0.7,open-food-facts-csv:2026-09-08:sha256=f72687ee8bc6522054fe69dbfda6b91902c16af1ec2e043cde27bc6c29ad8176
140aa143-71f4-4714-aa54-23899cd8e009,72318599-69d9-4745-8aeb-65f3dba5bd79,7700304275687,ean13,true,open_dataset,0.7,open-food-facts-csv:2026-09-08:sha256=f72687ee8bc6522054fe69dbfda6b91902c16af1ec2e043cde27bc6c29ad8176
fb5ff2fb-619e-4dde-a9c3-eaca2d3ee066,469e21ed-4419-440a-b071-69ee2d590fc3,7700304281770,ean13,true,open_dataset,0.7,open-food-facts-csv:2026-09-08:sha256=f72687ee8bc6522054fe69dbfda6b91902c16af1ec2e043cde27bc6c29ad8176
585245fb-b976-4ac9-b5e7-7f0745f0300c,54d3a700-7313-47de-bb50-871200595f72,7700304289882,ean13,true,open_dataset,0.7,open-food-facts-csv:2026-09-08:sha256=f72687ee8bc6522054fe69dbfda6b91902c16af1ec2e043cde27bc6c29ad8176
083bb50a-6009-48ca-94d5-02bca5ef9751,1f09dd0c-db52-41e3-a937-12c9ef5fbea0,7700304297245,ean13,true,open_dataset,0.7,open-food-facts-csv:2026-09-08:sha256=f72687ee8bc6522054fe69dbfda6b91902c16af1ec2e043cde27bc6c29ad8176
f7f985f8-002e-4629-8210-61b45a379b4e,545309c1-115a-4ab5-b0d8-46c881e9a7d1,7700304336289,ean13,true,open_dataset,0.7,open-food-facts-csv:2026-09-08:sha256=f72687ee8bc6522054fe69dbfda6b91902c16af1ec2e043cde27bc6c29ad8176
a0b07a58-a315-4184-95e9-88fc9dd2d1ae,9b1ee9e1-4e6a-499a-8675-3f7ecae32af0,7700304349395,ean13,true,open_dataset,0.7,open-food-facts-csv:2026-09-08:sha256=f72687ee8bc6522054fe69dbfda6b91902c16af1ec2e043cde27bc6c29ad8176
09a80187-0ca0-471b-9eed-3f4cdbf0e30a,75cb03b8-fb95-4e28-b871-d0f9dd0efa53,7700304356058,ean13,true,open_dataset,0.7,open-food-facts-csv:2026-09-08:sha256=f72687ee8bc6522054fe69dbfda6b91902c16af1ec2e043cde27bc6c29ad8176
fb8e829f-9082-4605-b443-078d126f218b,018b2cf1-eea2-45e6-8cef-daa8dd069bdd,7700304360604,ean13,true,open_dataset,0.7,open-food-facts-csv:2026-09-08:sha256=f72687ee8bc6522054fe69dbfda6b91902c16af1ec2e043cde27bc6c29ad8176
2cedf372-e8e8-4676-91dc-07fa29dcf85a,edc39f7a-8474-4bf8-9557-0767a1c780fb,7700304364725,ean13,true,open_dataset,0.7,open-food-facts-csv:2026-09-08:sha256=f72687ee8bc6522054fe69dbfda6b91902c16af1ec2e043cde27bc6c29ad8176
5a35fdf8-120f-4f14-beff-2282b2091b0c,650eca49-8411-4507-9662-eb20f465588f,7700304375318,ean13,true,open_dataset,0.7,open-food-facts-csv:2026-09-08:sha256=f72687ee8bc6522054fe69dbfda6b91902c16af1ec2e043cde27bc6c29ad8176
4f878989-dae5-4073-bada-a2d900ee9bcc,38d94bdf-d762-4727-a5e5-d15b6aa0b376,7700304378074,ean13,true,open_dataset,0.7,open-food-facts-csv:2026-09-08:sha256=f72687ee8bc6522054fe69dbfda6b91902c16af1ec2e043cde27bc6c29ad8176
46fa1408-c48e-4aee-8135-7f1b19520d9a,5883156c-3da8-4d0c-aed8-b377646da1e9,7700304379989,ean13,true,open_dataset,0.7,open-food-facts-csv:2026-09-08:sha256=f72687ee8bc6522054fe69dbfda6b91902c16af1ec2e043cde27bc6c29ad8176
4aabcee3-5a7d-46bf-ae9c-1c682bec6a62,cf6051fc-995a-4d96-a596-27e0a8371367,7700304387687,ean13,true,open_dataset,0.7,open-food-facts-csv:2026-09-08:sha256=f72687ee8bc6522054fe69dbfda6b91902c16af1ec2e043cde27bc6c29ad8176
9e95c884-6ab7-44e8-9a95-448033b0090c,51fbab26-6655-4d03-9765-a0203ddc478a,7700304396139,ean13,true,open_dataset,0.7,open-food-facts-csv:2026-09-08:sha256=f72687ee8bc6522054fe69dbfda6b91902c16af1ec2e043cde27bc6c29ad8176
56d8fc34-4b52-489c-b06f-61b6e6e7f7bd,c1b0cd87-0e98-49ff-bf78-4823a8906abd,7700304407965,ean13,true,open_dataset,0.7,open-food-facts-csv:2026-09-08:sha256=f72687ee8bc6522054fe69dbfda6b91902c16af1ec2e043cde27bc6c29ad8176
876fc21b-1535-44d0-914f-9209be0426fb,3dbf61b4-bddc-4044-a127-49c8629e1da8,7700304422920,ean13,true,open_dataset,0.7,open-food-facts-csv:2026-09-08:sha256=f72687ee8bc6522054fe69dbfda6b91902c16af1ec2e043cde27bc6c29ad8176
7703442b-419a-4e33-b09a-d6fe8a0248ba,8b63fdf2-6669-43d5-a5ac-ecc8fbbf1f35,7700304471683,ean13,true,open_dataset,0.7,open-food-facts-csv:2026-09-08:sha256=f72687ee8bc6522054fe69dbfda6b91902c16af1ec2e043cde27bc6c29ad8176
bef14809-ef46-46f8-953a-eef86234d342,dcb14469-1b0f-47b9-b1fb-35aa843317e5,7700304472123,ean13,true,open_dataset,0.7,open-food-facts-csv:2026-09-08:sha256=f72687ee8bc6522054fe69dbfda6b91902c16af1ec2e043cde27bc6c29ad8176
024e7627-09b5-494b-a4ec-4725330926c7,47be9b93-3e9c-4f62-aff4-89dad1a617f6,7700304483266,ean13,true,open_dataset,0.7,open-food-facts-csv:2026-09-08:sha256=f72687ee8bc6522054fe69dbfda6b91902c16af1ec2e043cde27bc6c29ad8176
4f4a7b56-aaee-4232-a39b-b1df3b3ba1b2,1d421c33-5d08-41ef-af78-fa38d2b65b79,7700304490134,ean13,true,open_dataset,0.7,open-food-facts-csv:2026-09-08:sha256=f72687ee8bc6522054fe69dbfda6b91902c16af1ec2e043cde27bc6c29ad8176
b7073290-a7e9-487e-820d-a7d3cf2e3b6d,a847c125-fa38-4029-a30e-4a8123694a5c,7700304530601,ean13,true,open_dataset,0.7,open-food-facts-csv:2026-09-08:sha256=f72687ee8bc6522054fe69dbfda6b91902c16af1ec2e043cde27bc6c29ad8176
e0d37930-da54-4ca1-845d-8987419a57b9,ab169d0a-2826-455e-9704-dbca60040163,7700304530724,ean13,true,open_dataset,0.7,open-food-facts-csv:2026-09-08:sha256=f72687ee8bc6522054fe69dbfda6b91902c16af1ec2e043cde27bc6c29ad8176
596518d0-a745-4f3a-a664-b2f5b4fbb5af,d4d93828-3eb4-4e92-9307-034aa79cd3e4,7700304535392,ean13,true,open_dataset,0.7,open-food-facts-csv:2026-09-08:sha256=f72687ee8bc6522054fe69dbfda6b91902c16af1ec2e043cde27bc6c29ad8176
c74f2f0e-d02d-443a-ae6a-6d0ab22f46a0,5692bb4e-ff8e-4202-9624-76203d12ae9a,7700304538645,ean13,true,open_dataset,0.7,open-food-facts-csv:2026-09-08:sha256=f72687ee8bc6522054fe69dbfda6b91902c16af1ec2e043cde27bc6c29ad8176
53743006-2ca7-446d-9889-271db725ad59,98c352e7-4b83-498f-89bb-6427b5c34899,7700304562879,ean13,true,open_dataset,0.7,open-food-facts-csv:2026-09-08:sha256=f72687ee8bc6522054fe69dbfda6b91902c16af1ec2e043cde27bc6c29ad8176
7f7d8e16-3280-45f3-9f24-10ba4b7bba5f,764ef394-25c5-47c4-9686-3fd1fb0a82a1,7700304573622,ean13,true,open_dataset,0.7,open-food-facts-csv:2026-09-08:sha256=f72687ee8bc6522054fe69dbfda6b91902c16af1ec2e043cde27bc6c29ad8176
c74d787d-f358-4b91-b1b0-77b7fed63c01,efd8bf5c-13f5-48b6-8699-20003fdd56ad,7700304582914,ean13,true,open_dataset,0.7,open-food-facts-csv:2026-09-08:sha256=f72687ee8bc6522054fe69dbfda6b91902c16af1ec2e043cde27bc6c29ad8176
ce426fbc-be2a-49de-bc27-b1d0e59ca020,4da614d0-7c1c-4bb8-9c43-f695a4fc467d,7700304627561,ean13,true,open_dataset,0.7,open-food-facts-csv:2026-09-08:sha256=f72687ee8bc6522054fe69dbfda6b91902c16af1ec2e043cde27bc6c29ad8176
07599423-be84-4db5-bda3-81232ce2b0cc,8aae9a09-d6eb-47b0-ad50-dfd91432b1bf,7700304640843,ean13,true,open_dataset,0.7,open-food-facts-csv:2026-09-08:sha256=f72687ee8bc6522054fe69dbfda6b91902c16af1ec2e043cde27bc6c29ad8176
810bc311-97ab-449b-ba9d-b5c6cad73e7a,cb562ed2-8df9-4b57-822c-a4eb87c3387e,7700304646586,ean13,true,open_dataset,0.7,open-food-facts-csv:2026-09-08:sha256=f72687ee8bc6522054fe69dbfda6b91902c16af1ec2e043cde27bc6c29ad8176
003aac79-d79b-4d79-bc22-47fe3a933e7e,ce8c2dec-fdb2-40e6-90a9-a845e05b5228,7700304652532,ean13,true,open_dataset,0.7,open-food-facts-csv:2026-09-08:sha256=f72687ee8bc6522054fe69dbfda6b91902c16af1ec2e043cde27bc6c29ad8176
3420e728-76b0-4216-82f6-219193fd2ee9,047c15a9-d036-494c-94b5-492817e8b753,7700304666058,ean13,true,open_dataset,0.7,open-food-facts-csv:2026-09-08:sha256=f72687ee8bc6522054fe69dbfda6b91902c16af1ec2e043cde27bc6c29ad8176
d6138564-e506-4edf-8387-94875ff5f07a,7d5cf07b-bca7-45c6-9c09-e3083ed250b4,7700304708017,ean13,true,open_dataset,0.7,open-food-facts-csv:2026-09-08:sha256=f72687ee8bc6522054fe69dbfda6b91902c16af1ec2e043cde27bc6c29ad8176
1e0ecc9d-ef93-45db-ae8f-eda059809fd2,61e96122-da97-410e-b4ea-874f18d9e5f6,7700304711130,ean13,true,open_dataset,0.7,open-food-facts-csv:2026-09-08:sha256=f72687ee8bc6522054fe69dbfda6b91902c16af1ec2e043cde27bc6c29ad8176
d29fd494-9a26-4882-be80-68b148521b80,e2bc5fa4-963a-4fcc-991d-148b39cc8579,7700304716753,ean13,true,open_dataset,0.7,open-food-facts-csv:2026-09-08:sha256=f72687ee8bc6522054fe69dbfda6b91902c16af1ec2e043cde27bc6c29ad8176
44126116-cadf-4eca-9850-0412ebfc0021,e8db9f65-1a92-4553-bd77-f7e50f769284,7700304740529,ean13,true,open_dataset,0.7,open-food-facts-csv:2026-09-08:sha256=f72687ee8bc6522054fe69dbfda6b91902c16af1ec2e043cde27bc6c29ad8176
1cbf073a-2722-4476-8796-d2dcca1a8869,b8ad5efd-c032-41a7-8c83-d7dfb526f4f4,7700304750788,ean13,true,open_dataset,0.7,open-food-facts-csv:2026-09-08:sha256=f72687ee8bc6522054fe69dbfda6b91902c16af1ec2e043cde27bc6c29ad8176
c696c26f-a1ba-486d-8434-888dcf274b1e,916ab892-d131-4355-8b83-b2e83b875d21,7700304751891,ean13,true,open_dataset,0.7,open-food-facts-csv:2026-09-08:sha256=f72687ee8bc6522054fe69dbfda6b91902c16af1ec2e043cde27bc6c29ad8176
5ef2700b-d315-4e62-acc8-f50cb5674e81,91753cdd-91a6-487d-844f-20bdc4328c95,7700304787951,ean13,true,open_dataset,0.7,open-food-facts-csv:2026-09-08:sha256=f72687ee8bc6522054fe69dbfda6b91902c16af1ec2e043cde27bc6c29ad8176
decced6f-1978-4a68-a8f3-8f45bf70d6e8,332e1f5b-88ac-4aa4-9035-af6e88f38ffe,7700304802609,ean13,true,open_dataset,0.7,open-food-facts-csv:2026-09-08:sha256=f72687ee8bc6522054fe69dbfda6b91902c16af1ec2e043cde27bc6c29ad8176
8ea25dd0-e4a1-4875-a868-c8aa7f03b82e,e362a4f9-1d04-40b0-8889-b9a8bc8e1443,7700304814640,ean13,true,open_dataset,0.7,open-food-facts-csv:2026-09-08:sha256=f72687ee8bc6522054fe69dbfda6b91902c16af1ec2e043cde27bc6c29ad8176
a8467f00-0f28-4ad8-a6bc-903630f01a7b,421cec58-b98a-4934-9765-3093fe4a8e46,7700304817573,ean13,true,open_dataset,0.7,open-food-facts-csv:2026-09-08:sha256=f72687ee8bc6522054fe69dbfda6b91902c16af1ec2e043cde27bc6c29ad8176
a8695bb3-fa2f-4425-a75d-915fc49dd8e2,a0744f95-51d4-4a48-b018-faead997a6ee,7700304853724,ean13,true,open_dataset,0.7,open-food-facts-csv:2026-09-08:sha256=f72687ee8bc6522054fe69dbfda6b91902c16af1ec2e043cde27bc6c29ad8176
b90342e0-7b0c-4832-8792-2f9785ba2221,eb37fc03-58a8-45cf-913d-696eb12d9765,7700304881031,ean13,true,open_dataset,0.7,open-food-facts-csv:2026-09-08:sha256=f72687ee8bc6522054fe69dbfda6b91902c16af1ec2e043cde27bc6c29ad8176
dddb226a-ac3f-41c5-914e-bfcc50a91a3d,6aeea4d5-d740-497f-b747-2ad85644c441,7700304886708,ean13,true,open_dataset,0.7,open-food-facts-csv:2026-09-08:sha256=f72687ee8bc6522054fe69dbfda6b91902c16af1ec2e043cde27bc6c29ad8176
c3d45599-923f-4706-bfe3-ef4f27cccc32,0f3a082c-5c01-4e30-88bb-3fb0eda6a3f1,7700304905539,ean13,true,open_dataset,0.7,open-food-facts-csv:2026-09-08:sha256=f72687ee8bc6522054fe69dbfda6b91902c16af1ec2e043cde27bc6c29ad8176
bb2c5652-2597-43c7-82de-13adcd3dfca7,4f54ead0-cd0f-4ff8-989b-fff012d931e0,7700304942213,ean13,true,open_dataset,0.7,open-food-facts-csv:2026-09-08:sha256=f72687ee8bc6522054fe69dbfda6b91902c16af1ec2e043cde27bc6c29ad8176
c503bfa8-9294-45f3-a0c6-199ed25a986c,19977427-bab1-4f73-bb02-ed02c8140483,7700304944446,ean13,true,open_dataset,0.7,open-food-facts-csv:2026-09-08:sha256=f72687ee8bc6522054fe69dbfda6b91902c16af1ec2e043cde27bc6c29ad8176
053ff906-95f5-496f-8870-c636f4a7ad72,efb4d924-c1e1-4c17-acb2-01c81a95056f,7700304986682,ean13,true,open_dataset,0.7,open-food-facts-csv:2026-09-08:sha256=f72687ee8bc6522054fe69dbfda6b91902c16af1ec2e043cde27bc6c29ad8176
43937fc4-e71d-4cc7-bfb8-5a1879b3f370,17faf4db-0c47-45ea-a862-14e04c0b66db,7700304989812,ean13,true,open_dataset,0.7,open-food-facts-csv:2026-09-08:sha256=f72687ee8bc6522054fe69dbfda6b91902c16af1ec2e043cde27bc6c29ad8176
cdc807d8-43d1-4593-9849-16d24855ee3d,64940900-5954-4bff-bda3-41be912309a0,7700304999866,ean13,true,open_dataset,0.7,open-food-facts-csv:2026-09-08:sha256=f72687ee8bc6522054fe69dbfda6b91902c16af1ec2e043cde27bc6c29ad8176
76bd900d-5e74-47b3-a80d-cf4aef626f2e,68752f38-8bef-4500-9c81-5d765808794c,7700540998531,ean13,true,open_dataset,0.7,open-food-facts-csv:2026-09-08:sha256=f72687ee8bc6522054fe69dbfda6b91902c16af1ec2e043cde27bc6c29ad8176
3420c918-8e01-402f-a391-04a38af75238,9c4a8c4b-5497-49f9-af3d-b23e968c7ac0,7700591060546,ean13,true,open_dataset,0.7,open-food-facts-csv:2026-09-08:sha256=f72687ee8bc6522054fe69dbfda6b91902c16af1ec2e043cde27bc6c29ad8176
d9a2c11a-03f2-4848-892e-ed5872d2ede5,6e1ae2e0-0dc7-4738-bb6f-2f65c0130a29,7700591062137,ean13,true,open_dataset,0.7,open-food-facts-csv:2026-09-08:sha256=f72687ee8bc6522054fe69dbfda6b91902c16af1ec2e043cde27bc6c29ad8176
e2118be5-dc6e-4b46-a57e-44659972e565,92365320-f484-445d-9519-5145f1ee0155,7700591070101,ean13,true,open_dataset,0.7,open-food-facts-csv:2026-09-08:sha256=f72687ee8bc6522054fe69dbfda6b91902c16af1ec2e043cde27bc6c29ad8176
becee02f-1b98-4a0d-a4be-69bcb39ac619,8736917b-2a4e-46af-a6eb-c3205744bea9,7700591593006,ean13,true,open_dataset,0.7,open-food-facts-csv:2026-09-08:sha256=f72687ee8bc6522054fe69dbfda6b91902c16af1ec2e043cde27bc6c29ad8176
eeda5c5e-3137-4aee-a0a3-69aee5067163,103a9704-d011-4f90-ad7a-80ecef6feada,7700600372493,ean13,true,open_dataset,0.7,open-food-facts-csv:2026-09-08:sha256=f72687ee8bc6522054fe69dbfda6b91902c16af1ec2e043cde27bc6c29ad8176
1df4bd6b-417f-4e3e-8ef6-38c03b8ab712,76638e4d-0524-411b-8751-f29acdd5fcce,7700604039767,ean13,true,open_dataset,0.7,open-food-facts-csv:2026-09-08:sha256=f72687ee8bc6522054fe69dbfda6b91902c16af1ec2e043cde27bc6c29ad8176
60d2b5d3-0372-4e19-975c-ef53f72dd68c,0a6ff68d-be42-4e5f-897e-f6bab022903a,7700604042842,ean13,true,open_dataset,0.7,open-food-facts-csv:2026-09-08:sha256=f72687ee8bc6522054fe69dbfda6b91902c16af1ec2e043cde27bc6c29ad8176
cf3953c2-2cb8-40f8-ac5f-6d9986594db5,bce95699-0283-4721-b2ba-345e63e42065,7700604049223,ean13,true,open_dataset,0.7,open-food-facts-csv:2026-09-08:sha256=f72687ee8bc6522054fe69dbfda6b91902c16af1ec2e043cde27bc6c29ad8176
0150bcd3-ecd5-4a46-acd2-7fd5aafb1b51,a4313d19-1f3d-437d-a6b9-a04bf6ad3c09,7700604051851,ean13,true,open_dataset,0.7,open-food-facts-csv:2026-09-08:sha256=f72687ee8bc6522054fe69dbfda6b91902c16af1ec2e043cde27bc6c29ad8176
83c6323e-8a04-4a09-a372-97e05cf7f572,f4c10d72-a80b-43b8-b898-a5cff35299ba,7700618020454,ean13,true,open_dataset,0.7,open-food-facts-csv:2026-09-08:sha256=f72687ee8bc6522054fe69dbfda6b91902c16af1ec2e043cde27bc6c29ad8176
8cceb034-a0bb-45c1-b195-415c316ab98f,af4c3069-3edc-4d09-9d2f-1cf636aa4231,7700619980207,ean13,true,open_dataset,0.7,open-food-facts-csv:2026-09-08:sha256=f72687ee8bc6522054fe69dbfda6b91902c16af1ec2e043cde27bc6c29ad8176
a3b8e5dd-a0fb-47ba-a42b-1ecdf821fbcc,485e9b56-469a-434d-a0b3-4bfe3344f6b3,7700798036139,ean13,true,open_dataset,0.7,open-food-facts-csv:2026-09-08:sha256=f72687ee8bc6522054fe69dbfda6b91902c16af1ec2e043cde27bc6c29ad8176
2f9fa5ac-3a1b-4b69-9f06-df3fa96a1037,d49b0846-c91d-443b-aa7b-d42f2a4a3b4c,7700798036849,ean13,true,open_dataset,0.7,open-food-facts-csv:2026-09-08:sha256=f72687ee8bc6522054fe69dbfda6b91902c16af1ec2e043cde27bc6c29ad8176
d4d8bbc9-be4a-4683-8d48-08fa776a9418,73214efa-0192-40ee-9f15-31682dd41118,7701001071091,ean13,true,open_dataset,0.7,open-food-facts-csv:2026-09-08:sha256=f72687ee8bc6522054fe69dbfda6b91902c16af1ec2e043cde27bc6c29ad8176
a54a651f-fab9-4cbc-b9dc-be5fd0d292e9,96c546fc-ebf3-47d0-bf16-6d0b84e448c6,7701001079240,ean13,true,open_dataset,0.7,open-food-facts-csv:2026-09-08:sha256=f72687ee8bc6522054fe69dbfda6b91902c16af1ec2e043cde27bc6c29ad8176
5c1dba5e-4a5e-4140-ae5c-fe7e27e2da3f,64857792-98e1-4962-b6f5-f7dbf19c68c8,7701001079264,ean13,true,open_dataset,0.7,open-food-facts-csv:2026-09-08:sha256=f72687ee8bc6522054fe69dbfda6b91902c16af1ec2e043cde27bc6c29ad8176
f0949276-ae5e-4d67-989b-80cb6dae574f,ef30b827-8168-43a8-af4b-ce0023f48fd1,7701001079639,ean13,true,open_dataset,0.7,open-food-facts-csv:2026-09-08:sha256=f72687ee8bc6522054fe69dbfda6b91902c16af1ec2e043cde27bc6c29ad8176
04795803-b780-49a7-b208-7c8c4feb5706,767ce1c5-30e5-4801-bc26-c84a7f245d4a,7701001088679,ean13,true,open_dataset,0.7,open-food-facts-csv:2026-09-08:sha256=f72687ee8bc6522054fe69dbfda6b91902c16af1ec2e043cde27bc6c29ad8176
f6320351-b04b-4460-9f1f-4d6e967dcd75,a6132e97-544a-4b8e-92a1-c1629bf516c6,7701001090221,ean13,true,open_dataset,0.7,open-food-facts-csv:2026-09-08:sha256=f72687ee8bc6522054fe69dbfda6b91902c16af1ec2e043cde27bc6c29ad8176
e0397b63-cdbb-4beb-b101-f8a6d850c523,a4bf602f-b8a3-4ae7-8e96-9c99615a7d00,7701001092515,ean13,true,open_dataset,0.7,open-food-facts-csv:2026-09-08:sha256=f72687ee8bc6522054fe69dbfda6b91902c16af1ec2e043cde27bc6c29ad8176
578cb3da-d0ad-46f5-a4fe-c4336751e41e,329fa93b-2b4e-488d-a786-b5552c921c96,7701001093086,ean13,true,open_dataset,0.7,open-food-facts-csv:2026-09-08:sha256=f72687ee8bc6522054fe69dbfda6b91902c16af1ec2e043cde27bc6c29ad8176
822a3596-ed07-4027-b31d-01a69860fa6f,0a04681b-07cc-491e-b54a-eb13d937ea83,7701001097459,ean13,true,open_dataset,0.7,open-food-facts-csv:2026-09-08:sha256=f72687ee8bc6522054fe69dbfda6b91902c16af1ec2e043cde27bc6c29ad8176
1ddc95c1-57b1-4e34-9d2e-3cbfb04c8525,ded9f986-b719-4a7b-ad0d-75cb98e0eec4,7701001642390,ean13,true,open_dataset,0.7,open-food-facts-csv:2026-09-08:sha256=f72687ee8bc6522054fe69dbfda6b91902c16af1ec2e043cde27bc6c29ad8176
beb5a7a2-c218-466b-8c59-4d8b57d1c532,ceeee5a4-fa3f-4386-aef9-3dd6285090cf,7701001648439,ean13,true,open_dataset,0.7,open-food-facts-csv:2026-09-08:sha256=f72687ee8bc6522054fe69dbfda6b91902c16af1ec2e043cde27bc6c29ad8176
1f706168-4239-47f7-ba53-12059ad12a1c,5b9743f2-667d-4ec3-ac8f-0c150f07a2d5,7701001652979,ean13,true,open_dataset,0.7,open-food-facts-csv:2026-09-08:sha256=f72687ee8bc6522054fe69dbfda6b91902c16af1ec2e043cde27bc6c29ad8176
a69a4ef0-3f01-4c4e-9f45-5425fe68e644,59d1a64b-a957-45a7-9ec0-4804c7d27466,7701001661414,ean13,true,open_dataset,0.7,open-food-facts-csv:2026-09-08:sha256=f72687ee8bc6522054fe69dbfda6b91902c16af1ec2e043cde27bc6c29ad8176
a612436b-9c5f-4c70-b2ec-97b8f98c5142,0b5f19bc-e38f-437d-b509-9ec156f36258,7701001662244,ean13,true,open_dataset,0.7,open-food-facts-csv:2026-09-08:sha256=f72687ee8bc6522054fe69dbfda6b91902c16af1ec2e043cde27bc6c29ad8176
5b8bed2f-02f1-48b7-b347-5dd018c22cd5,af0d13d0-7680-43d2-8f8e-c1c14031fe23,7701001682495,ean13,true,open_dataset,0.7,open-food-facts-csv:2026-09-08:sha256=f72687ee8bc6522054fe69dbfda6b91902c16af1ec2e043cde27bc6c29ad8176
28d21d0b-4358-48bf-81f4-b152a1690c29,a6edbfdf-a728-4425-aaaf-a3d64480ee92,7701001687995,ean13,true,open_dataset,0.7,open-food-facts-csv:2026-09-08:sha256=f72687ee8bc6522054fe69dbfda6b91902c16af1ec2e043cde27bc6c29ad8176
51f927a4-90f2-4eea-8a16-cb41a9b8c19a,de6c2126-9c99-4dea-8ca3-e0248445cae5,7701001736419,ean13,true,open_dataset,0.7,open-food-facts-csv:2026-09-08:sha256=f72687ee8bc6522054fe69dbfda6b91902c16af1ec2e043cde27bc6c29ad8176
c9a6eea7-c370-45f1-bdc0-44589a63c1f0,a28cd646-27d1-49ab-8f90-7f9fcf95463d,7701001767963,ean13,true,open_dataset,0.7,open-food-facts-csv:2026-09-08:sha256=f72687ee8bc6522054fe69dbfda6b91902c16af1ec2e043cde27bc6c29ad8176
10dfc028-ac88-4f25-8d1c-9a0c6cc2ecb2,1d570d8f-dbde-4a7c-a576-650ff72544d8,7701001768489,ean13,true,open_dataset,0.7,open-food-facts-csv:2026-09-08:sha256=f72687ee8bc6522054fe69dbfda6b91902c16af1ec2e043cde27bc6c29ad8176
917a3aea-75e8-47ec-91c3-17fa9c41670a,70eccba7-dae5-47f8-91d0-b2d16cdf87a8,7701001773551,ean13,true,open_dataset,0.7,open-food-facts-csv:2026-09-08:sha256=f72687ee8bc6522054fe69dbfda6b91902c16af1ec2e043cde27bc6c29ad8176
4e8acfa4-f839-4850-b961-f66313f63cd8,a0a29027-6c97-4932-8350-a7c4830c5a4d,7701001788227,ean13,true,open_dataset,0.7,open-food-facts-csv:2026-09-08:sha256=f72687ee8bc6522054fe69dbfda6b91902c16af1ec2e043cde27bc6c29ad8176
1a429f2a-fa4d-4246-8298-b8d5eeabb35a,b72a887f-a9fc-4ace-ab71-265973bd4343,7701001799247,ean13,true,open_dataset,0.7,open-food-facts-csv:2026-09-08:sha256=f72687ee8bc6522054fe69dbfda6b91902c16af1ec2e043cde27bc6c29ad8176
8faa7cba-abc1-4317-95b4-12a9f64099be,f95858a2-06b3-47cd-b314-27959388ba94,7701001841915,ean13,true,open_dataset,0.7,open-food-facts-csv:2026-09-08:sha256=f72687ee8bc6522054fe69dbfda6b91902c16af1ec2e043cde27bc6c29ad8176
5f711dcb-57fc-4fcf-b1f2-07b9cc0c22f1,94ae04a8-b3c7-4bb3-a130-1988f54d794f,7701001844497,ean13,true,open_dataset,0.7,open-food-facts-csv:2026-09-08:sha256=f72687ee8bc6522054fe69dbfda6b91902c16af1ec2e043cde27bc6c29ad8176
6c81fad6-bd56-4cb3-b4bb-ab6d58f8dfb6,380ddac3-dc39-48f9-bdce-f725c7890688,7701001915876,ean13,true,open_dataset,0.7,open-food-facts-csv:2026-09-08:sha256=f72687ee8bc6522054fe69dbfda6b91902c16af1ec2e043cde27bc6c29ad8176
145f8ab3-8232-4acf-a62b-cf94307bb06e,bf21a683-0aa4-4606-93c7-0a5cf1295049,7701001920818,ean13,true,open_dataset,0.7,open-food-facts-csv:2026-09-08:sha256=f72687ee8bc6522054fe69dbfda6b91902c16af1ec2e043cde27bc6c29ad8176
2a531340-d4b8-479b-be7e-39eeecf0799f,c0df88b4-af17-4feb-af06-b993b6454332,7701001925974,ean13,true,open_dataset,0.7,open-food-facts-csv:2026-09-08:sha256=f72687ee8bc6522054fe69dbfda6b91902c16af1ec2e043cde27bc6c29ad8176
a558282b-751e-4ff1-b4ad-3f74ad6243f7,196ec2da-e4a1-440d-9b5f-50435bb8df4e,7701001962344,ean13,true,open_dataset,0.7,open-food-facts-csv:2026-09-08:sha256=f72687ee8bc6522054fe69dbfda6b91902c16af1ec2e043cde27bc6c29ad8176
efefa65d-04c4-4eaf-b5d7-2f6bbb85bddc,cb4ed71d-8230-478c-b4da-8fa3ce5873a4,7701002010860,ean13,true,open_dataset,0.7,open-food-facts-csv:2026-09-08:sha256=f72687ee8bc6522054fe69dbfda6b91902c16af1ec2e043cde27bc6c29ad8176
03bcfc57-8664-41c5-8133-75c86180e4d0,979bb304-11df-46fb-9f7d-038cebdb56fc,7701002046944,ean13,true,open_dataset,0.7,open-food-facts-csv:2026-09-08:sha256=f72687ee8bc6522054fe69dbfda6b91902c16af1ec2e043cde27bc6c29ad8176
fe29808d-a0c2-44fb-9394-051a841877c2,b9c2e8d5-71ff-4e41-83b9-e64e3c2fb618,7701002085271,ean13,true,open_dataset,0.7,open-food-facts-csv:2026-09-08:sha256=f72687ee8bc6522054fe69dbfda6b91902c16af1ec2e043cde27bc6c29ad8176
2a5d184d-3def-45ec-a0e1-79c7b6dc7ba7,0d8808b7-2d8c-42b9-ad49-3801639599a2,7701008012493,ean13,true,open_dataset,0.7,open-food-facts-csv:2026-09-08:sha256=f72687ee8bc6522054fe69dbfda6b91902c16af1ec2e043cde27bc6c29ad8176
f430aed7-5109-490f-9029-0afbe11c3005,1ee807c5-13c6-4833-987c-3ce480f58e8e,7701008505629,ean13,true,open_dataset,0.7,open-food-facts-csv:2026-09-08:sha256=f72687ee8bc6522054fe69dbfda6b91902c16af1ec2e043cde27bc6c29ad8176
2ee6c75e-5996-40a1-a7b3-4d6f5976e56a,c13b972f-37da-4805-9b2e-84a26bbc1252,7701008505636,ean13,true,open_dataset,0.7,open-food-facts-csv:2026-09-08:sha256=f72687ee8bc6522054fe69dbfda6b91902c16af1ec2e043cde27bc6c29ad8176
139677aa-9f78-4710-bb0c-c51310894688,af59df4d-18a1-463d-8145-8a6899800e43,7701008597389,ean13,true,open_dataset,0.7,open-food-facts-csv:2026-09-08:sha256=f72687ee8bc6522054fe69dbfda6b91902c16af1ec2e043cde27bc6c29ad8176
67f2de07-9a3e-4d7e-aa0b-2ee32efda392,20aa2e38-06ec-43ef-a6d6-593f30a14e5a,7701008625372,ean13,true,open_dataset,0.7,open-food-facts-csv:2026-09-08:sha256=f72687ee8bc6522054fe69dbfda6b91902c16af1ec2e043cde27bc6c29ad8176
771f0208-8239-420a-b6a4-e9e956cefcd5,19626d7c-bd0b-40a1-a402-c68957d728d6,7701008628274,ean13,true,open_dataset,0.7,open-food-facts-csv:2026-09-08:sha256=f72687ee8bc6522054fe69dbfda6b91902c16af1ec2e043cde27bc6c29ad8176
ebc5bf58-2b16-4a1e-af89-bf3ea9be3a48,d7d0216f-07aa-473f-ac85-91d3685e3cfe,7701008628779,ean13,true,open_dataset,0.7,open-food-facts-csv:2026-09-08:sha256=f72687ee8bc6522054fe69dbfda6b91902c16af1ec2e043cde27bc6c29ad8176
cb08c81d-33b0-4425-8c6c-bf951e2ef10d,e8a431ff-76fd-49ba-86b8-9bad45dae1d3,7701008629240,ean13,true,open_dataset,0.7,open-food-facts-csv:2026-09-08:sha256=f72687ee8bc6522054fe69dbfda6b91902c16af1ec2e043cde27bc6c29ad8176
879d45c9-5dcb-403c-938a-25b1d7ec4258,e91e08d2-4bc1-42c4-8ba2-a192dc4d6626,7701008838062,ean13,true,open_dataset,0.7,open-food-facts-csv:2026-09-08:sha256=f72687ee8bc6522054fe69dbfda6b91902c16af1ec2e043cde27bc6c29ad8176
59bdcc86-b5e2-4114-9fdb-c37ececa9171,312a6fdb-bfe4-4b4f-97d8-fbcd1de54e2f,7701009129350,ean13,true,open_dataset,0.7,open-food-facts-csv:2026-09-08:sha256=f72687ee8bc6522054fe69dbfda6b91902c16af1ec2e043cde27bc6c29ad8176
7c8df5fd-7959-4067-9832-17a7122a9b66,54e99009-d2c8-46d9-9491-675d419c71ea,7701009132947,ean13,true,open_dataset,0.7,open-food-facts-csv:2026-09-08:sha256=f72687ee8bc6522054fe69dbfda6b91902c16af1ec2e043cde27bc6c29ad8176
27e0fb43-7b4e-4115-af49-69a8411e372d,55fc05c5-db91-4b78-bcc0-b8291d3db998,77010148,ean8,true,open_dataset,0.7,open-food-facts-csv:2026-09-08:sha256=f72687ee8bc6522054fe69dbfda6b91902c16af1ec2e043cde27bc6c29ad8176
3c634f2d-e3ad-4a13-b4d0-1f22ba28ac3d,7fb5237d-8f35-4b19-b4b4-b891f6c55860,7701018006932,ean13,true,open_dataset,0.7,open-food-facts-csv:2026-09-08:sha256=f72687ee8bc6522054fe69dbfda6b91902c16af1ec2e043cde27bc6c29ad8176
ee520681-a7a5-4d72-b21c-687aa47cc0e9,38455310-69af-4c8b-baf6-d21c73cb1a26,7701023414050,ean13,true,open_dataset,0.7,open-food-facts-csv:2026-09-08:sha256=f72687ee8bc6522054fe69dbfda6b91902c16af1ec2e043cde27bc6c29ad8176
a70e30ba-80b4-455b-936a-4a5917f253f4,1d534e55-cfcd-4f8d-a4bd-65aa34f05b8b,7701023539241,ean13,true,open_dataset,0.7,open-food-facts-csv:2026-09-08:sha256=f72687ee8bc6522054fe69dbfda6b91902c16af1ec2e043cde27bc6c29ad8176
0d189ea0-9292-4263-a02e-d01e0a77cc55,03ee7270-650b-47d7-b9b8-63bfa56ccaf3,7701023603454,ean13,true,open_dataset,0.7,open-food-facts-csv:2026-09-08:sha256=f72687ee8bc6522054fe69dbfda6b91902c16af1ec2e043cde27bc6c29ad8176
c53986d8-1123-404f-bd88-67edee938c47,4c4d2820-7aea-43e3-82ab-5d8f26d8bbca,7701101242049,ean13,true,open_dataset,0.7,open-food-facts-csv:2026-09-08:sha256=f72687ee8bc6522054fe69dbfda6b91902c16af1ec2e043cde27bc6c29ad8176
38dbe0c1-5d17-4193-8eff-e040462d01a8,3ad9ff5b-74fa-4391-87ac-b3a2398446b6,7701101247266,ean13,true,open_dataset,0.7,open-food-facts-csv:2026-09-08:sha256=f72687ee8bc6522054fe69dbfda6b91902c16af1ec2e043cde27bc6c29ad8176
2d7f25f3-9efc-4cd5-abc6-ab247981010f,876919ac-367c-4535-be58-78b34c7fbac1,7701101247488,ean13,true,open_dataset,0.7,open-food-facts-csv:2026-09-08:sha256=f72687ee8bc6522054fe69dbfda6b91902c16af1ec2e043cde27bc6c29ad8176
5faffc1e-f3e9-4e2b-b87c-63af45f2aaa7,125f627a-ab2d-4609-ae3b-5a1083c1bfc4,7701101280645,ean13,true,open_dataset,0.7,open-food-facts-csv:2026-09-08:sha256=f72687ee8bc6522054fe69dbfda6b91902c16af1ec2e043cde27bc6c29ad8176
ca4486c9-113b-4ac8-b07e-36dc36674796,a0c42edb-c880-4ed7-8f98-fa0ec88e5b39,7701101356081,ean13,true,open_dataset,0.7,open-food-facts-csv:2026-09-08:sha256=f72687ee8bc6522054fe69dbfda6b91902c16af1ec2e043cde27bc6c29ad8176
fe3a43ed-73cf-42d8-a457-9f92a2465f84,7acfca0b-3ac8-4dc8-aa5d-81c4e4ce2695,7701101356180,ean13,true,open_dataset,0.7,open-food-facts-csv:2026-09-08:sha256=f72687ee8bc6522054fe69dbfda6b91902c16af1ec2e043cde27bc6c29ad8176
26c56cde-5c45-426d-85f0-27a07bff6fdd,32a16c69-7355-4b6b-a4ff-cacc121ea8f8,7701101356234,ean13,true,open_dataset,0.7,open-food-facts-csv:2026-09-08:sha256=f72687ee8bc6522054fe69dbfda6b91902c16af1ec2e043cde27bc6c29ad8176
fd3d0d30-d1e3-4567-ba7d-a06a1aef135c,27d2b597-7143-446e-bacc-9f901ca00f8e,7701101358009,ean13,true,open_dataset,0.7,open-food-facts-csv:2026-09-08:sha256=f72687ee8bc6522054fe69dbfda6b91902c16af1ec2e043cde27bc6c29ad8176
92ab531a-d8b2-4888-84ed-10500dd723e2,763e3c8d-890e-493a-95fb-2e37f752726c,7701101358061,ean13,true,open_dataset,0.7,open-food-facts-csv:2026-09-08:sha256=f72687ee8bc6522054fe69dbfda6b91902c16af1ec2e043cde27bc6c29ad8176
5e867fde-d761-42c5-9cfe-c350fe76cc5d,eda09f41-e3a9-49e4-bf41-af37ef78c3f4,7701101358139,ean13,true,open_dataset,0.7,open-food-facts-csv:2026-09-08:sha256=f72687ee8bc6522054fe69dbfda6b91902c16af1ec2e043cde27bc6c29ad8176
666d5094-fe81-40ff-8988-7f4ea5b6ea10,4aed96c4-ee8c-4790-8ab1-757c3f2f9425,7701101358207,ean13,true,open_dataset,0.7,open-food-facts-csv:2026-09-08:sha256=f72687ee8bc6522054fe69dbfda6b91902c16af1ec2e043cde27bc6c29ad8176
1e1c5c10-0414-4db1-a9dd-cfd1be765cbe,78508177-dbb9-4bd4-8955-6b6195a2aac1,7701101359594,ean13,true,open_dataset,0.7,open-food-facts-csv:2026-09-08:sha256=f72687ee8bc6522054fe69dbfda6b91902c16af1ec2e043cde27bc6c29ad8176
4685072c-b303-4efe-9359-c744ca105fac,c3bb4ed4-6246-4223-a736-882a4fe35981,7701101361443,ean13,true,open_dataset,0.7,open-food-facts-csv:2026-09-08:sha256=f72687ee8bc6522054fe69dbfda6b91902c16af1ec2e043cde27bc6c29ad8176
a1cb5cb4-1415-401a-9684-63b043332f94,e7141c4d-a252-45ed-bec7-50aa869443f9,7701362009610,ean13,true,open_dataset,0.7,open-food-facts-csv:2026-09-08:sha256=f72687ee8bc6522054fe69dbfda6b91902c16af1ec2e043cde27bc6c29ad8176
f709ae93-f55a-4071-ac97-22d105fa12d7,8709a789-a8b5-4681-a7e8-809c5cac5995,7701362014881,ean13,true,open_dataset,0.7,open-food-facts-csv:2026-09-08:sha256=f72687ee8bc6522054fe69dbfda6b91902c16af1ec2e043cde27bc6c29ad8176
f7c50364-3d77-487d-bab2-e35ec90f8748,b45eab68-ae4c-40c5-b613-b3159a77d31f,7701362014904,ean13,true,open_dataset,0.7,open-food-facts-csv:2026-09-08:sha256=f72687ee8bc6522054fe69dbfda6b91902c16af1ec2e043cde27bc6c29ad8176
1b6fb883-901d-47de-8ef6-d2848d3d3948,eef62b32-e37e-4348-93d7-8753aa1cdb21,7701961015258,ean13,true,open_dataset,0.7,open-food-facts-csv:2026-09-08:sha256=f72687ee8bc6522054fe69dbfda6b91902c16af1ec2e043cde27bc6c29ad8176
90e06bdf-fc51-45aa-a490-cb6653684254,b25eca2a-28ee-4889-8a8c-6e5ebaa03eb7,7702001011308,ean13,true,open_dataset,0.7,open-food-facts-csv:2026-09-08:sha256=f72687ee8bc6522054fe69dbfda6b91902c16af1ec2e043cde27bc6c29ad8176
a15a8dc2-4cd9-42b0-9d2f-8a53c83fdd9b,f353964e-becf-4c45-af80-c1a69ce467d8,7702001011452,ean13,true,open_dataset,0.7,open-food-facts-csv:2026-09-08:sha256=f72687ee8bc6522054fe69dbfda6b91902c16af1ec2e043cde27bc6c29ad8176
d5299ad1-a453-4e0e-9a52-09f97fd547e5,46998487-e94e-43bb-998f-81dab7031e78,7702001044450,ean13,true,open_dataset,0.7,open-food-facts-csv:2026-09-08:sha256=f72687ee8bc6522054fe69dbfda6b91902c16af1ec2e043cde27bc6c29ad8176
48fe85b5-7b4a-4a60-9114-43f3bb7b3c81,bf3dbf44-2aec-4bef-9b3e-2d7795ed01d5,7702001047178,ean13,true,open_dataset,0.7,open-food-facts-csv:2026-09-08:sha256=f72687ee8bc6522054fe69dbfda6b91902c16af1ec2e043cde27bc6c29ad8176
383d2345-e914-4cfc-a51c-1832e02e6eea,780884ae-7c41-42cb-bd8f-09c564f81417,7702001048076,ean13,true,open_dataset,0.7,open-food-facts-csv:2026-09-08:sha256=f72687ee8bc6522054fe69dbfda6b91902c16af1ec2e043cde27bc6c29ad8176
052c92a4-bc30-4bc1-83bb-f8fa165dc12a,a6a1125d-fbfb-4a0e-a4b4-e4be89e65280,7702001049097,ean13,true,open_dataset,0.7,open-food-facts-csv:2026-09-08:sha256=f72687ee8bc6522054fe69dbfda6b91902c16af1ec2e043cde27bc6c29ad8176
10232b12-9c9e-4c77-9b44-30db4eae0782,61e2a90b-df23-4967-9996-0cfedcb53c45,7702001050147,ean13,true,open_dataset,0.7,open-food-facts-csv:2026-09-08:sha256=f72687ee8bc6522054fe69dbfda6b91902c16af1ec2e043cde27bc6c29ad8176
583039e4-a04a-4d20-bc9d-c2dfbb79ce81,2313b80b-4827-4799-9767-f1d225d6fd81,7702001086023,ean13,true,open_dataset,0.7,open-food-facts-csv:2026-09-08:sha256=f72687ee8bc6522054fe69dbfda6b91902c16af1ec2e043cde27bc6c29ad8176
b716c49e-f6ec-4c14-88f6-f5e0e82daaa2,02c21b1a-dcd7-4899-84cc-e6bf4efbd8f3,7702001100057,ean13,true,open_dataset,0.7,open-food-facts-csv:2026-09-08:sha256=f72687ee8bc6522054fe69dbfda6b91902c16af1ec2e043cde27bc6c29ad8176
70705371-b1c5-468f-a26d-f01e1f981af2,f5499b6f-d89d-4af9-867c-89ce8d34783a,7702001114054,ean13,true,open_dataset,0.7,open-food-facts-csv:2026-09-08:sha256=f72687ee8bc6522054fe69dbfda6b91902c16af1ec2e043cde27bc6c29ad8176
bdffef49-37bc-41ea-baeb-9ea2a96efe99,f16189ac-cdd6-427c-a78a-73ab1b52e901,7702001121755,ean13,true,open_dataset,0.7,open-food-facts-csv:2026-09-08:sha256=f72687ee8bc6522054fe69dbfda6b91902c16af1ec2e043cde27bc6c29ad8176
27aa0ffe-6049-4275-8477-ac5c53dd8dfa,0767cae7-a173-4e06-93c8-7dd81cb15126,7702001124763,ean13,true,open_dataset,0.7,open-food-facts-csv:2026-09-08:sha256=f72687ee8bc6522054fe69dbfda6b91902c16af1ec2e043cde27bc6c29ad8176
d44b77a0-0ced-4a72-b934-aab92b4a82bd,30d13faa-6a39-4b16-84df-662df2cb223b,7702001148523,ean13,true,open_dataset,0.7,open-food-facts-csv:2026-09-08:sha256=f72687ee8bc6522054fe69dbfda6b91902c16af1ec2e043cde27bc6c29ad8176
e28485ff-b964-400f-a68b-4009bd30d6cd,abaaccca-91e3-4f29-9d03-9d958aa6876e,7702001148561,ean13,true,open_dataset,0.7,open-food-facts-csv:2026-09-08:sha256=f72687ee8bc6522054fe69dbfda6b91902c16af1ec2e043cde27bc6c29ad8176
1484f249-22ef-4b7b-9c45-d6bc0a82fec3,fa504918-d390-43ed-ad58-c7922be4afe2,7702001157280,ean13,true,open_dataset,0.7,open-food-facts-csv:2026-09-08:sha256=f72687ee8bc6522054fe69dbfda6b91902c16af1ec2e043cde27bc6c29ad8176
f97ba451-351c-4782-b498-e896105fe7ca,ae9860ba-ca0b-4af8-a2af-903d42c0e503,7702001161287,ean13,true,open_dataset,0.7,open-food-facts-csv:2026-09-08:sha256=f72687ee8bc6522054fe69dbfda6b91902c16af1ec2e043cde27bc6c29ad8176
c67d341a-d3a9-41e9-94c9-9173b8ba991c,06344002-8d44-4925-8d96-950b710db6b6,7702001162543,ean13,true,open_dataset,0.7,open-food-facts-csv:2026-09-08:sha256=f72687ee8bc6522054fe69dbfda6b91902c16af1ec2e043cde27bc6c29ad8176
c000276b-bc6c-44cc-8be1-4e7b18c41bc4,af17bfb2-1f10-4ead-9136-70bc33739def,7702001162550,ean13,true,open_dataset,0.7,open-food-facts-csv:2026-09-08:sha256=f72687ee8bc6522054fe69dbfda6b91902c16af1ec2e043cde27bc6c29ad8176
c20f1046-a1d3-45b3-acf4-dacdbb5028d7,e0e042c9-d357-443f-a7c4-ee38a60ddc97,7702001167302,ean13,true,open_dataset,0.7,open-food-facts-csv:2026-09-08:sha256=f72687ee8bc6522054fe69dbfda6b91902c16af1ec2e043cde27bc6c29ad8176
9f781b94-fb6e-420f-8ff3-bd01f104bb5a,4911be9a-aa95-4611-af75-2790d6ee1d0f,7702004013484,ean13,true,open_dataset,0.7,open-food-facts-csv:2026-09-08:sha256=f72687ee8bc6522054fe69dbfda6b91902c16af1ec2e043cde27bc6c29ad8176
a126550a-4602-4884-8cc0-05705a38fd9c,9d125917-2c51-4100-8696-7c73ba1e7cba,7702004013668,ean13,true,open_dataset,0.7,open-food-facts-csv:2026-09-08:sha256=f72687ee8bc6522054fe69dbfda6b91902c16af1ec2e043cde27bc6c29ad8176
b3aaf283-1977-4557-962a-e9251c764705,faf0a8a8-bfea-41cf-8f32-b937f63c93f1,7702004025784,ean13,true,open_dataset,0.7,open-food-facts-csv:2026-09-08:sha256=f72687ee8bc6522054fe69dbfda6b91902c16af1ec2e043cde27bc6c29ad8176
6fb02701-aa26-4f3e-8b6f-83f4730a08d2,b7595cc1-a967-4c60-b95e-137256429e0b,7702007001303,ean13,true,open_dataset,0.7,open-food-facts-csv:2026-09-08:sha256=f72687ee8bc6522054fe69dbfda6b91902c16af1ec2e043cde27bc6c29ad8176
b4f75899-5741-41e7-855b-c6e3074ffa84,22b646f9-32db-4ca2-9f5b-e63e4c867e86,7702007004533,ean13,true,open_dataset,0.7,open-food-facts-csv:2026-09-08:sha256=f72687ee8bc6522054fe69dbfda6b91902c16af1ec2e043cde27bc6c29ad8176
fe89d4e0-3cf4-4e92-87fa-c561bcea4c44,1711bdb1-f5c7-49e5-bd95-82b2009657f8,7702007005714,ean13,true,open_dataset,0.7,open-food-facts-csv:2026-09-08:sha256=f72687ee8bc6522054fe69dbfda6b91902c16af1ec2e043cde27bc6c29ad8176
55e64692-00b5-4ce6-be76-4216948fd340,e80b89fb-40e8-4b40-b23a-e134cbd4ca9a,7702007036558,ean13,true,open_dataset,0.7,open-food-facts-csv:2026-09-08:sha256=f72687ee8bc6522054fe69dbfda6b91902c16af1ec2e043cde27bc6c29ad8176
3dfa22a6-0e97-4179-aee8-effd2c928202,9ef3261a-d7f4-4479-9a4b-b67e9550f9a4,7702007036565,ean13,true,open_dataset,0.7,open-food-facts-csv:2026-09-08:sha256=f72687ee8bc6522054fe69dbfda6b91902c16af1ec2e043cde27bc6c29ad8176
566c08db-fcac-44b7-b243-7c264e2fe393,14afe57a-0b1f-4d89-bee5-7e048ea17f5b,7702007036572,ean13,true,open_dataset,0.7,open-food-facts-csv:2026-09-08:sha256=f72687ee8bc6522054fe69dbfda6b91902c16af1ec2e043cde27bc6c29ad8176
4f07109e-12cf-446c-b963-1a2d44b8caf2,b4478652-ea47-458d-a36c-af1823fb2314,7702007041279,ean13,true,open_dataset,0.7,open-food-facts-csv:2026-09-08:sha256=f72687ee8bc6522054fe69dbfda6b91902c16af1ec2e043cde27bc6c29ad8176
1a9de3af-7394-4bda-af17-aae8211e2524,c88ad1bf-7011-4efa-a6c5-673b915aea34,7702007043433,ean13,true,open_dataset,0.7,open-food-facts-csv:2026-09-08:sha256=f72687ee8bc6522054fe69dbfda6b91902c16af1ec2e043cde27bc6c29ad8176
0c392789-c490-4262-9ea5-a4cea7f317b9,d9bf53d8-4468-4711-a9cb-17ccecea952b,7702007044133,ean13,true,open_dataset,0.7,open-food-facts-csv:2026-09-08:sha256=f72687ee8bc6522054fe69dbfda6b91902c16af1ec2e043cde27bc6c29ad8176
3026c949-83b3-43cb-bd67-6c86cade7df2,43347616-7941-48db-bd42-9994dc0e68f1,7702007045383,ean13,true,open_dataset,0.7,open-food-facts-csv:2026-09-08:sha256=f72687ee8bc6522054fe69dbfda6b91902c16af1ec2e043cde27bc6c29ad8176
dc19c362-7a25-4a42-bb0c-46c067ba6de3,0d3a9867-7f79-4068-ad68-c2a1abe58b15,7702007045390,ean13,true,open_dataset,0.7,open-food-facts-csv:2026-09-08:sha256=f72687ee8bc6522054fe69dbfda6b91902c16af1ec2e043cde27bc6c29ad8176
a5fc4a76-c655-4c39-abcd-f470bb2bc6d4,6a0d1029-67c6-4f2d-a1dc-c234cee9f163,7702007046144,ean13,true,open_dataset,0.7,open-food-facts-csv:2026-09-08:sha256=f72687ee8bc6522054fe69dbfda6b91902c16af1ec2e043cde27bc6c29ad8176
3230ed92-7275-404d-be5d-6ad02a045e96,e647aeb1-af68-45b8-a4ca-5726e0a060bb,7702007051438,ean13,true,open_dataset,0.7,open-food-facts-csv:2026-09-08:sha256=f72687ee8bc6522054fe69dbfda6b91902c16af1ec2e043cde27bc6c29ad8176
a33ad7c7-33aa-448e-a1d4-232de05b9cb7,43287ad3-58c5-4eb7-8535-a4f41babc444,7702007054972,ean13,true,open_dataset,0.7,open-food-facts-csv:2026-09-08:sha256=f72687ee8bc6522054fe69dbfda6b91902c16af1ec2e043cde27bc6c29ad8176
16630250-5e6a-4ecd-b706-1c826f318718,d035a6ea-2b09-42ae-80f1-1b536e2022c6,7702007055269,ean13,true,open_dataset,0.7,open-food-facts-csv:2026-09-08:sha256=f72687ee8bc6522054fe69dbfda6b91902c16af1ec2e043cde27bc6c29ad8176
cdfacee4-2284-4037-a7eb-3e1899ffaaef,3d8a02c5-9389-4956-9ec4-ec8dc9f887ec,7702007056617,ean13,true,open_dataset,0.7,open-food-facts-csv:2026-09-08:sha256=f72687ee8bc6522054fe69dbfda6b91902c16af1ec2e043cde27bc6c29ad8176
c51fc41a-57db-4fd4-a6d2-2e3f85292c33,12e14e4b-6fd8-4346-a1af-5efda4e8abd0,7702007057553,ean13,true,open_dataset,0.7,open-food-facts-csv:2026-09-08:sha256=f72687ee8bc6522054fe69dbfda6b91902c16af1ec2e043cde27bc6c29ad8176
300fa8bf-d6d5-4912-a17e-11e38799212e,e99a1c2e-c833-485c-8835-07f65a9c00c5,7702007061154,ean13,true,open_dataset,0.7,open-food-facts-csv:2026-09-08:sha256=f72687ee8bc6522054fe69dbfda6b91902c16af1ec2e043cde27bc6c29ad8176
50218528-0d26-49f5-92f7-4b6b8462d21a,def0ed82-9842-4550-bcc8-0edca830781c,7702007062588,ean13,true,open_dataset,0.7,open-food-facts-csv:2026-09-08:sha256=f72687ee8bc6522054fe69dbfda6b91902c16af1ec2e043cde27bc6c29ad8176
bb1e7565-3417-4c16-8ebb-10c6a935f682,35950484-30f4-46fd-aabb-c1fd8a4f7809,7702007063622,ean13,true,open_dataset,0.7,open-food-facts-csv:2026-09-08:sha256=f72687ee8bc6522054fe69dbfda6b91902c16af1ec2e043cde27bc6c29ad8176
d3e86a92-c713-413c-9c93-7b4d330dac1e,fedad554-8bf1-4d28-9acd-da4d7b40bce0,7702007063639,ean13,true,open_dataset,0.7,open-food-facts-csv:2026-09-08:sha256=f72687ee8bc6522054fe69dbfda6b91902c16af1ec2e043cde27bc6c29ad8176
5b4b5a63-3bdf-4dcd-8703-ba3d2db30e37,4a262b76-1406-40ae-aa4c-b00fca04aa3e,7702007063660,ean13,true,open_dataset,0.7,open-food-facts-csv:2026-09-08:sha256=f72687ee8bc6522054fe69dbfda6b91902c16af1ec2e043cde27bc6c29ad8176
6c816dad-4fbe-4345-b2c6-f313e42c904d,b2a5a0e9-1725-4385-8fbf-c992df651563,7702007063677,ean13,true,open_dataset,0.7,open-food-facts-csv:2026-09-08:sha256=f72687ee8bc6522054fe69dbfda6b91902c16af1ec2e043cde27bc6c29ad8176
a86baec5-4f07-4a4b-93f1-6a1b328805d5,96d81ed9-ae08-4f09-9d1c-da5a8e61c1df,7702007063691,ean13,true,open_dataset,0.7,open-food-facts-csv:2026-09-08:sha256=f72687ee8bc6522054fe69dbfda6b91902c16af1ec2e043cde27bc6c29ad8176
6b3d85f8-12c3-47dd-9f95-6ed080b747da,6bc015ec-87c5-4793-b906-36788d4c6b38,7702007065329,ean13,true,open_dataset,0.7,open-food-facts-csv:2026-09-08:sha256=f72687ee8bc6522054fe69dbfda6b91902c16af1ec2e043cde27bc6c29ad8176
33d5a3c3-a7f9-4211-87b9-109e12094afa,8a3edf8f-8768-4c1c-b182-fc06c5727a76,7702007090314,ean13,true,open_dataset,0.7,open-food-facts-csv:2026-09-08:sha256=f72687ee8bc6522054fe69dbfda6b91902c16af1ec2e043cde27bc6c29ad8176
47076269-9238-4c8a-8edb-2e4606cec93c,a257a849-b211-4469-b2b2-394c7ae535bf,7702007205503,ean13,true,open_dataset,0.7,open-food-facts-csv:2026-09-08:sha256=f72687ee8bc6522054fe69dbfda6b91902c16af1ec2e043cde27bc6c29ad8176
36aaa007-e2b9-439e-b9d0-46008a41488e,3b045ae8-2682-41ab-8931-5ef107d9a39c,7702007224023,ean13,true,open_dataset,0.7,open-food-facts-csv:2026-09-08:sha256=f72687ee8bc6522054fe69dbfda6b91902c16af1ec2e043cde27bc6c29ad8176
28516eee-adac-4dae-887f-0eda1409c198,cab13166-4c31-413c-af9f-0ca405db34a6,7702007224160,ean13,true,open_dataset,0.7,open-food-facts-csv:2026-09-08:sha256=f72687ee8bc6522054fe69dbfda6b91902c16af1ec2e043cde27bc6c29ad8176
4c052ec3-7e39-4de5-8cde-c022f9fbcaf4,61b32a29-8373-45dd-b2a7-ddc49bd45104,7702011003157,ean13,true,open_dataset,0.7,open-food-facts-csv:2026-09-08:sha256=f72687ee8bc6522054fe69dbfda6b91902c16af1ec2e043cde27bc6c29ad8176
a29bc934-18d9-4c6c-890e-1f3d5a3bc145,f636d542-e865-4791-a4a0-07da569ae215,7702011025739,ean13,true,open_dataset,0.7,open-food-facts-csv:2026-09-08:sha256=f72687ee8bc6522054fe69dbfda6b91902c16af1ec2e043cde27bc6c29ad8176
c3a0f21f-93d7-4fe4-b1b5-0268a24c5f3b,7aa8fca8-319f-407d-815b-0dddfc8a4b5a,7702011039293,ean13,true,open_dataset,0.7,open-food-facts-csv:2026-09-08:sha256=f72687ee8bc6522054fe69dbfda6b91902c16af1ec2e043cde27bc6c29ad8176
45c4e16d-6f50-436a-a766-8d736f6cd270,545836c4-1fcd-41a9-8c2e-8c49e306ed15,7702011048561,ean13,true,open_dataset,0.7,open-food-facts-csv:2026-09-08:sha256=f72687ee8bc6522054fe69dbfda6b91902c16af1ec2e043cde27bc6c29ad8176
6cabd334-8c50-4d1c-9cf2-4dbaee8827cc,ea88efaf-5d28-4c6d-ad0f-f8b4d5eeff2f,7702011074294,ean13,true,open_dataset,0.7,open-food-facts-csv:2026-09-08:sha256=f72687ee8bc6522054fe69dbfda6b91902c16af1ec2e043cde27bc6c29ad8176
6b31603e-0ddd-4007-be0f-aa31ef7931c1,2383594f-0ce6-4750-b865-023d9249ca3e,7702011074652,ean13,true,open_dataset,0.7,open-food-facts-csv:2026-09-08:sha256=f72687ee8bc6522054fe69dbfda6b91902c16af1ec2e043cde27bc6c29ad8176
168c670a-e186-46e7-b957-22f6b656afdc,ab75d2c4-f81a-49b2-9f11-8bd3e0f2d461,7702011092779,ean13,true,open_dataset,0.7,open-food-facts-csv:2026-09-08:sha256=f72687ee8bc6522054fe69dbfda6b91902c16af1ec2e043cde27bc6c29ad8176
c7a7b5f1-f01e-463d-9afb-22d9eaded468,5850bec6-f1ba-44c0-834a-d71e24bdb824,7702011117892,ean13,true,open_dataset,0.7,open-food-facts-csv:2026-09-08:sha256=f72687ee8bc6522054fe69dbfda6b91902c16af1ec2e043cde27bc6c29ad8176
20bcc7fd-7236-40ec-8297-d38bb383ba65,736e1dd3-a520-47fa-a0b1-2c1adf325f84,7702011123725,ean13,true,open_dataset,0.7,open-food-facts-csv:2026-09-08:sha256=f72687ee8bc6522054fe69dbfda6b91902c16af1ec2e043cde27bc6c29ad8176
93beeb01-b4ee-4123-b519-e5c705f1d052,3db8a046-1e9b-4d73-ac31-8525d9b504b0,7702011147813,ean13,true,open_dataset,0.7,open-food-facts-csv:2026-09-08:sha256=f72687ee8bc6522054fe69dbfda6b91902c16af1ec2e043cde27bc6c29ad8176
3d51de4d-8e0e-4bcf-b946-d8d4eaa4498e,08b8629a-3b75-4d43-aace-7598eee3978f,7702011203861,ean13,true,open_dataset,0.7,open-food-facts-csv:2026-09-08:sha256=f72687ee8bc6522054fe69dbfda6b91902c16af1ec2e043cde27bc6c29ad8176
c3ff85db-e908-444a-b7ba-f6879a2d5431,9bb6e0dd-9807-474e-8039-d82f0f9b95c4,7702011213891,ean13,true,open_dataset,0.7,open-food-facts-csv:2026-09-08:sha256=f72687ee8bc6522054fe69dbfda6b91902c16af1ec2e043cde27bc6c29ad8176
6253dd06-8254-4d0d-b288-c658b2c48412,80263874-a484-4849-b39c-80657b525bf7,7702011273215,ean13,true,open_dataset,0.7,open-food-facts-csv:2026-09-08:sha256=f72687ee8bc6522054fe69dbfda6b91902c16af1ec2e043cde27bc6c29ad8176
2a758fdc-743c-4a28-80f9-e7f1f5b82014,a1d10ab2-e1de-4f46-a5e8-04a6e96f7973,7702011275332,ean13,true,open_dataset,0.7,open-food-facts-csv:2026-09-08:sha256=f72687ee8bc6522054fe69dbfda6b91902c16af1ec2e043cde27bc6c29ad8176
1f6e62ff-ced2-40e8-804b-99290777257c,d10e515a-c7cb-4bf6-9d85-ab126d3b2c69,7702011276438,ean13,true,open_dataset,0.7,open-food-facts-csv:2026-09-08:sha256=f72687ee8bc6522054fe69dbfda6b91902c16af1ec2e043cde27bc6c29ad8176
c18d3d3f-cdcb-486f-8379-7b0458514515,f7f548eb-ab46-40f9-a8de-54f70a32c965,7702011277077,ean13,true,open_dataset,0.7,open-food-facts-csv:2026-09-08:sha256=f72687ee8bc6522054fe69dbfda6b91902c16af1ec2e043cde27bc6c29ad8176
f2be5f3c-07ec-4c89-8663-fb85235b86a1,42f574ec-7121-4d8c-97c4-83afb6727866,7702011277589,ean13,true,open_dataset,0.7,open-food-facts-csv:2026-09-08:sha256=f72687ee8bc6522054fe69dbfda6b91902c16af1ec2e043cde27bc6c29ad8176
d12764a4-ed98-4383-a5d8-74db22512ee7,8e0ce021-4608-48c3-9afc-fd60e9a9ebb6,7702011279903,ean13,true,open_dataset,0.7,open-food-facts-csv:2026-09-08:sha256=f72687ee8bc6522054fe69dbfda6b91902c16af1ec2e043cde27bc6c29ad8176
66101221-697d-4f92-8598-fcab39b40fdc,154a79d8-92ab-42ff-a6b2-a2ce90dd5f5e,7702014597714,ean13,true,open_dataset,0.7,open-food-facts-csv:2026-09-08:sha256=f72687ee8bc6522054fe69dbfda6b91902c16af1ec2e043cde27bc6c29ad8176
3e026ffe-4369-4c2e-a38e-9df3b1f4c58f,912d8c57-2836-44aa-9cce-9c5da5f11dc4,7702014620269,ean13,true,open_dataset,0.7,open-food-facts-csv:2026-09-08:sha256=f72687ee8bc6522054fe69dbfda6b91902c16af1ec2e043cde27bc6c29ad8176
01b6d80b-dc70-452c-b22a-bd01407c85c9,b3a4028a-9fab-49d1-862e-4fa9c41a86ca,7702014632057,ean13,true,open_dataset,0.7,open-food-facts-csv:2026-09-08:sha256=f72687ee8bc6522054fe69dbfda6b91902c16af1ec2e043cde27bc6c29ad8176
cfce086a-3b7e-4561-850c-6698e358b9e3,5e0f2542-eae8-4c85-b255-22da1c64fdfe,7702014639513,ean13,true,open_dataset,0.7,open-food-facts-csv:2026-09-08:sha256=f72687ee8bc6522054fe69dbfda6b91902c16af1ec2e043cde27bc6c29ad8176
c54357da-404d-4825-854f-4c79d23b4b83,b07d98d0-4af9-42a8-b4be-7200364cedb0,7702014640052,ean13,true,open_dataset,0.7,open-food-facts-csv:2026-09-08:sha256=f72687ee8bc6522054fe69dbfda6b91902c16af1ec2e043cde27bc6c29ad8176
4f3e3715-d7a9-4d87-b1ed-d3c4ad0100d2,df5bf9f1-6540-417a-a546-11c11aff720a,7702020011228,ean13,true,open_dataset,0.7,open-food-facts-csv:2026-09-08:sha256=f72687ee8bc6522054fe69dbfda6b91902c16af1ec2e043cde27bc6c29ad8176
2906a756-e946-4508-8a87-090425d49c4a,af797062-246c-474a-96e5-ef51d78f2f10,7702020017831,ean13,true,open_dataset,0.7,open-food-facts-csv:2026-09-08:sha256=f72687ee8bc6522054fe69dbfda6b91902c16af1ec2e043cde27bc6c29ad8176
842d7abe-5b4e-48dc-b708-9edcf7148c2b,c469e91a-2fdc-4e44-916c-ba2ca27f2eba,7702020021432,ean13,true,open_dataset,0.7,open-food-facts-csv:2026-09-08:sha256=f72687ee8bc6522054fe69dbfda6b91902c16af1ec2e043cde27bc6c29ad8176
b036c0f5-6dca-47b1-ad80-78c9a2d536b8,ce66dc17-9335-49ee-a6bb-c8777decb5ab,7702020050005,ean13,true,open_dataset,0.7,open-food-facts-csv:2026-09-08:sha256=f72687ee8bc6522054fe69dbfda6b91902c16af1ec2e043cde27bc6c29ad8176
eb098209-bf6e-42fa-bb19-55cf8fe49911,83239721-c7b6-4355-84e8-cd56065a8b47,7702020060325,ean13,true,open_dataset,0.7,open-food-facts-csv:2026-09-08:sha256=f72687ee8bc6522054fe69dbfda6b91902c16af1ec2e043cde27bc6c29ad8176
6bcdf033-e899-418b-a074-8d2e31b3ad5f,cd283da8-6ef7-4135-8e53-d59060f71c22,7702020101691,ean13,true,open_dataset,0.7,open-food-facts-csv:2026-09-08:sha256=f72687ee8bc6522054fe69dbfda6b91902c16af1ec2e043cde27bc6c29ad8176
078c2c24-dc0e-4eb4-984b-c9be24334141,3ce060f2-b39f-4ba9-9982-bc30d8b77c74,7702020112017,ean13,true,open_dataset,0.7,open-food-facts-csv:2026-09-08:sha256=f72687ee8bc6522054fe69dbfda6b91902c16af1ec2e043cde27bc6c29ad8176
8ad016b3-b8c8-449e-8164-372d3996d2b9,4c7bfd32-3c1c-45e6-8c7d-2373d642199f,7702020112055,ean13,true,open_dataset,0.7,open-food-facts-csv:2026-09-08:sha256=f72687ee8bc6522054fe69dbfda6b91902c16af1ec2e043cde27bc6c29ad8176
7bc954a6-c1c5-47df-953e-3c7b45cd3786,ed3c9b49-9a3f-436a-be34-9f8b647ae26e,7702020112062,ean13,true,open_dataset,0.7,open-food-facts-csv:2026-09-08:sha256=f72687ee8bc6522054fe69dbfda6b91902c16af1ec2e043cde27bc6c29ad8176
1a4bf97a-f5a5-4b52-a1ab-0dbe28d506cb,cff79edd-29ae-4c3f-9cb3-a0c8a066cc99,7702020212021,ean13,true,open_dataset,0.7,open-food-facts-csv:2026-09-08:sha256=f72687ee8bc6522054fe69dbfda6b91902c16af1ec2e043cde27bc6c29ad8176
1eeb35a5-a6ab-4014-a907-b0c3ab386399,6efb3d1d-fcda-4777-a01d-9eb19360f429,7702024007067,ean13,true,open_dataset,0.7,open-food-facts-csv:2026-09-08:sha256=f72687ee8bc6522054fe69dbfda6b91902c16af1ec2e043cde27bc6c29ad8176
f48ee508-a419-4c0e-87a7-170dd6a93fd0,42100870-2d8e-4a15-abd5-ce5a9058435f,7702024034605,ean13,true,open_dataset,0.7,open-food-facts-csv:2026-09-08:sha256=f72687ee8bc6522054fe69dbfda6b91902c16af1ec2e043cde27bc6c29ad8176
2e2f566b-3246-4138-b798-451873468381,bb54cc5d-83dc-4448-b8b2-b923356a082f,7702024040446,ean13,true,open_dataset,0.7,open-food-facts-csv:2026-09-08:sha256=f72687ee8bc6522054fe69dbfda6b91902c16af1ec2e043cde27bc6c29ad8176
13a4393f-6189-4968-92c7-0ad5a324db85,f2cb04c2-1892-43ae-b024-891ae84e3369,7702024066101,ean13,true,open_dataset,0.7,open-food-facts-csv:2026-09-08:sha256=f72687ee8bc6522054fe69dbfda6b91902c16af1ec2e043cde27bc6c29ad8176
6714e2c4-ddff-4df0-9689-b7e2d1fc2a65,f7c38bbb-fd7c-4183-9dd3-effe0d574c12,7702024067528,ean13,true,open_dataset,0.7,open-food-facts-csv:2026-09-08:sha256=f72687ee8bc6522054fe69dbfda6b91902c16af1ec2e043cde27bc6c29ad8176
f1ae2591-ef99-4135-a985-62f41662d3ba,e6e2f4d2-d137-4371-9838-a9d1206755aa,7702024068310,ean13,true,open_dataset,0.7,open-food-facts-csv:2026-09-08:sha256=f72687ee8bc6522054fe69dbfda6b91902c16af1ec2e043cde27bc6c29ad8176
f58128fd-7f5c-4eb4-8d3f-7d4d7d0e7d7d,dd437ce9-72fa-498c-9cad-f5fe0841c5de,7702024069539,ean13,true,open_dataset,0.7,open-food-facts-csv:2026-09-08:sha256=f72687ee8bc6522054fe69dbfda6b91902c16af1ec2e043cde27bc6c29ad8176
39e9a75e-2e1f-4d8c-bd82-b4c267b1cd08,d8069035-0fc1-4967-bafc-2d9d69c8fed8,7702024134916,ean13,true,open_dataset,0.7,open-food-facts-csv:2026-09-08:sha256=f72687ee8bc6522054fe69dbfda6b91902c16af1ec2e043cde27bc6c29ad8176
c7d19ffe-976e-4629-b3b0-0ed0df130078,f8f9d07b-d09b-4d85-a3d2-5768873e9278,7702024339281,ean13,true,open_dataset,0.7,open-food-facts-csv:2026-09-08:sha256=f72687ee8bc6522054fe69dbfda6b91902c16af1ec2e043cde27bc6c29ad8176
3f726ebd-0caa-4dff-9215-d73736ae3045,125e9053-0c05-458c-9c73-2a4ad1ad85d6,7702024393887,ean13,true,open_dataset,0.7,open-food-facts-csv:2026-09-08:sha256=f72687ee8bc6522054fe69dbfda6b91902c16af1ec2e043cde27bc6c29ad8176
42c4e1ea-a47d-483d-b90c-4d681d318dd3,2eb3471f-07a3-4d8e-a7cd-6b851470cdf3,7702024666998,ean13,true,open_dataset,0.7,open-food-facts-csv:2026-09-08:sha256=f72687ee8bc6522054fe69dbfda6b91902c16af1ec2e043cde27bc6c29ad8176
7731b95a-765e-4467-8997-fa24f127e3d0,4da122bb-e460-4bcf-a664-3a4f22c60338,7702024718727,ean13,true,open_dataset,0.7,open-food-facts-csv:2026-09-08:sha256=f72687ee8bc6522054fe69dbfda6b91902c16af1ec2e043cde27bc6c29ad8176
80dba8d5-fe94-4553-bb55-7751679956fc,815bd2d3-f0d7-4aa2-a5e4-d1b531114b97,7702024785033,ean13,true,open_dataset,0.7,open-food-facts-csv:2026-09-08:sha256=f72687ee8bc6522054fe69dbfda6b91902c16af1ec2e043cde27bc6c29ad8176
ac39f258-dfff-4586-961c-969f4072d125,1e573f26-16bd-450d-b749-1e51dbaef1e7,7702024796268,ean13,true,open_dataset,0.7,open-food-facts-csv:2026-09-08:sha256=f72687ee8bc6522054fe69dbfda6b91902c16af1ec2e043cde27bc6c29ad8176
44c0b18d-7bf3-4245-9723-09155eb7bc0b,abb80329-186c-409d-af6d-9e74b326807c,7702025100279,ean13,true,open_dataset,0.7,open-food-facts-csv:2026-09-08:sha256=f72687ee8bc6522054fe69dbfda6b91902c16af1ec2e043cde27bc6c29ad8176
f782825f-2eac-495c-9753-63f787122911,cd941a2d-d2fc-43a2-b323-79bc9a92557d,7702025100293,ean13,true,open_dataset,0.7,open-food-facts-csv:2026-09-08:sha256=f72687ee8bc6522054fe69dbfda6b91902c16af1ec2e043cde27bc6c29ad8176
e5e22e5b-0c5e-4e49-b72e-8b3a932c7557,86d60f7c-305c-4a17-803c-1cacf028a33f,7702025103379,ean13,true,open_dataset,0.7,open-food-facts-csv:2026-09-08:sha256=f72687ee8bc6522054fe69dbfda6b91902c16af1ec2e043cde27bc6c29ad8176
c33e940e-8a2d-47c9-9835-85560cf0a70c,f9889186-d2a0-4c3e-abee-2c6f5b7159c8,7702025110445,ean13,true,open_dataset,0.7,open-food-facts-csv:2026-09-08:sha256=f72687ee8bc6522054fe69dbfda6b91902c16af1ec2e043cde27bc6c29ad8176
f536f3ed-2232-4f06-a0e0-32827eb458f3,2ae79da4-816f-4f04-b43b-cc7ae9ee2698,7702025110698,ean13,true,open_dataset,0.7,open-food-facts-csv:2026-09-08:sha256=f72687ee8bc6522054fe69dbfda6b91902c16af1ec2e043cde27bc6c29ad8176
a5b7bdd8-878a-4689-9e2c-961ef07261b1,972382c8-28f0-429e-9afc-6e8a2178887c,7702025118311,ean13,true,open_dataset,0.7,open-food-facts-csv:2026-09-08:sha256=f72687ee8bc6522054fe69dbfda6b91902c16af1ec2e043cde27bc6c29ad8176
bfdbaaf5-4de1-45c2-89bf-7dd70e8a1c56,c7644f0a-e29b-4881-b471-0cc3a7e39e1a,7702025120048,ean13,true,open_dataset,0.7,open-food-facts-csv:2026-09-08:sha256=f72687ee8bc6522054fe69dbfda6b91902c16af1ec2e043cde27bc6c29ad8176
240bf273-d371-41e5-809a-f1356a016504,796535cf-f03d-4546-b5dd-c9771fd0b35f,7702025120307,ean13,true,open_dataset,0.7,open-food-facts-csv:2026-09-08:sha256=f72687ee8bc6522054fe69dbfda6b91902c16af1ec2e043cde27bc6c29ad8176
1da1cd74-0dcf-44e8-8d29-69393c2663b2,80606dfe-6fd8-4fd9-a206-cd8ecebba5ac,7702025123445,ean13,true,open_dataset,0.7,open-food-facts-csv:2026-09-08:sha256=f72687ee8bc6522054fe69dbfda6b91902c16af1ec2e043cde27bc6c29ad8176
de423243-f6e3-4ea9-a155-0aebd8e89695,55643117-d238-47a2-ac93-67360f3171ff,7702025123452,ean13,true,open_dataset,0.7,open-food-facts-csv:2026-09-08:sha256=f72687ee8bc6522054fe69dbfda6b91902c16af1ec2e043cde27bc6c29ad8176
8a40a3d7-6612-4d07-90e2-a391560f2a23,be29635c-83b2-4fa7-b50a-143e36d9abdc,7702025131426,ean13,true,open_dataset,0.7,open-food-facts-csv:2026-09-08:sha256=f72687ee8bc6522054fe69dbfda6b91902c16af1ec2e043cde27bc6c29ad8176
7f5d57c5-2130-4661-ab9f-dc42c6246d6f,5cc2a4ef-e94e-4e61-8b19-dbc457e7f622,7702025131662,ean13,true,open_dataset,0.7,open-food-facts-csv:2026-09-08:sha256=f72687ee8bc6522054fe69dbfda6b91902c16af1ec2e043cde27bc6c29ad8176
f404f6ae-f034-406b-bf20-73054b6eaddb,280b48fd-0794-4043-8f8e-0912d54cf93b,7702025135486,ean13,true,open_dataset,0.7,open-food-facts-csv:2026-09-08:sha256=f72687ee8bc6522054fe69dbfda6b91902c16af1ec2e043cde27bc6c29ad8176
1dc09f78-0d24-47ac-b093-4d3220436793,92b54aac-7f6a-4bb5-a055-0b58b8bf11ef,7702025136735,ean13,true,open_dataset,0.7,open-food-facts-csv:2026-09-08:sha256=f72687ee8bc6522054fe69dbfda6b91902c16af1ec2e043cde27bc6c29ad8176
068c82b9-55dc-4d17-a024-02736c54f181,1d2b5a6f-3ab5-4b7d-a9ad-60e1136f53a9,7702025137282,ean13,true,open_dataset,0.7,open-food-facts-csv:2026-09-08:sha256=f72687ee8bc6522054fe69dbfda6b91902c16af1ec2e043cde27bc6c29ad8176
2a702240-4e10-40c3-b43e-de0adf9503f5,22292a15-bb18-41a3-a1b0-bae4f596261a,7702025137619,ean13,true,open_dataset,0.7,open-food-facts-csv:2026-09-08:sha256=f72687ee8bc6522054fe69dbfda6b91902c16af1ec2e043cde27bc6c29ad8176
6b842cfa-0a16-4f88-84e9-7eb4b6b89507,b711676a-ad30-4ebf-ba4a-9ae5ac5bb119,7702025141920,ean13,true,open_dataset,0.7,open-food-facts-csv:2026-09-08:sha256=f72687ee8bc6522054fe69dbfda6b91902c16af1ec2e043cde27bc6c29ad8176
657370ee-1136-4953-bada-76f4b7920365,6c56a2b7-7219-413a-a05b-03e0a1ea043f,7702025142446,ean13,true,open_dataset,0.7,open-food-facts-csv:2026-09-08:sha256=f72687ee8bc6522054fe69dbfda6b91902c16af1ec2e043cde27bc6c29ad8176
5ff33dd3-36df-41d3-a120-1921c9571691,403ce50a-2c0d-4b6a-baa1-23280a005c8f,7702025142460,ean13,true,open_dataset,0.7,open-food-facts-csv:2026-09-08:sha256=f72687ee8bc6522054fe69dbfda6b91902c16af1ec2e043cde27bc6c29ad8176
7cd11370-d86e-4ed1-adbe-472a00b9b5a1,c3e8ccee-437f-4c8f-9b45-4744a54012b1,7702025142477,ean13,true,open_dataset,0.7,open-food-facts-csv:2026-09-08:sha256=f72687ee8bc6522054fe69dbfda6b91902c16af1ec2e043cde27bc6c29ad8176
cd349dee-e005-47d7-979b-8b44d92c93ef,b907a780-ff8b-4f7d-827f-0dc2ce17a371,7702025142484,ean13,true,open_dataset,0.7,open-food-facts-csv:2026-09-08:sha256=f72687ee8bc6522054fe69dbfda6b91902c16af1ec2e043cde27bc6c29ad8176
03d0ae03-68d8-486d-9f69-3613f5709e6a,f7c74aa5-069e-483f-a193-cbbe54da9aee,7702025142910,ean13,true,open_dataset,0.7,open-food-facts-csv:2026-09-08:sha256=f72687ee8bc6522054fe69dbfda6b91902c16af1ec2e043cde27bc6c29ad8176
13bc0f30-218c-4325-8918-eaeeef5ca251,e341a253-1074-4a30-8230-3879a2fe8fd4,7702025143054,ean13,true,open_dataset,0.7,open-food-facts-csv:2026-09-08:sha256=f72687ee8bc6522054fe69dbfda6b91902c16af1ec2e043cde27bc6c29ad8176
a82004aa-6f99-4a9e-9bd5-e6fc9aaad92b,5d5d67a9-67c3-4a6f-a3b8-14e0b2f33358,7702025144228,ean13,true,open_dataset,0.7,open-food-facts-csv:2026-09-08:sha256=f72687ee8bc6522054fe69dbfda6b91902c16af1ec2e043cde27bc6c29ad8176
cf909bb3-1284-48f3-b2ed-64e8e6009815,12864c5c-e740-41fd-b8ad-5415aa2695ed,7702025144266,ean13,true,open_dataset,0.7,open-food-facts-csv:2026-09-08:sha256=f72687ee8bc6522054fe69dbfda6b91902c16af1ec2e043cde27bc6c29ad8176
710db7f0-a3ab-40d7-9d6e-b95251f69050,4ca5bcfe-9716-4c19-abc1-b7b1cd9e0265,7702025144624,ean13,true,open_dataset,0.7,open-food-facts-csv:2026-09-08:sha256=f72687ee8bc6522054fe69dbfda6b91902c16af1ec2e043cde27bc6c29ad8176
b8718986-ca30-4613-94b0-5bdfc50b0c4a,d640487d-7a9f-4d27-ad0c-f0539cbd5f18,7702025145157,ean13,true,open_dataset,0.7,open-food-facts-csv:2026-09-08:sha256=f72687ee8bc6522054fe69dbfda6b91902c16af1ec2e043cde27bc6c29ad8176
be71c4b1-f7d9-4ee6-845d-1144c9983809,aa976b47-0e04-4cd0-bf35-2b77365c7c19,7702025145164,ean13,true,open_dataset,0.7,open-food-facts-csv:2026-09-08:sha256=f72687ee8bc6522054fe69dbfda6b91902c16af1ec2e043cde27bc6c29ad8176
d9def5f2-ab21-48a4-8f67-d9e8d4308701,ee150c07-e80f-4fa0-be7f-ad036b278c3a,7702025145300,ean13,true,open_dataset,0.7,open-food-facts-csv:2026-09-08:sha256=f72687ee8bc6522054fe69dbfda6b91902c16af1ec2e043cde27bc6c29ad8176
8c49763c-d1d5-403f-92cf-25076a5ddb14,9f0c2685-7ec6-44b7-9a5a-2ec2ecb3bead,7702025147069,ean13,true,open_dataset,0.7,open-food-facts-csv:2026-09-08:sha256=f72687ee8bc6522054fe69dbfda6b91902c16af1ec2e043cde27bc6c29ad8176
22b734e7-3cd7-44ff-8884-9740d39096ed,1bc2c830-046f-4250-b62c-dea92b3fddfe,7702025147588,ean13,true,open_dataset,0.7,open-food-facts-csv:2026-09-08:sha256=f72687ee8bc6522054fe69dbfda6b91902c16af1ec2e043cde27bc6c29ad8176
2751692c-1562-4f58-a941-71d32b1bc55f,6d732962-655e-4640-936a-ab0b14cba0d8,7702025148028,ean13,true,open_dataset,0.7,open-food-facts-csv:2026-09-08:sha256=f72687ee8bc6522054fe69dbfda6b91902c16af1ec2e043cde27bc6c29ad8176
d87fb77e-a53c-4f52-8e5f-d14ef13bf8a7,067b4881-4e3e-4596-9854-93071630cba0,7702025148363,ean13,true,open_dataset,0.7,open-food-facts-csv:2026-09-08:sha256=f72687ee8bc6522054fe69dbfda6b91902c16af1ec2e043cde27bc6c29ad8176
b93e0589-e041-49a4-aad1-29c2325c4e78,3887072f-0505-4b1c-8989-64cb36055afb,7702025148455,ean13,true,open_dataset,0.7,open-food-facts-csv:2026-09-08:sha256=f72687ee8bc6522054fe69dbfda6b91902c16af1ec2e043cde27bc6c29ad8176
2521958c-927b-4804-be24-b1022db75827,293f728b-5ace-4b1d-bb69-6c69d3589710,7702025185375,ean13,true,open_dataset,0.7,open-food-facts-csv:2026-09-08:sha256=f72687ee8bc6522054fe69dbfda6b91902c16af1ec2e043cde27bc6c29ad8176
869b985c-e3a7-49b1-ac4f-ec736c2baf0b,4ac61d4f-b1cb-46bb-a5f1-ba97073a6473,7702025186440,ean13,true,open_dataset,0.7,open-food-facts-csv:2026-09-08:sha256=f72687ee8bc6522054fe69dbfda6b91902c16af1ec2e043cde27bc6c29ad8176
dda3455b-d51a-4bfe-8105-10155fe836cf,f69f94f1-4128-4f1e-9eac-b3f99e34780b,7702025186464,ean13,true,open_dataset,0.7,open-food-facts-csv:2026-09-08:sha256=f72687ee8bc6522054fe69dbfda6b91902c16af1ec2e043cde27bc6c29ad8176
93dd905a-ffdc-44ea-a731-a8f965fc32e7,dfb2a798-4359-4d2a-845b-3a4d535cd292,7702025186921,ean13,true,open_dataset,0.7,open-food-facts-csv:2026-09-08:sha256=f72687ee8bc6522054fe69dbfda6b91902c16af1ec2e043cde27bc6c29ad8176
f7624363-7397-4c90-91bf-a389c6898c09,a9a9bf0c-4db4-4c6e-9986-e380a8018351,7702025189243,ean13,true,open_dataset,0.7,open-food-facts-csv:2026-09-08:sha256=f72687ee8bc6522054fe69dbfda6b91902c16af1ec2e043cde27bc6c29ad8176
4cee6d47-c3b5-4f45-82e1-577cb5a18583,d47ca99f-ee38-41a2-8ae3-fed61e93736c,7702026207632,ean13,true,open_dataset,0.7,open-food-facts-csv:2026-09-08:sha256=f72687ee8bc6522054fe69dbfda6b91902c16af1ec2e043cde27bc6c29ad8176
7faa2a60-5c27-410c-8de6-cbc44b28e3a8,9b1a1347-d24d-49d5-a19a-3b1e977a3908,7702028021472,ean13,true,open_dataset,0.7,open-food-facts-csv:2026-09-08:sha256=f72687ee8bc6522054fe69dbfda6b91902c16af1ec2e043cde27bc6c29ad8176
82fea6c2-69d9-4f8c-9497-04bc64030789,36f56f2e-3157-4668-bab7-8e34cfd0c876,7702028021625,ean13,true,open_dataset,0.7,open-food-facts-csv:2026-09-08:sha256=f72687ee8bc6522054fe69dbfda6b91902c16af1ec2e043cde27bc6c29ad8176
09ac4123-8b70-4225-be63-3b6d132c917d,95cfc2cd-43ce-476d-b436-22b54486b0e5,7702032005031,ean13,true,open_dataset,0.7,open-food-facts-csv:2026-09-08:sha256=f72687ee8bc6522054fe69dbfda6b91902c16af1ec2e043cde27bc6c29ad8176
99b6499c-3105-405c-92be-c433600d18c3,6c029eef-7efc-480c-af4c-9b469786e056,7702032104369,ean13,true,open_dataset,0.7,open-food-facts-csv:2026-09-08:sha256=f72687ee8bc6522054fe69dbfda6b91902c16af1ec2e043cde27bc6c29ad8176
fee8705c-2a94-4601-9230-331f39e6de68,31f2fe8d-14d8-4255-9abd-6dfb0f83f483,7702032108572,ean13,true,open_dataset,0.7,open-food-facts-csv:2026-09-08:sha256=f72687ee8bc6522054fe69dbfda6b91902c16af1ec2e043cde27bc6c29ad8176
303c6e93-03a6-4994-af91-4a19a395df9f,cd906c60-cfed-47ec-aa99-0119c61993bb,7702032109890,ean13,true,open_dataset,0.7,open-food-facts-csv:2026-09-08:sha256=f72687ee8bc6522054fe69dbfda6b91902c16af1ec2e043cde27bc6c29ad8176
8c4312a9-0f89-45f1-9d62-b241d6d3b102,720d062b-1040-46e8-8bed-54579b029096,7702032111022,ean13,true,open_dataset,0.7,open-food-facts-csv:2026-09-08:sha256=f72687ee8bc6522054fe69dbfda6b91902c16af1ec2e043cde27bc6c29ad8176
99c7262f-3f5d-441b-8381-0f5eadbd7d95,e7283d92-6cca-4caa-b642-21a656bd5e74,7702032253111,ean13,true,open_dataset,0.7,open-food-facts-csv:2026-09-08:sha256=f72687ee8bc6522054fe69dbfda6b91902c16af1ec2e043cde27bc6c29ad8176
ac4972b0-01f2-4c48-b18b-6ed24e9b5ef8,1ce43309-3ab2-4c5e-ba47-e8d5ad9c22e5,7702032253869,ean13,true,open_dataset,0.7,open-food-facts-csv:2026-09-08:sha256=f72687ee8bc6522054fe69dbfda6b91902c16af1ec2e043cde27bc6c29ad8176
d0f8b0a3-8b27-4877-bed4-59b48e9b9430,f0b9cacb-beb8-43b6-bb07-c934cc90fe35,7702032553778,ean13,true,open_dataset,0.7,open-food-facts-csv:2026-09-08:sha256=f72687ee8bc6522054fe69dbfda6b91902c16af1ec2e043cde27bc6c29ad8176
1113f645-5820-4aa9-a9a5-f4e781cb92c4,36b6315c-fa77-471d-9bf4-ff6f272c488f,7702040007003,ean13,true,open_dataset,0.7,open-food-facts-csv:2026-09-08:sha256=f72687ee8bc6522054fe69dbfda6b91902c16af1ec2e043cde27bc6c29ad8176
ae78872d-e053-4257-9ae4-36baf1bdb014,a553eb69-fd84-466e-8351-15341259dffa,7702047021934,ean13,true,open_dataset,0.7,open-food-facts-csv:2026-09-08:sha256=f72687ee8bc6522054fe69dbfda6b91902c16af1ec2e043cde27bc6c29ad8176
ef45b897-ddad-4c2d-b166-6e51467569fa,3a3ab1e0-3cc9-4ebe-b982-fe04ffc187dc,7702047039168,ean13,true,open_dataset,0.7,open-food-facts-csv:2026-09-08:sha256=f72687ee8bc6522054fe69dbfda6b91902c16af1ec2e043cde27bc6c29ad8176
80e86db1-ce05-45b9-a991-8cf6b8d9f7a6,a54fb1ef-a40a-4d8c-b5eb-18124fa4430f,7702047039175,ean13,true,open_dataset,0.7,open-food-facts-csv:2026-09-08:sha256=f72687ee8bc6522054fe69dbfda6b91902c16af1ec2e043cde27bc6c29ad8176
0a5b9825-0594-4dd8-9d28-cee97b01f9ba,d31bcac5-5a3c-442f-b905-49083761dd9b,7702047039892,ean13,true,open_dataset,0.7,open-food-facts-csv:2026-09-08:sha256=f72687ee8bc6522054fe69dbfda6b91902c16af1ec2e043cde27bc6c29ad8176
31b321bb-e34b-4512-8b99-3c42b48faa4a,fca3d4c7-5c1d-437d-9753-e605ffa6c5a2,7702047039991,ean13,true,open_dataset,0.7,open-food-facts-csv:2026-09-08:sha256=f72687ee8bc6522054fe69dbfda6b91902c16af1ec2e043cde27bc6c29ad8176
4cbd12de-c642-4df9-8485-ba0b0ea188f0,36de108d-b52e-4ef9-94c2-598806c0abd9,7702047040539,ean13,true,open_dataset,0.7,open-food-facts-csv:2026-09-08:sha256=f72687ee8bc6522054fe69dbfda6b91902c16af1ec2e043cde27bc6c29ad8176
2d0efb10-19c2-4b48-9b3c-f2baab218757,5c83430f-debc-41d3-a77e-fb42f18369e4,7702047040843,ean13,true,open_dataset,0.7,open-food-facts-csv:2026-09-08:sha256=f72687ee8bc6522054fe69dbfda6b91902c16af1ec2e043cde27bc6c29ad8176
1c300837-a122-4887-b425-c8fbef259cfe,5b295b0b-ff53-4e93-9cf2-3d1b3eabf271,7702061455104,ean13,true,open_dataset,0.7,open-food-facts-csv:2026-09-08:sha256=f72687ee8bc6522054fe69dbfda6b91902c16af1ec2e043cde27bc6c29ad8176
117b6ac1-10df-480e-9a5d-eeaea8132bc8,bc241d38-658c-4f10-9ec1-a58b386b6771,7702084137520,ean13,true,open_dataset,0.7,open-food-facts-csv:2026-09-08:sha256=f72687ee8bc6522054fe69dbfda6b91902c16af1ec2e043cde27bc6c29ad8176
f6097018-4f50-4e83-8b0e-280ca3b9aa49,ab1df4e0-1a51-4e3c-a950-4ed503c4449e,7702084137551,ean13,true,open_dataset,0.7,open-food-facts-csv:2026-09-08:sha256=f72687ee8bc6522054fe69dbfda6b91902c16af1ec2e043cde27bc6c29ad8176
3961b20e-5eb3-464a-9de1-a1ed305e40ae,a54b8fe0-0a6c-4228-baf1-39476fc1985f,7702084137575,ean13,true,open_dataset,0.7,open-food-facts-csv:2026-09-08:sha256=f72687ee8bc6522054fe69dbfda6b91902c16af1ec2e043cde27bc6c29ad8176
68acb1f4-30c3-46bd-82cb-4d98dddc334e,50ec4a6f-546b-439d-806e-765454e42ca7,7702084137858,ean13,true,open_dataset,0.7,open-food-facts-csv:2026-09-08:sha256=f72687ee8bc6522054fe69dbfda6b91902c16af1ec2e043cde27bc6c29ad8176
0bf08782-8efa-4565-a093-db49cec738ee,b5a2c551-5dd2-429a-915d-4bdc2af06756,7702084137988,ean13,true,open_dataset,0.7,open-food-facts-csv:2026-09-08:sha256=f72687ee8bc6522054fe69dbfda6b91902c16af1ec2e043cde27bc6c29ad8176
854451b1-6e99-427d-93c2-1c77f37b94d7,9a3c2eeb-114e-430d-ad79-1de666063dfc,7702085001769,ean13,true,open_dataset,0.7,open-food-facts-csv:2026-09-08:sha256=f72687ee8bc6522054fe69dbfda6b91902c16af1ec2e043cde27bc6c29ad8176
7e1f6aa3-f548-4d90-bb85-e633a41a03fc,bc09f734-9ddc-4560-9d94-71ec5062b9b4,7702085001974,ean13,true,open_dataset,0.7,open-food-facts-csv:2026-09-08:sha256=f72687ee8bc6522054fe69dbfda6b91902c16af1ec2e043cde27bc6c29ad8176
98826b36-bcd2-406b-963b-07c50e9e6dc5,3483d2f7-debd-4f73-a6bf-d6547d270323,7702085002926,ean13,true,open_dataset,0.7,open-food-facts-csv:2026-09-08:sha256=f72687ee8bc6522054fe69dbfda6b91902c16af1ec2e043cde27bc6c29ad8176
871b4243-aa02-4901-9981-acf70327415a,aa3e1518-4d3e-4ff4-97ed-0db234403ffe,7702085002933,ean13,true,open_dataset,0.7,open-food-facts-csv:2026-09-08:sha256=f72687ee8bc6522054fe69dbfda6b91902c16af1ec2e043cde27bc6c29ad8176
38b72fc4-40e8-47e4-ba42-81d654d200e1,faf8dd2f-c63f-4db8-992d-20fbeb5cb861,7702085003503,ean13,true,open_dataset,0.7,open-food-facts-csv:2026-09-08:sha256=f72687ee8bc6522054fe69dbfda6b91902c16af1ec2e043cde27bc6c29ad8176
db77e57f-29b8-45d4-a8bf-cccf16f0d4a6,be9bb8a6-5b1a-42d5-b10e-682b6d0990c6,7702085003916,ean13,true,open_dataset,0.7,open-food-facts-csv:2026-09-08:sha256=f72687ee8bc6522054fe69dbfda6b91902c16af1ec2e043cde27bc6c29ad8176
c30904e3-3585-4247-93f6-c1eec4b84652,49399e02-dae4-49da-9d0c-b26f5d5048b9,7702085012499,ean13,true,open_dataset,0.7,open-food-facts-csv:2026-09-08:sha256=f72687ee8bc6522054fe69dbfda6b91902c16af1ec2e043cde27bc6c29ad8176
e893ddf2-08f0-4a9c-b4fb-e03a6ae64b86,1a36dff9-b079-4549-b4bf-64e99e2a25d2,7702085021842,ean13,true,open_dataset,0.7,open-food-facts-csv:2026-09-08:sha256=f72687ee8bc6522054fe69dbfda6b91902c16af1ec2e043cde27bc6c29ad8176
042f9015-961f-456c-90fa-23d2a5578078,735b450d-6b6b-4cfc-b378-2b08c3f7d2bb,7702085243022,ean13,true,open_dataset,0.7,open-food-facts-csv:2026-09-08:sha256=f72687ee8bc6522054fe69dbfda6b91902c16af1ec2e043cde27bc6c29ad8176
2a8fbc73-7f8f-40e8-b653-9fb7c2af581b,e38d48fe-ea54-43ed-92dd-3925dc8f79dc,7702090016369,ean13,true,open_dataset,0.7,open-food-facts-csv:2026-09-08:sha256=f72687ee8bc6522054fe69dbfda6b91902c16af1ec2e043cde27bc6c29ad8176
b93dd946-b774-4bf5-8a7a-a1cab9139b15,47748376-bfbb-4eb1-97a9-c94982ee8bcd,7702090016482,ean13,true,open_dataset,0.7,open-food-facts-csv:2026-09-08:sha256=f72687ee8bc6522054fe69dbfda6b91902c16af1ec2e043cde27bc6c29ad8176
b56706a5-40d1-4349-aca7-9bc46ac310e9,c0f07b01-e732-411f-80b2-d19f1b465f5e,7702090020847,ean13,true,open_dataset,0.7,open-food-facts-csv:2026-09-08:sha256=f72687ee8bc6522054fe69dbfda6b91902c16af1ec2e043cde27bc6c29ad8176
f936d237-580c-4a00-9353-7863f546343c,bf0d4fe6-00d9-4022-9258-acf33c2ba1c7,7702090020922,ean13,true,open_dataset,0.7,open-food-facts-csv:2026-09-08:sha256=f72687ee8bc6522054fe69dbfda6b91902c16af1ec2e043cde27bc6c29ad8176
262cd33b-70e4-4709-9a3a-014fb43d7cfe,bc6a147d-8508-4136-b54b-35a82e56e060,7702090022711,ean13,true,open_dataset,0.7,open-food-facts-csv:2026-09-08:sha256=f72687ee8bc6522054fe69dbfda6b91902c16af1ec2e043cde27bc6c29ad8176
d405c024-0781-4b78-9fb8-caf22d8b8691,6fd39fd8-fa81-4692-abc5-a44a4e79a882,7702090022728,ean13,true,open_dataset,0.7,open-food-facts-csv:2026-09-08:sha256=f72687ee8bc6522054fe69dbfda6b91902c16af1ec2e043cde27bc6c29ad8176
1686e6fc-5bf5-4707-95c6-ff2fe67e81b6,12142915-25b3-42bb-b4bc-651688241671,7702090023893,ean13,true,open_dataset,0.7,open-food-facts-csv:2026-09-08:sha256=f72687ee8bc6522054fe69dbfda6b91902c16af1ec2e043cde27bc6c29ad8176
4fd05ec1-04f0-4fdc-9642-f61681444023,3b7299c1-a82e-4de5-99ab-80709fdbb0f2,7702090027839,ean13,true,open_dataset,0.7,open-food-facts-csv:2026-09-08:sha256=f72687ee8bc6522054fe69dbfda6b91902c16af1ec2e043cde27bc6c29ad8176
d0333c6a-375a-46ff-bd21-6d3e1ac0a0de,87ba2aab-6172-4dd1-981a-d4a16d19c728,7702090033601,ean13,true,open_dataset,0.7,open-food-facts-csv:2026-09-08:sha256=f72687ee8bc6522054fe69dbfda6b91902c16af1ec2e043cde27bc6c29ad8176
a52ac126-47a6-42b8-b11c-3ec8598dc9f3,aa28a96f-c169-4401-b146-5a5798cf1e7a,7702090034134,ean13,true,open_dataset,0.7,open-food-facts-csv:2026-09-08:sha256=f72687ee8bc6522054fe69dbfda6b91902c16af1ec2e043cde27bc6c29ad8176
1941aea2-a99b-4bba-852b-359f318d4090,2eb2e815-db74-4196-8a2e-3465a97abfac,7702090035025,ean13,true,open_dataset,0.7,open-food-facts-csv:2026-09-08:sha256=f72687ee8bc6522054fe69dbfda6b91902c16af1ec2e043cde27bc6c29ad8176
307617f0-6045-4f00-b4a0-5c21d23d6232,8e8ba14c-113e-45e9-97f4-80e83e6e6f16,7702090035810,ean13,true,open_dataset,0.7,open-food-facts-csv:2026-09-08:sha256=f72687ee8bc6522054fe69dbfda6b91902c16af1ec2e043cde27bc6c29ad8176
96d7ba78-2821-4466-8693-466cc9d35b82,813a1ec5-c57d-4d5a-8e35-eb29effa143d,7702090036534,ean13,true,open_dataset,0.7,open-food-facts-csv:2026-09-08:sha256=f72687ee8bc6522054fe69dbfda6b91902c16af1ec2e043cde27bc6c29ad8176
e00eddb4-8262-4617-8c85-6f97a057b3b2,61261a5b-04b8-49cc-be69-fab443ffc4d9,7702090038064,ean13,true,open_dataset,0.7,open-food-facts-csv:2026-09-08:sha256=f72687ee8bc6522054fe69dbfda6b91902c16af1ec2e043cde27bc6c29ad8176
29b3fced-f176-42c7-b110-41965caad5f2,45f38637-6fa9-4b6f-a2b4-53ea61f5e23d,7702090040333,ean13,true,open_dataset,0.7,open-food-facts-csv:2026-09-08:sha256=f72687ee8bc6522054fe69dbfda6b91902c16af1ec2e043cde27bc6c29ad8176
501078a8-8b51-4dc8-9d76-4bb9fdede325,27fc63c0-fbc1-478d-a4c9-d20c3e66954f,7702090041521,ean13,true,open_dataset,0.7,open-food-facts-csv:2026-09-08:sha256=f72687ee8bc6522054fe69dbfda6b91902c16af1ec2e043cde27bc6c29ad8176
01e1b614-9272-4236-8fc4-d496dde8a4b0,c5175181-6c08-4d67-aa43-35a69c896a58,7702090042818,ean13,true,open_dataset,0.7,open-food-facts-csv:2026-09-08:sha256=f72687ee8bc6522054fe69dbfda6b91902c16af1ec2e043cde27bc6c29ad8176
50a54e89-e94f-484f-a80e-f722b8e23535,721c11d4-2695-40a0-88c8-c82c2b8c4d6c,7702090048445,ean13,true,open_dataset,0.7,open-food-facts-csv:2026-09-08:sha256=f72687ee8bc6522054fe69dbfda6b91902c16af1ec2e043cde27bc6c29ad8176
c4535857-abe8-496d-b2ce-96323134bca5,3a02ebc1-23a0-498a-9038-111d698e7348,7702090048452,ean13,true,open_dataset,0.7,open-food-facts-csv:2026-09-08:sha256=f72687ee8bc6522054fe69dbfda6b91902c16af1ec2e043cde27bc6c29ad8176
065003d3-3b9f-4144-b779-f9a529ce60da,dd0d4d39-333d-4523-be6a-f4b654e675eb,7702090048469,ean13,true,open_dataset,0.7,open-food-facts-csv:2026-09-08:sha256=f72687ee8bc6522054fe69dbfda6b91902c16af1ec2e043cde27bc6c29ad8176
746eaa04-1c92-4fcf-abad-41d4e8dece62,cbb935d4-017c-4dee-a7cc-f80bba735cb7,7702090048476,ean13,true,open_dataset,0.7,open-food-facts-csv:2026-09-08:sha256=f72687ee8bc6522054fe69dbfda6b91902c16af1ec2e043cde27bc6c29ad8176
87d1405a-d27e-40f3-a064-94c3302d00ed,0a0ed5d7-e0f1-4ffa-8516-03f29cb2ba06,7702090048704,ean13,true,open_dataset,0.7,open-food-facts-csv:2026-09-08:sha256=f72687ee8bc6522054fe69dbfda6b91902c16af1ec2e043cde27bc6c29ad8176
9e3af732-dce5-4279-aad1-9b9cc66dff07,32bd7fe8-aa9b-432a-b1ea-560a3eaa3e40,7702090050868,ean13,true,open_dataset,0.7,open-food-facts-csv:2026-09-08:sha256=f72687ee8bc6522054fe69dbfda6b91902c16af1ec2e043cde27bc6c29ad8176
57a2bd44-5008-46bd-8eee-7c5d25f4ec8e,b4705836-dab0-4d8f-ae9e-21d1b06e9945,7702090051704,ean13,true,open_dataset,0.7,open-food-facts-csv:2026-09-08:sha256=f72687ee8bc6522054fe69dbfda6b91902c16af1ec2e043cde27bc6c29ad8176
c2f4cc57-ccbc-4504-8a9d-ccbff081e700,5e48483e-6139-4a27-90f5-a0fc91caa5ae,7702090051773,ean13,true,open_dataset,0.7,open-food-facts-csv:2026-09-08:sha256=f72687ee8bc6522054fe69dbfda6b91902c16af1ec2e043cde27bc6c29ad8176
a83c57f1-5c43-4ed1-a150-d35f369157c7,41fbcdf4-d545-46e7-b1de-1d2d0a8fcf93,7702090063462,ean13,true,open_dataset,0.7,open-food-facts-csv:2026-09-08:sha256=f72687ee8bc6522054fe69dbfda6b91902c16af1ec2e043cde27bc6c29ad8176
4f97d957-fc95-4164-bc3d-738e37999bb2,35216c9e-2ef6-4692-9675-0743c581bf64,7702090064599,ean13,true,open_dataset,0.7,open-food-facts-csv:2026-09-08:sha256=f72687ee8bc6522054fe69dbfda6b91902c16af1ec2e043cde27bc6c29ad8176
344886e7-0a01-45bf-a502-fea12ced9198,e0d08b71-998d-44a9-9400-628c3bc91960,7702090065336,ean13,true,open_dataset,0.7,open-food-facts-csv:2026-09-08:sha256=f72687ee8bc6522054fe69dbfda6b91902c16af1ec2e043cde27bc6c29ad8176
870de3f3-ef34-4632-b37b-626baaa1195f,740af1c1-bd47-421e-aacb-0a20c36697af,7702090097245,ean13,true,open_dataset,0.7,open-food-facts-csv:2026-09-08:sha256=f72687ee8bc6522054fe69dbfda6b91902c16af1ec2e043cde27bc6c29ad8176
fef93d37-7c6e-472f-8e65-429197ff8707,cc67f655-e2e2-4aa0-aca0-2cf7c0c579a3,7702097036643,ean13,true,open_dataset,0.7,open-food-facts-csv:2026-09-08:sha256=f72687ee8bc6522054fe69dbfda6b91902c16af1ec2e043cde27bc6c29ad8176
d523e167-7f94-4326-9dbd-b1d904c70352,16ea0b87-caf3-4718-8ef5-cf6bd59828b5,7702097036650,ean13,true,open_dataset,0.7,open-food-facts-csv:2026-09-08:sha256=f72687ee8bc6522054fe69dbfda6b91902c16af1ec2e043cde27bc6c29ad8176
cdb3c3fc-d1a3-4f19-9e40-d7728a41af13,2a8ade43-71e1-4ada-b5c6-d71e92f45513,7702097051325,ean13,true,open_dataset,0.7,open-food-facts-csv:2026-09-08:sha256=f72687ee8bc6522054fe69dbfda6b91902c16af1ec2e043cde27bc6c29ad8176
26e506e9-c4e7-46ba-92c3-60b680e05bf8,21d6e8dd-88cd-498d-8595-17eefd638335,7702097057822,ean13,true,open_dataset,0.7,open-food-facts-csv:2026-09-08:sha256=f72687ee8bc6522054fe69dbfda6b91902c16af1ec2e043cde27bc6c29ad8176
34c3b8b0-c1d1-413a-a5ac-b1ff32a41d1f,1abfa9a6-2d08-4317-813f-80a80d20aecc,7702097086556,ean13,true,open_dataset,0.7,open-food-facts-csv:2026-09-08:sha256=f72687ee8bc6522054fe69dbfda6b91902c16af1ec2e043cde27bc6c29ad8176
39f6fa28-be8b-411e-b530-47cf020c852d,b732d87d-7adc-40c9-863d-5bf717de9277,7702103000262,ean13,true,open_dataset,0.7,open-food-facts-csv:2026-09-08:sha256=f72687ee8bc6522054fe69dbfda6b91902c16af1ec2e043cde27bc6c29ad8176
43163211-6892-404b-894e-52f6dccac534,ba5c6c80-090d-4745-aaa1-b78bb30c018e,7702103000972,ean13,true,open_dataset,0.7,open-food-facts-csv:2026-09-08:sha256=f72687ee8bc6522054fe69dbfda6b91902c16af1ec2e043cde27bc6c29ad8176
1f7ac3f7-f2dc-44fe-b8ed-36533d8c0862,6521263f-c027-44e0-b966-5368cfc08993,7702103001245,ean13,true,open_dataset,0.7,open-food-facts-csv:2026-09-08:sha256=f72687ee8bc6522054fe69dbfda6b91902c16af1ec2e043cde27bc6c29ad8176
049eb43f-e190-46cf-9bd8-a820b2ce79bf,2d0ce0ae-2583-4526-8719-f777de73e804,7702103001504,ean13,true,open_dataset,0.7,open-food-facts-csv:2026-09-08:sha256=f72687ee8bc6522054fe69dbfda6b91902c16af1ec2e043cde27bc6c29ad8176
378545ff-21a9-4a12-aaed-7b3a96e85c3b,0ea7c035-0381-4435-aa87-9a717776ed5f,7702103002150,ean13,true,open_dataset,0.7,open-food-facts-csv:2026-09-08:sha256=f72687ee8bc6522054fe69dbfda6b91902c16af1ec2e043cde27bc6c29ad8176
587a6e47-684e-4723-aaa1-cb097e5c5838,1bacc7ee-08b6-44d2-9f93-814d416e282c,7702103002396,ean13,true,open_dataset,0.7,open-food-facts-csv:2026-09-08:sha256=f72687ee8bc6522054fe69dbfda6b91902c16af1ec2e043cde27bc6c29ad8176
e97c7810-b7aa-4343-b891-43111eca59fa,01125f40-0e3a-4063-b908-dd0cca272cce,7702103015020,ean13,true,open_dataset,0.7,open-food-facts-csv:2026-09-08:sha256=f72687ee8bc6522054fe69dbfda6b91902c16af1ec2e043cde27bc6c29ad8176
b848c257-0182-4113-a52b-af5c41e26112,5d7add28-c54d-4f75-ba3c-cd1cb636a67d,7702103019370,ean13,true,open_dataset,0.7,open-food-facts-csv:2026-09-08:sha256=f72687ee8bc6522054fe69dbfda6b91902c16af1ec2e043cde27bc6c29ad8176
d55c63dc-d9ab-4a6e-be8e-a42f47959494,0882cb29-e6dd-4431-bdff-9edaec5adf4b,7702103123947,ean13,true,open_dataset,0.7,open-food-facts-csv:2026-09-08:sha256=f72687ee8bc6522054fe69dbfda6b91902c16af1ec2e043cde27bc6c29ad8176
4cea0586-ec37-49ea-88d6-7629d5bdf951,9684f74c-d77e-4b88-aeb7-e09d737e526a,7702103294692,ean13,true,open_dataset,0.7,open-food-facts-csv:2026-09-08:sha256=f72687ee8bc6522054fe69dbfda6b91902c16af1ec2e043cde27bc6c29ad8176
256669de-e2f7-4b16-a265-f8404d88744b,779e37f1-b255-4036-9d31-17e58e301a21,7702103668349,ean13,true,open_dataset,0.7,open-food-facts-csv:2026-09-08:sha256=f72687ee8bc6522054fe69dbfda6b91902c16af1ec2e043cde27bc6c29ad8176
1d64476b-0933-44e2-bf7b-2a007f410765,ebcdcfb7-2e2e-4f92-87fb-2848f6b23f2a,7702103863454,ean13,true,open_dataset,0.7,open-food-facts-csv:2026-09-08:sha256=f72687ee8bc6522054fe69dbfda6b91902c16af1ec2e043cde27bc6c29ad8176
86705a6b-7505-4625-b216-a2d5f99953b0,fd12140f-1e65-4cbc-9559-0fec1e5604f9,7702103884398,ean13,true,open_dataset,0.7,open-food-facts-csv:2026-09-08:sha256=f72687ee8bc6522054fe69dbfda6b91902c16af1ec2e043cde27bc6c29ad8176
a22e36fe-6871-4cdb-9a32-9ceb4872ab4d,5a403fcf-a8f7-4ced-9c56-a801b13473c9,7702104010147,ean13,true,open_dataset,0.7,open-food-facts-csv:2026-09-08:sha256=f72687ee8bc6522054fe69dbfda6b91902c16af1ec2e043cde27bc6c29ad8176
34ecd2bc-5855-4bc9-8b92-9c8d60d1d8c1,c27bab9e-3c26-40d4-bd90-0c007d522e13,7702109012009,ean13,true,open_dataset,0.7,open-food-facts-csv:2026-09-08:sha256=f72687ee8bc6522054fe69dbfda6b91902c16af1ec2e043cde27bc6c29ad8176
64425dee-8df9-4d07-9e08-8efe4b283708,83d6fe59-24c7-4f85-9e96-802f26d5a386,7702109999980,ean13,true,open_dataset,0.7,open-food-facts-csv:2026-09-08:sha256=f72687ee8bc6522054fe69dbfda6b91902c16af1ec2e043cde27bc6c29ad8176
8566f96d-6bbe-4d8d-8836-2c406e1c07f4,720edcea-5ef0-40cd-9c8d-685644f56cad,7702117001941,ean13,true,open_dataset,0.7,open-food-facts-csv:2026-09-08:sha256=f72687ee8bc6522054fe69dbfda6b91902c16af1ec2e043cde27bc6c29ad8176
6f9d5f06-e11d-495a-9739-fc2df86aa322,b6c71e8c-f316-4e56-b6cf-b2dc30344074,7702117009626,ean13,true,open_dataset,0.7,open-food-facts-csv:2026-09-08:sha256=f72687ee8bc6522054fe69dbfda6b91902c16af1ec2e043cde27bc6c29ad8176
60a5142d-a3ca-4a25-bac6-3d0ab8ebbaa1,e7b7d568-2343-4d74-9e1e-e40f2615e293,7702117131532,ean13,true,open_dataset,0.7,open-food-facts-csv:2026-09-08:sha256=f72687ee8bc6522054fe69dbfda6b91902c16af1ec2e043cde27bc6c29ad8176
261cc5f0-8d53-4e19-b84a-1512188d62c2,12b15209-856b-42ae-a09a-79007e545f56,7702129004572,ean13,true,open_dataset,0.7,open-food-facts-csv:2026-09-08:sha256=f72687ee8bc6522054fe69dbfda6b91902c16af1ec2e043cde27bc6c29ad8176
ae8bbc5f-3ded-4f75-841d-1ac59bb2502a,54529e8e-8d18-430b-b560-26e11d62300a,7702129006460,ean13,true,open_dataset,0.7,open-food-facts-csv:2026-09-08:sha256=f72687ee8bc6522054fe69dbfda6b91902c16af1ec2e043cde27bc6c29ad8176
bab53d15-a1d6-41cc-9809-ffc292e26446,1311a119-91aa-4480-8087-64c2cd517c03,7702129015400,ean13,true,open_dataset,0.7,open-food-facts-csv:2026-09-08:sha256=f72687ee8bc6522054fe69dbfda6b91902c16af1ec2e043cde27bc6c29ad8176
d4fd2ea6-f92d-4e67-8c87-aa3c047913f8,23c65cb1-1c2f-44de-8dcb-5735501c7b87,7702129015523,ean13,true,open_dataset,0.7,open-food-facts-csv:2026-09-08:sha256=f72687ee8bc6522054fe69dbfda6b91902c16af1ec2e043cde27bc6c29ad8176
e149585b-5604-4d2b-ace1-7a0b846124c2,f0fa64e5-079b-4fd5-bdca-022d7dc1a4ef,7702129019255,ean13,true,open_dataset,0.7,open-food-facts-csv:2026-09-08:sha256=f72687ee8bc6522054fe69dbfda6b91902c16af1ec2e043cde27bc6c29ad8176
3da7c280-eb65-4e52-a381-d0fed23cb239,4f5476e2-a14c-471f-a0c0-c33aa701c56c,7702129019316,ean13,true,open_dataset,0.7,open-food-facts-csv:2026-09-08:sha256=f72687ee8bc6522054fe69dbfda6b91902c16af1ec2e043cde27bc6c29ad8176
2e5c6414-20bb-4be9-9638-66505193207d,0eeeffbd-feda-4606-b14c-7bd56d167eec,7702129020756,ean13,true,open_dataset,0.7,open-food-facts-csv:2026-09-08:sha256=f72687ee8bc6522054fe69dbfda6b91902c16af1ec2e043cde27bc6c29ad8176
bfa7cdf1-6aae-4ffc-8343-50504f8d1c19,d82d2bdd-783e-4abd-bd84-eeca091d7cb1,7702129025294,ean13,true,open_dataset,0.7,open-food-facts-csv:2026-09-08:sha256=f72687ee8bc6522054fe69dbfda6b91902c16af1ec2e043cde27bc6c29ad8176
71083a39-bb20-4507-b40c-ca4530ecbb50,a7aa01cc-b085-4b0d-ac2b-01be802d71ba,7702129041348,ean13,true,open_dataset,0.7,open-food-facts-csv:2026-09-08:sha256=f72687ee8bc6522054fe69dbfda6b91902c16af1ec2e043cde27bc6c29ad8176
6cbb0ef4-648a-44f7-aedf-cfeaa2c7c3ac,96881533-99f7-41da-948e-9001a01fdba2,7702129041522,ean13,true,open_dataset,0.7,open-food-facts-csv:2026-09-08:sha256=f72687ee8bc6522054fe69dbfda6b91902c16af1ec2e043cde27bc6c29ad8176
1570d36e-84ea-457f-b7ab-0820c7e63f75,fe1eb7a5-d92e-462e-b2d4-83fdbde2d9b0,7702129075114,ean13,true,open_dataset,0.7,open-food-facts-csv:2026-09-08:sha256=f72687ee8bc6522054fe69dbfda6b91902c16af1ec2e043cde27bc6c29ad8176
59117171-0995-4064-9995-fd5be766f002,f4effd00-39e1-44e1-9a59-98a6e7c68592,7702129077279,ean13,true,open_dataset,0.7,open-food-facts-csv:2026-09-08:sha256=f72687ee8bc6522054fe69dbfda6b91902c16af1ec2e043cde27bc6c29ad8176
a70e3af3-e869-4f37-a811-c9ad1f3c4471,7854648f-8cb4-499e-9948-8b8b3d4ca110,7702133006661,ean13,true,open_dataset,0.7,open-food-facts-csv:2026-09-08:sha256=f72687ee8bc6522054fe69dbfda6b91902c16af1ec2e043cde27bc6c29ad8176
19642aea-957b-4b9d-a745-8143b807989c,0772b7fa-53b5-427c-8743-75d07b3155b9,7702133009037,ean13,true,open_dataset,0.7,open-food-facts-csv:2026-09-08:sha256=f72687ee8bc6522054fe69dbfda6b91902c16af1ec2e043cde27bc6c29ad8176
22050201-3144-43c7-9f73-5eebc2ae4fab,91b86628-7d40-49d8-8299-d416a2227613,7702133862861,ean13,true,open_dataset,0.7,open-food-facts-csv:2026-09-08:sha256=f72687ee8bc6522054fe69dbfda6b91902c16af1ec2e043cde27bc6c29ad8176
96384d21-f9b1-42b6-bc27-d382ec6c04e6,4a414300-5711-472b-9e45-55a335a437a8,7702141000224,ean13,true,open_dataset,0.7,open-food-facts-csv:2026-09-08:sha256=f72687ee8bc6522054fe69dbfda6b91902c16af1ec2e043cde27bc6c29ad8176
dad14532-2391-4403-a654-497dd71a7344,e7d66b07-8ffa-41a1-915c-8a15c6e859e1,7702141003256,ean13,true,open_dataset,0.7,open-food-facts-csv:2026-09-08:sha256=f72687ee8bc6522054fe69dbfda6b91902c16af1ec2e043cde27bc6c29ad8176
fcc862a5-2e24-436d-ac1e-e3977a611d08,b33cbe19-d120-4cdc-ba2c-78448d5834ba,7702141004963,ean13,true,open_dataset,0.7,open-food-facts-csv:2026-09-08:sha256=f72687ee8bc6522054fe69dbfda6b91902c16af1ec2e043cde27bc6c29ad8176
7daa6791-68b9-42ec-a711-a4a2b52e1368,d37b0de1-a958-4147-a58c-a0ecb98b79a5,7702141008343,ean13,true,open_dataset,0.7,open-food-facts-csv:2026-09-08:sha256=f72687ee8bc6522054fe69dbfda6b91902c16af1ec2e043cde27bc6c29ad8176
62069df6-4ef3-408e-9b66-a7bb6a95c3cb,20c29298-5626-4115-b355-2baec5f186cb,7702141009470,ean13,true,open_dataset,0.7,open-food-facts-csv:2026-09-08:sha256=f72687ee8bc6522054fe69dbfda6b91902c16af1ec2e043cde27bc6c29ad8176
77bf7fd6-28f3-466b-8484-e36aa767e558,4aa683be-618d-46a8-828a-05f4c4c9d616,7702141676573,ean13,true,open_dataset,0.7,open-food-facts-csv:2026-09-08:sha256=f72687ee8bc6522054fe69dbfda6b91902c16af1ec2e043cde27bc6c29ad8176
be422cc7-86ec-4de4-8c39-c5ef182215a3,ee22a752-9a86-4bcf-a007-b2bf650acbcd,7702152001036,ean13,true,open_dataset,0.7,open-food-facts-csv:2026-09-08:sha256=f72687ee8bc6522054fe69dbfda6b91902c16af1ec2e043cde27bc6c29ad8176
c178e32d-c564-480b-b1f0-3586a7205306,f8651e64-6d2c-47af-963f-be9c6d130629,7702152001821,ean13,true,open_dataset,0.7,open-food-facts-csv:2026-09-08:sha256=f72687ee8bc6522054fe69dbfda6b91902c16af1ec2e043cde27bc6c29ad8176
cf99c893-d7c8-4055-aa5d-435bddbd1c7b,ee501a85-65a5-4a89-8879-067bf944d039,7702152008950,ean13,true,open_dataset,0.7,open-food-facts-csv:2026-09-08:sha256=f72687ee8bc6522054fe69dbfda6b91902c16af1ec2e043cde27bc6c29ad8176
5c60a8b5-efa7-483d-b997-24a9a21994e5,61ff9647-d5cf-4fa0-b1f8-6ba0d01771eb,7702160001288,ean13,true,open_dataset,0.7,open-food-facts-csv:2026-09-08:sha256=f72687ee8bc6522054fe69dbfda6b91902c16af1ec2e043cde27bc6c29ad8176
d6fb9a8d-076e-491f-86ad-e3ce1866336f,b9fa22dc-85e1-4327-8528-d34a98c5afa1,7702160002537,ean13,true,open_dataset,0.7,open-food-facts-csv:2026-09-08:sha256=f72687ee8bc6522054fe69dbfda6b91902c16af1ec2e043cde27bc6c29ad8176
6189afd7-26a2-4eb5-afdb-a298fbc05647,b6872941-50e5-4163-8412-7325e0f14ba2,7702161002000,ean13,true,open_dataset,0.7,open-food-facts-csv:2026-09-08:sha256=f72687ee8bc6522054fe69dbfda6b91902c16af1ec2e043cde27bc6c29ad8176
da1caed6-8ced-468e-9fa3-00818b48ca81,7777cd2c-a324-42b7-b1ea-46f742ce3081,7702167125031,ean13,true,open_dataset,0.7,open-food-facts-csv:2026-09-08:sha256=f72687ee8bc6522054fe69dbfda6b91902c16af1ec2e043cde27bc6c29ad8176
6a36ba21-f453-4682-9554-90af81d86f8a,33e69bd0-7cdf-42c6-9350-2d2b4bcb53b5,7702174066938,ean13,true,open_dataset,0.7,open-food-facts-csv:2026-09-08:sha256=f72687ee8bc6522054fe69dbfda6b91902c16af1ec2e043cde27bc6c29ad8176
f1fdbc42-1586-4606-982c-617b17d782e6,fe413663-89df-48b0-90a0-c341f6a8904a,7702174072878,ean13,true,open_dataset,0.7,open-food-facts-csv:2026-09-08:sha256=f72687ee8bc6522054fe69dbfda6b91902c16af1ec2e043cde27bc6c29ad8176
2e63d624-69b5-4f3f-a5d3-2f0026feca36,368f56fc-2f3a-422c-99b6-ceb8467d14de,7702174079075,ean13,true,open_dataset,0.7,open-food-facts-csv:2026-09-08:sha256=f72687ee8bc6522054fe69dbfda6b91902c16af1ec2e043cde27bc6c29ad8176
b1e925ca-bad0-44bc-806f-69b7365ba8aa,571d963d-12df-4f8f-8270-5d10b6760da2,7702174079433,ean13,true,open_dataset,0.7,open-food-facts-csv:2026-09-08:sha256=f72687ee8bc6522054fe69dbfda6b91902c16af1ec2e043cde27bc6c29ad8176
c3f0f7f4-73f3-41a6-9597-423919fde9fb,f7753a19-5e8c-4dc2-95d7-432e2065af43,7702174083454,ean13,true,open_dataset,0.7,open-food-facts-csv:2026-09-08:sha256=f72687ee8bc6522054fe69dbfda6b91902c16af1ec2e043cde27bc6c29ad8176
ba2f5107-7cc1-4889-86cc-d083cefbb998,3dda44ee-55d8-4c6a-956a-233887e9162e,7702174084482,ean13,true,open_dataset,0.7,open-food-facts-csv:2026-09-08:sha256=f72687ee8bc6522054fe69dbfda6b91902c16af1ec2e043cde27bc6c29ad8176
e1d20f51-ba9a-4620-8fe2-7f0cbaa3b938,e41f2da6-8ac8-494c-a6b9-38d2db8d30ae,7702177001790,ean13,true,open_dataset,0.7,open-food-facts-csv:2026-09-08:sha256=f72687ee8bc6522054fe69dbfda6b91902c16af1ec2e043cde27bc6c29ad8176
8b8bd260-8236-42c7-9c13-fc5635537c63,29e0ad02-a2fb-4f09-ba84-c2643e18e650,7702177002865,ean13,true,open_dataset,0.7,open-food-facts-csv:2026-09-08:sha256=f72687ee8bc6522054fe69dbfda6b91902c16af1ec2e043cde27bc6c29ad8176
7b78c90d-d4dd-4c77-9aea-96be6cfcc511,8470b403-872c-4e4a-b662-e946dce5747c,7702177004210,ean13,true,open_dataset,0.7,open-food-facts-csv:2026-09-08:sha256=f72687ee8bc6522054fe69dbfda6b91902c16af1ec2e043cde27bc6c29ad8176
dcdb10fd-53ab-48ed-846c-eef01918bc72,257e5b2d-2894-48d1-9b8e-b600aef47595,7702177004234,ean13,true,open_dataset,0.7,open-food-facts-csv:2026-09-08:sha256=f72687ee8bc6522054fe69dbfda6b91902c16af1ec2e043cde27bc6c29ad8176
aa7d133c-f6c3-4e33-bdf4-38a5932006a9,ed7d243a-16bd-4f4a-9d30-df547758e1e8,7702177009208,ean13,true,open_dataset,0.7,open-food-facts-csv:2026-09-08:sha256=f72687ee8bc6522054fe69dbfda6b91902c16af1ec2e043cde27bc6c29ad8176
142626a6-06c0-4ff0-8a87-1ac66658155e,ee68edf6-7486-4790-bc31-abf76541f72b,7702177019245,ean13,true,open_dataset,0.7,open-food-facts-csv:2026-09-08:sha256=f72687ee8bc6522054fe69dbfda6b91902c16af1ec2e043cde27bc6c29ad8176
c7ab3b8f-90c8-4f60-8cb4-f2b5f63a5c9d,3f304d7d-fc0c-4515-b526-3dcdd39d246c,7702177021316,ean13,true,open_dataset,0.7,open-food-facts-csv:2026-09-08:sha256=f72687ee8bc6522054fe69dbfda6b91902c16af1ec2e043cde27bc6c29ad8176
5c00922b-4aa8-4751-a402-e789e5f47ebf,a4709236-8e0d-4bb2-88db-05c388508de7,7702177022337,ean13,true,open_dataset,0.7,open-food-facts-csv:2026-09-08:sha256=f72687ee8bc6522054fe69dbfda6b91902c16af1ec2e043cde27bc6c29ad8176
add8cbfe-34d0-4e11-82dc-a4b38ffec982,edd57d84-1a15-4046-ba16-d4175cbd43f6,7702189000019,ean13,true,open_dataset,0.7,open-food-facts-csv:2026-09-08:sha256=f72687ee8bc6522054fe69dbfda6b91902c16af1ec2e043cde27bc6c29ad8176
03bac5f1-1a2c-4ef1-80af-c14ccaceeca3,f0197e83-f6a8-41fc-9e6c-91d13918dd90,7702189012494,ean13,true,open_dataset,0.7,open-food-facts-csv:2026-09-08:sha256=f72687ee8bc6522054fe69dbfda6b91902c16af1ec2e043cde27bc6c29ad8176
0bc63f9a-06e2-4d97-8acb-143fd5faad87,d56e709c-4045-4381-9c42-75c42370becb,7702189012531,ean13,true,open_dataset,0.7,open-food-facts-csv:2026-09-08:sha256=f72687ee8bc6522054fe69dbfda6b91902c16af1ec2e043cde27bc6c29ad8176
c94b96c8-22b7-4f24-8b3d-4cc97b94b480,1c0e14e3-bee4-46fe-b731-3b2ee0c141af,7702189012579,ean13,true,open_dataset,0.7,open-food-facts-csv:2026-09-08:sha256=f72687ee8bc6522054fe69dbfda6b91902c16af1ec2e043cde27bc6c29ad8176
5baa0830-0574-4e5a-bfa4-33e7da6d0a03,650d1f2c-e7cf-4de7-95a7-fc71a0ea3067,7702189028808,ean13,true,open_dataset,0.7,open-food-facts-csv:2026-09-08:sha256=f72687ee8bc6522054fe69dbfda6b91902c16af1ec2e043cde27bc6c29ad8176
410fd0d1-360e-4e7b-9caf-12de42b34b21,11eedecf-6f20-4d6a-b8d1-f7b894718c3c,7702189033093,ean13,true,open_dataset,0.7,open-food-facts-csv:2026-09-08:sha256=f72687ee8bc6522054fe69dbfda6b91902c16af1ec2e043cde27bc6c29ad8176
34968f16-7587-41b5-8d94-12fa7efbf31d,349756da-f01e-4565-9c97-6155f192682e,7702189035141,ean13,true,open_dataset,0.7,open-food-facts-csv:2026-09-08:sha256=f72687ee8bc6522054fe69dbfda6b91902c16af1ec2e043cde27bc6c29ad8176
b62ef7fa-2c59-4cda-a961-27a60613576b,68c50b07-f7e6-4998-9f87-8ad289df6b56,7702189045287,ean13,true,open_dataset,0.7,open-food-facts-csv:2026-09-08:sha256=f72687ee8bc6522054fe69dbfda6b91902c16af1ec2e043cde27bc6c29ad8176
96ea62de-276d-40e5-83f8-148f728d0ab4,1f7908eb-988a-4f63-ab7f-0ca1079809c5,7702189045751,ean13,true,open_dataset,0.7,open-food-facts-csv:2026-09-08:sha256=f72687ee8bc6522054fe69dbfda6b91902c16af1ec2e043cde27bc6c29ad8176
8b422cb1-3fda-4bd7-9931-2837a75e587a,7568562a-cc65-4574-9c70-12256dd6eca8,7702189045775,ean13,true,open_dataset,0.7,open-food-facts-csv:2026-09-08:sha256=f72687ee8bc6522054fe69dbfda6b91902c16af1ec2e043cde27bc6c29ad8176
b95b8158-71f6-4eae-9c4b-13ac0b71957e,10cfe5f9-1f60-4af4-b98c-1ab190d3db73,7702189045799,ean13,true,open_dataset,0.7,open-food-facts-csv:2026-09-08:sha256=f72687ee8bc6522054fe69dbfda6b91902c16af1ec2e043cde27bc6c29ad8176
f84ea583-e61d-429a-9952-00b142af4e9c,db2523af-0ccf-4d6c-a3dd-194e93b5082e,7702189048233,ean13,true,open_dataset,0.7,open-food-facts-csv:2026-09-08:sha256=f72687ee8bc6522054fe69dbfda6b91902c16af1ec2e043cde27bc6c29ad8176
3c4c46ac-245e-4820-8729-72685abddec7,e0015085-f5ce-474f-af65-340cf0bc9740,7702189050137,ean13,true,open_dataset,0.7,open-food-facts-csv:2026-09-08:sha256=f72687ee8bc6522054fe69dbfda6b91902c16af1ec2e043cde27bc6c29ad8176
447ec481-7db3-4430-927c-e20633c98c8c,3795988b-9450-47a8-90b6-51c84a2b1833,7702189051455,ean13,true,open_dataset,0.7,open-food-facts-csv:2026-09-08:sha256=f72687ee8bc6522054fe69dbfda6b91902c16af1ec2e043cde27bc6c29ad8176
59dd416c-d90b-4e62-bdf3-efd619b6c5a4,6979eb2e-91a7-4f15-9932-ffb0474f7ff7,7702189053077,ean13,true,open_dataset,0.7,open-food-facts-csv:2026-09-08:sha256=f72687ee8bc6522054fe69dbfda6b91902c16af1ec2e043cde27bc6c29ad8176
00191aaa-efd5-4e00-a8ee-ddb15ce4f32a,43e1a0fb-610b-448c-aaf1-e038941485c6,7702189053121,ean13,true,open_dataset,0.7,open-food-facts-csv:2026-09-08:sha256=f72687ee8bc6522054fe69dbfda6b91902c16af1ec2e043cde27bc6c29ad8176
cca70310-dd64-4a7c-bb60-65484b44335c,fbc4ce8c-6410-4e5f-b80b-dac007f8993b,7702189053312,ean13,true,open_dataset,0.7,open-food-facts-csv:2026-09-08:sha256=f72687ee8bc6522054fe69dbfda6b91902c16af1ec2e043cde27bc6c29ad8176
5da3155f-c83d-44b7-91d3-ec18f823a7b9,be3cdfff-3fac-4d9c-96e3-687e4b14bd9a,7702189053787,ean13,true,open_dataset,0.7,open-food-facts-csv:2026-09-08:sha256=f72687ee8bc6522054fe69dbfda6b91902c16af1ec2e043cde27bc6c29ad8176
712e806f-58f8-4855-bc27-e540ba431fa7,b6b2345b-1550-44ef-9033-1e71581c1419,7702189054210,ean13,true,open_dataset,0.7,open-food-facts-csv:2026-09-08:sha256=f72687ee8bc6522054fe69dbfda6b91902c16af1ec2e043cde27bc6c29ad8176
e4ae8d14-3c11-4e15-b5cb-78a34aa3213f,078056a0-cd50-433d-96f8-daa312bc542c,7702189055170,ean13,true,open_dataset,0.7,open-food-facts-csv:2026-09-08:sha256=f72687ee8bc6522054fe69dbfda6b91902c16af1ec2e043cde27bc6c29ad8176
9266ec6d-3028-4d68-b901-42d955fce595,0af6767c-9b84-4a5e-b609-11c7cde9b279,7702189055217,ean13,true,open_dataset,0.7,open-food-facts-csv:2026-09-08:sha256=f72687ee8bc6522054fe69dbfda6b91902c16af1ec2e043cde27bc6c29ad8176
1ee9bc69-9009-4dd2-b71e-472c14fccef4,512e553d-142a-46e8-8b03-ed70c82f6e51,7702189055316,ean13,true,open_dataset,0.7,open-food-facts-csv:2026-09-08:sha256=f72687ee8bc6522054fe69dbfda6b91902c16af1ec2e043cde27bc6c29ad8176
bcba13b8-a5de-4df9-a603-262bfe032e7e,136efb94-8b77-419c-b791-a3741ceca3c3,7702189055545,ean13,true,open_dataset,0.7,open-food-facts-csv:2026-09-08:sha256=f72687ee8bc6522054fe69dbfda6b91902c16af1ec2e043cde27bc6c29ad8176
077e1f5e-4f12-4ab7-899b-5e426d31d5ce,35e0d8e0-aeb8-4629-bd31-aec5c5bbda1e,7702189056214,ean13,true,open_dataset,0.7,open-food-facts-csv:2026-09-08:sha256=f72687ee8bc6522054fe69dbfda6b91902c16af1ec2e043cde27bc6c29ad8176
ea2649fb-bd04-4d6e-98f7-89a63b9d59fa,4cc15fe3-b96f-4910-b841-9e038c57e418,7702189056245,ean13,true,open_dataset,0.7,open-food-facts-csv:2026-09-08:sha256=f72687ee8bc6522054fe69dbfda6b91902c16af1ec2e043cde27bc6c29ad8176
c0277c9a-0efd-4420-a01d-fc2260a08b87,4a0c77e0-3058-4a57-8986-88ba75ff169d,7702189056313,ean13,true,open_dataset,0.7,open-food-facts-csv:2026-09-08:sha256=f72687ee8bc6522054fe69dbfda6b91902c16af1ec2e043cde27bc6c29ad8176
cc90d0cc-7d96-410f-a499-05ef0a1c9c9c,6556e0df-35e7-4c7b-b6a3-5612b22a0209,7702189056658,ean13,true,open_dataset,0.7,open-food-facts-csv:2026-09-08:sha256=f72687ee8bc6522054fe69dbfda6b91902c16af1ec2e043cde27bc6c29ad8176
28c0293e-7c90-4007-a869-4361eb6249ff,8ab06ffb-1f71-4fc9-a243-bd1d3e604a4a,7702189056795,ean13,true,open_dataset,0.7,open-food-facts-csv:2026-09-08:sha256=f72687ee8bc6522054fe69dbfda6b91902c16af1ec2e043cde27bc6c29ad8176
8058f8d1-6ba8-4204-989c-c03e13ed52e9,82ed8568-1ecc-45a9-81d4-a3aa12102d36,7702189057938,ean13,true,open_dataset,0.7,open-food-facts-csv:2026-09-08:sha256=f72687ee8bc6522054fe69dbfda6b91902c16af1ec2e043cde27bc6c29ad8176
f43815ab-8661-4759-9f01-90e6f856ca6e,f4d22667-9061-4f23-ac93-f781036c3faa,7702192218050,ean13,true,open_dataset,0.7,open-food-facts-csv:2026-09-08:sha256=f72687ee8bc6522054fe69dbfda6b91902c16af1ec2e043cde27bc6c29ad8176
7d0b3a98-fcf7-4530-aa18-b36bc1d3d43e,e85871ae-f87d-4bdb-94e5-9e7db3993d47,7702192422051,ean13,true,open_dataset,0.7,open-food-facts-csv:2026-09-08:sha256=f72687ee8bc6522054fe69dbfda6b91902c16af1ec2e043cde27bc6c29ad8176
322dad78-d54f-43af-b330-8b295d54339a,7978e66b-8d67-4eb6-ad0b-7fa3feb0bad9,7702192741749,ean13,true,open_dataset,0.7,open-food-facts-csv:2026-09-08:sha256=f72687ee8bc6522054fe69dbfda6b91902c16af1ec2e043cde27bc6c29ad8176
7c16653d-c5b0-4e36-90d2-d7ad2b670541,245daa29-8d0c-46c4-b43d-7ac7e54c83bb,7702193100491,ean13,true,open_dataset,0.7,open-food-facts-csv:2026-09-08:sha256=f72687ee8bc6522054fe69dbfda6b91902c16af1ec2e043cde27bc6c29ad8176
64222b1d-75ac-438b-80ed-28e0511fbfc4,a1186b5b-7313-4fb3-bc0f-652c249d44c1,7702193103119,ean13,true,open_dataset,0.7,open-food-facts-csv:2026-09-08:sha256=f72687ee8bc6522054fe69dbfda6b91902c16af1ec2e043cde27bc6c29ad8176
b13787a2-4ce9-4c64-b644-32a40338c182,e165e7d3-e9a7-4c80-a32d-fbabce988935,7702193407248,ean13,true,open_dataset,0.7,open-food-facts-csv:2026-09-08:sha256=f72687ee8bc6522054fe69dbfda6b91902c16af1ec2e043cde27bc6c29ad8176
574238f3-38db-4e28-be2c-d03ae932201f,a960fe6d-f6c0-4432-83d4-006e9418fbab,7702193850006,ean13,true,open_dataset,0.7,open-food-facts-csv:2026-09-08:sha256=f72687ee8bc6522054fe69dbfda6b91902c16af1ec2e043cde27bc6c29ad8176
1bf635bc-2fde-42f4-bf9b-789fe4d58bcc,fa38564f-eb8b-4b72-b049-904e73fb44c4,7702222000013,ean13,true,open_dataset,0.7,open-food-facts-csv:2026-09-08:sha256=f72687ee8bc6522054fe69dbfda6b91902c16af1ec2e043cde27bc6c29ad8176
cbbc0fea-c169-4652-9736-049994bb981b,c6aac5b3-47a7-4cdd-83f3-11b2a36873b6,7702247010035,ean13,true,open_dataset,0.7,open-food-facts-csv:2026-09-08:sha256=f72687ee8bc6522054fe69dbfda6b91902c16af1ec2e043cde27bc6c29ad8176
cfa8d6fa-885a-42aa-bf16-72be46710e7f,9f3afb23-0ffc-4efe-8030-ab7d5f472043,7702247010523,ean13,true,open_dataset,0.7,open-food-facts-csv:2026-09-08:sha256=f72687ee8bc6522054fe69dbfda6b91902c16af1ec2e043cde27bc6c29ad8176
ba5f2452-53c7-433e-853a-84c0ee56b25e,7b39c8dc-d99a-48cd-ad08-06bf1cab7086,7702256020001,ean13,true,open_dataset,0.7,open-food-facts-csv:2026-09-08:sha256=f72687ee8bc6522054fe69dbfda6b91902c16af1ec2e043cde27bc6c29ad8176
1ff16529-d6f0-4c5b-9bee-d9272542ea0b,a95601ea-3a26-4a77-8a94-0d1f2d02a565,7702276001226,ean13,true,open_dataset,0.7,open-food-facts-csv:2026-09-08:sha256=f72687ee8bc6522054fe69dbfda6b91902c16af1ec2e043cde27bc6c29ad8176
ca590e5e-6b52-44d7-8f48-b6b7972de4d5,a59012fd-e40c-496e-98ec-bd0b983bf1bf,7702281966596,ean13,true,open_dataset,0.7,open-food-facts-csv:2026-09-08:sha256=f72687ee8bc6522054fe69dbfda6b91902c16af1ec2e043cde27bc6c29ad8176
51ab1b03-e8c2-40d9-b304-d3fc7ae8c72d,e41fbcdd-a5a7-4464-94bd-73b6b0a26e17,7702312290010,ean13,true,open_dataset,0.7,open-food-facts-csv:2026-09-08:sha256=f72687ee8bc6522054fe69dbfda6b91902c16af1ec2e043cde27bc6c29ad8176
11bcc6cc-1449-413d-8ebb-5c5dae7551b9,b8dbab98-7034-4aa7-8297-c4796a8a5d06,7702345763000,ean13,true,open_dataset,0.7,open-food-facts-csv:2026-09-08:sha256=f72687ee8bc6522054fe69dbfda6b91902c16af1ec2e043cde27bc6c29ad8176
82adc28d-bb03-4909-a003-6b044f5e9591,2f1edee3-0d48-41fe-b064-6528cb6b47fc,7702345924425,ean13,true,open_dataset,0.7,open-food-facts-csv:2026-09-08:sha256=f72687ee8bc6522054fe69dbfda6b91902c16af1ec2e043cde27bc6c29ad8176
454a28b5-0e4f-4beb-ac3f-05d9797d4e0d,901a72f8-1616-4324-9927-7bdf94540a9d,7702348212147,ean13,true,open_dataset,0.7,open-food-facts-csv:2026-09-08:sha256=f72687ee8bc6522054fe69dbfda6b91902c16af1ec2e043cde27bc6c29ad8176
f5ba16d5-400a-41c1-bf7a-a13cfdc60a7b,f6f2bff4-d5a5-41ed-87d3-612ce96b89b7,7702354025182,ean13,true,open_dataset,0.7,open-food-facts-csv:2026-09-08:sha256=f72687ee8bc6522054fe69dbfda6b91902c16af1ec2e043cde27bc6c29ad8176
204ff47f-41a0-44df-801a-cc5449170170,9c296721-c71a-49fc-889f-4bb6d0773291,7702354032340,ean13,true,open_dataset,0.7,open-food-facts-csv:2026-09-08:sha256=f72687ee8bc6522054fe69dbfda6b91902c16af1ec2e043cde27bc6c29ad8176
b04a4627-9272-471a-b5df-6ff3ce0b1a1e,ebc3aa74-ea86-4f8f-b3d2-947c3f226a37,7702354929657,ean13,true,open_dataset,0.7,open-food-facts-csv:2026-09-08:sha256=f72687ee8bc6522054fe69dbfda6b91902c16af1ec2e043cde27bc6c29ad8176
f33d9943-6591-4868-8c94-d86106b342a8,5b0f8896-e7ad-4616-a0a1-51a8a5fa95ed,7702354934361,ean13,true,open_dataset,0.7,open-food-facts-csv:2026-09-08:sha256=f72687ee8bc6522054fe69dbfda6b91902c16af1ec2e043cde27bc6c29ad8176
2406ce57-6e1d-4dc7-93a9-b1cb0900c1f3,c9b2b0b0-a32d-4fd4-a761-4488de3b89a5,7702354934859,ean13,true,open_dataset,0.7,open-food-facts-csv:2026-09-08:sha256=f72687ee8bc6522054fe69dbfda6b91902c16af1ec2e043cde27bc6c29ad8176
1fa088b2-b260-4e68-9e36-0dc960b36e83,7a5488e7-a2a9-49c2-b2fb-b06ae86cd24c,7702354939694,ean13,true,open_dataset,0.7,open-food-facts-csv:2026-09-08:sha256=f72687ee8bc6522054fe69dbfda6b91902c16af1ec2e043cde27bc6c29ad8176
8edda490-cf61-4371-9bfa-6326a743dc36,ab3ee46a-7edc-4ed5-a301-bfabafc1d005,7702354941277,ean13,true,open_dataset,0.7,open-food-facts-csv:2026-09-08:sha256=f72687ee8bc6522054fe69dbfda6b91902c16af1ec2e043cde27bc6c29ad8176
f2cb6847-af5b-4084-893d-ba65d48cf7a7,35c4f657-5ef7-4d01-af64-fcecf2512910,7702354944193,ean13,true,open_dataset,0.7,open-food-facts-csv:2026-09-08:sha256=f72687ee8bc6522054fe69dbfda6b91902c16af1ec2e043cde27bc6c29ad8176
fc642cd1-0b34-41c5-8cbb-e49ffc473ee8,8a45b5bb-e607-42ee-9496-319d1f84d2f4,7702354946944,ean13,true,open_dataset,0.7,open-food-facts-csv:2026-09-08:sha256=f72687ee8bc6522054fe69dbfda6b91902c16af1ec2e043cde27bc6c29ad8176
1734a53b-7cbb-4f2d-acc6-ac4beb7b01d8,48444215-4e9b-46cf-8172-fceafa0c4c9f,7702354950620,ean13,true,open_dataset,0.7,open-food-facts-csv:2026-09-08:sha256=f72687ee8bc6522054fe69dbfda6b91902c16af1ec2e043cde27bc6c29ad8176
ac06ff4f-3bdb-445b-8dea-59a997efaa5d,4cc9e175-1f44-413c-a861-71ec45b3af0b,7702354950866,ean13,true,open_dataset,0.7,open-food-facts-csv:2026-09-08:sha256=f72687ee8bc6522054fe69dbfda6b91902c16af1ec2e043cde27bc6c29ad8176
35ec47b1-1760-43ce-b2bf-e6c05ae17c39,482a8573-92b3-4ea6-a7ac-31335d29e3de,7702354951382,ean13,true,open_dataset,0.7,open-food-facts-csv:2026-09-08:sha256=f72687ee8bc6522054fe69dbfda6b91902c16af1ec2e043cde27bc6c29ad8176
1b66a64c-351e-479b-83a2-698e8bf6b223,1457ac3e-8906-4113-9baf-090ea79b961e,7702354953546,ean13,true,open_dataset,0.7,open-food-facts-csv:2026-09-08:sha256=f72687ee8bc6522054fe69dbfda6b91902c16af1ec2e043cde27bc6c29ad8176
6a09ef5c-af8d-4444-ba81-8a35b540d325,f51ac1cd-6229-4b61-bede-7417f0ee9aaf,7702354957339,ean13,true,open_dataset,0.7,open-food-facts-csv:2026-09-08:sha256=f72687ee8bc6522054fe69dbfda6b91902c16af1ec2e043cde27bc6c29ad8176
35ed4542-b353-4322-b140-78a003347696,9f321c7e-6f9a-4bcf-8349-f8168244ce61,7702354959401,ean13,true,open_dataset,0.7,open-food-facts-csv:2026-09-08:sha256=f72687ee8bc6522054fe69dbfda6b91902c16af1ec2e043cde27bc6c29ad8176
cd564806-c3e7-4e98-9290-4f13f3acf857,063ec1be-d114-4d4d-8301-2392c893a642,7702367000022,ean13,true,open_dataset,0.7,open-food-facts-csv:2026-09-08:sha256=f72687ee8bc6522054fe69dbfda6b91902c16af1ec2e043cde27bc6c29ad8176
638682fa-fea2-452b-82cf-ca645ec0b38e,e4ac3ffd-3522-415e-9a7a-9e268acb820b,7702367000558,ean13,true,open_dataset,0.7,open-food-facts-csv:2026-09-08:sha256=f72687ee8bc6522054fe69dbfda6b91902c16af1ec2e043cde27bc6c29ad8176
4f1adc8b-38f4-45d1-8f88-8147a8d48f10,7de30670-0f5f-47e1-8419-ea285962f366,7702367000794,ean13,true,open_dataset,0.7,open-food-facts-csv:2026-09-08:sha256=f72687ee8bc6522054fe69dbfda6b91902c16af1ec2e043cde27bc6c29ad8176
d6472342-1803-4baa-be6a-30a529b68a60,5b920621-0ecc-4e35-affc-70798483a955,7702369302018,ean13,true,open_dataset,0.7,open-food-facts-csv:2026-09-08:sha256=f72687ee8bc6522054fe69dbfda6b91902c16af1ec2e043cde27bc6c29ad8176
7eb3f90b-7519-4069-83ba-eab68c32710a,4c0634c1-68a4-488e-b43b-03ee302a6dc6,7702369304012,ean13,true,open_dataset,0.7,open-food-facts-csv:2026-09-08:sha256=f72687ee8bc6522054fe69dbfda6b91902c16af1ec2e043cde27bc6c29ad8176
f216b7b3-19dd-4d30-8795-1cc3ef5cf5ae,41bd4c34-b9b4-401e-86fe-035ec3db25da,7702369304029,ean13,true,open_dataset,0.7,open-food-facts-csv:2026-09-08:sha256=f72687ee8bc6522054fe69dbfda6b91902c16af1ec2e043cde27bc6c29ad8176
cff53578-5abc-4242-b857-df9b82adf6b6,d690fbae-d886-4dfa-bb97-099588606736,7702402048316,ean13,true,open_dataset,0.7,open-food-facts-csv:2026-09-08:sha256=f72687ee8bc6522054fe69dbfda6b91902c16af1ec2e043cde27bc6c29ad8176
e5a76b9a-ef72-4451-8da6-36f9ac060e41,7f348b3a-17d2-4c68-8d15-26658cad4d08,7702402053389,ean13,true,open_dataset,0.7,open-food-facts-csv:2026-09-08:sha256=f72687ee8bc6522054fe69dbfda6b91902c16af1ec2e043cde27bc6c29ad8176
15036fd4-7d01-4221-8b66-16423bee5fc0,e4a30786-4b1e-4351-9b59-45b72d02c86a,7702402054317,ean13,true,open_dataset,0.7,open-food-facts-csv:2026-09-08:sha256=f72687ee8bc6522054fe69dbfda6b91902c16af1ec2e043cde27bc6c29ad8176
38d61040-5059-48d5-a7f6-854d7c985bd8,7551e3cd-511a-4fb0-8cb6-485512fb26d5,7702402054409,ean13,true,open_dataset,0.7,open-food-facts-csv:2026-09-08:sha256=f72687ee8bc6522054fe69dbfda6b91902c16af1ec2e043cde27bc6c29ad8176
46d0c431-b100-44c9-a871-505cf15f93fc,da524ceb-a078-4e0d-bb93-a8fdf52adc4d,7702402054935,ean13,true,open_dataset,0.7,open-food-facts-csv:2026-09-08:sha256=f72687ee8bc6522054fe69dbfda6b91902c16af1ec2e043cde27bc6c29ad8176
24993e73-687c-44cd-a0ba-ac8a57388b42,afdc3e6b-17b3-4693-b8b0-45715162c150,7702402055611,ean13,true,open_dataset,0.7,open-food-facts-csv:2026-09-08:sha256=f72687ee8bc6522054fe69dbfda6b91902c16af1ec2e043cde27bc6c29ad8176
c176b997-3eb9-4f15-9682-92006f1a92fb,b1e75bc1-cd87-4c36-8ce8-43a720205a81,7702402055819,ean13,true,open_dataset,0.7,open-food-facts-csv:2026-09-08:sha256=f72687ee8bc6522054fe69dbfda6b91902c16af1ec2e043cde27bc6c29ad8176
cb00352f-aaa3-4b25-aba4-b5a5767ed8a9,33add5d4-6b1f-4040-aa40-ad008fd351d0,7702402057776,ean13,true,open_dataset,0.7,open-food-facts-csv:2026-09-08:sha256=f72687ee8bc6522054fe69dbfda6b91902c16af1ec2e043cde27bc6c29ad8176
7dde0b60-af4f-483e-b5c1-da2954072504,258add88-1607-41eb-8a09-efddae8ab70e,7702409000331,ean13,true,open_dataset,0.7,open-food-facts-csv:2026-09-08:sha256=f72687ee8bc6522054fe69dbfda6b91902c16af1ec2e043cde27bc6c29ad8176
5124b372-dcc6-452f-948d-f3c5ab45c099,c273180f-d53b-4e8b-9af1-28db325d9732,7702409005732,ean13,true,open_dataset,0.7,open-food-facts-csv:2026-09-08:sha256=f72687ee8bc6522054fe69dbfda6b91902c16af1ec2e043cde27bc6c29ad8176
42744ad8-1c52-42bc-ba76-333fe68f8f34,6629399f-8bd5-4ab5-800b-77ea2f0d710e,7702409005763,ean13,true,open_dataset,0.7,open-food-facts-csv:2026-09-08:sha256=f72687ee8bc6522054fe69dbfda6b91902c16af1ec2e043cde27bc6c29ad8176
d40027af-366c-4d06-8ced-9b00a787fc0f,64804946-98fb-4f2e-94d8-e9120674b0f1,7702409010675,ean13,true,open_dataset,0.7,open-food-facts-csv:2026-09-08:sha256=f72687ee8bc6522054fe69dbfda6b91902c16af1ec2e043cde27bc6c29ad8176
facdc0f3-2cdc-49b0-a5af-e83d86ac9405,ff259d8c-6f58-438c-9135-24f9e63196ea,7702409010972,ean13,true,open_dataset,0.7,open-food-facts-csv:2026-09-08:sha256=f72687ee8bc6522054fe69dbfda6b91902c16af1ec2e043cde27bc6c29ad8176
7fc0e093-8350-4a19-a518-ac8705cf0086,d2f96608-81e9-4a71-aeac-915b215063e9,7702409011115,ean13,true,open_dataset,0.7,open-food-facts-csv:2026-09-08:sha256=f72687ee8bc6522054fe69dbfda6b91902c16af1ec2e043cde27bc6c29ad8176
7e4cd178-0370-4244-b86d-04a13747d6b7,b162388f-f93d-4b93-ae01-8049872bb8ec,7702409011498,ean13,true,open_dataset,0.7,open-food-facts-csv:2026-09-08:sha256=f72687ee8bc6522054fe69dbfda6b91902c16af1ec2e043cde27bc6c29ad8176
3b834d03-fb5b-4d4c-941e-d7ace69c04e6,034cfd6c-5766-4d91-af61-8135250f333c,7702417000460,ean13,true,open_dataset,0.7,open-food-facts-csv:2026-09-08:sha256=f72687ee8bc6522054fe69dbfda6b91902c16af1ec2e043cde27bc6c29ad8176
e4f896e2-2d33-4317-bd8f-974131f41a6a,6996ad93-12ad-439f-9d6e-fc801945874b,7702417003447,ean13,true,open_dataset,0.7,open-food-facts-csv:2026-09-08:sha256=f72687ee8bc6522054fe69dbfda6b91902c16af1ec2e043cde27bc6c29ad8176
e59ba240-7277-45c7-959e-0bc101693696,647015a8-0139-4226-9bff-8920ae1dfd29,7702420180104,ean13,true,open_dataset,0.7,open-food-facts-csv:2026-09-08:sha256=f72687ee8bc6522054fe69dbfda6b91902c16af1ec2e043cde27bc6c29ad8176
9b8ddb98-e9a8-43d1-bae6-b6943a9e23c1,88be04aa-d58a-4755-870c-0106a5919ef8,7702420406006,ean13,true,open_dataset,0.7,open-food-facts-csv:2026-09-08:sha256=f72687ee8bc6522054fe69dbfda6b91902c16af1ec2e043cde27bc6c29ad8176
b2bf50bb-8b18-47c8-99c3-72e11c06ef28,18853aad-a1df-4bea-91ca-b96660af7a06,7702432002005,ean13,true,open_dataset,0.7,open-food-facts-csv:2026-09-08:sha256=f72687ee8bc6522054fe69dbfda6b91902c16af1ec2e043cde27bc6c29ad8176
1f79051e-a7b2-40c1-88b9-7f7a50df6d04,6879fbe8-d6b2-476a-bc7f-b4d4d9731b54,7702434030143,ean13,true,open_dataset,0.7,open-food-facts-csv:2026-09-08:sha256=f72687ee8bc6522054fe69dbfda6b91902c16af1ec2e043cde27bc6c29ad8176
34176846-3fa0-4fd3-b0eb-895a0995d4a8,c448fca3-05d0-45a6-af2e-2dd3107892bf,7702434203080,ean13,true,open_dataset,0.7,open-food-facts-csv:2026-09-08:sha256=f72687ee8bc6522054fe69dbfda6b91902c16af1ec2e043cde27bc6c29ad8176
bf02e96b-73da-4ad3-aff6-d7cb2aa1068d,0f083329-d695-4795-97b6-1f43b87145c0,7702439000813,ean13,true,open_dataset,0.7,open-food-facts-csv:2026-09-08:sha256=f72687ee8bc6522054fe69dbfda6b91902c16af1ec2e043cde27bc6c29ad8176
fcbd859f-c9a1-4da7-ae29-9355f0013096,48048cd0-8f50-41d0-811b-11ac9d3ac57d,7702439003517,ean13,true,open_dataset,0.7,open-food-facts-csv:2026-09-08:sha256=f72687ee8bc6522054fe69dbfda6b91902c16af1ec2e043cde27bc6c29ad8176
4bde6a66-adf2-412b-8e0e-744fbdb25e05,2c9de893-421f-4196-9e4a-f93641aee629,7702439269227,ean13,true,open_dataset,0.7,open-food-facts-csv:2026-09-08:sha256=f72687ee8bc6522054fe69dbfda6b91902c16af1ec2e043cde27bc6c29ad8176
b9ed0bfa-9851-47c9-b4dc-001e7bc54339,f494dbe0-dd04-436e-b968-9f1686a774f6,7702439269333,ean13,true,open_dataset,0.7,open-food-facts-csv:2026-09-08:sha256=f72687ee8bc6522054fe69dbfda6b91902c16af1ec2e043cde27bc6c29ad8176
f550fb4e-25ce-464e-b8c9-0b41a0971bc4,3b5c49ae-2f04-4914-8cb5-d17613f708cb,7702439606992,ean13,true,open_dataset,0.7,open-food-facts-csv:2026-09-08:sha256=f72687ee8bc6522054fe69dbfda6b91902c16af1ec2e043cde27bc6c29ad8176
3eb18e9c-4aac-4443-920a-fe4ad5188f0c,0e01bb6b-5f49-41ad-89ad-ad54a5f9eebd,7702447110047,ean13,true,open_dataset,0.7,open-food-facts-csv:2026-09-08:sha256=f72687ee8bc6522054fe69dbfda6b91902c16af1ec2e043cde27bc6c29ad8176
095d7c65-5d47-4de5-91bc-64ee004ddfaa,0aca14e2-4687-4d95-afd9-06c3a500cb8a,7702477422615,ean13,true,open_dataset,0.7,open-food-facts-csv:2026-09-08:sha256=f72687ee8bc6522054fe69dbfda6b91902c16af1ec2e043cde27bc6c29ad8176
c95aa558-cdd0-4006-86b9-9bbbe506c768,4b4e9111-5c71-4841-b9bd-63b67d6a5839,7702477424404,ean13,true,open_dataset,0.7,open-food-facts-csv:2026-09-08:sha256=f72687ee8bc6522054fe69dbfda6b91902c16af1ec2e043cde27bc6c29ad8176
be7a9bf7-a537-4c04-9d12-f305ee004f5b,a4771f57-d38d-4d97-8c3f-0dc869594bf0,7702489000245,ean13,true,open_dataset,0.7,open-food-facts-csv:2026-09-08:sha256=f72687ee8bc6522054fe69dbfda6b91902c16af1ec2e043cde27bc6c29ad8176
3f86671b-ac36-4d1d-a7ec-f82e0d256cf7,3a3ec275-1176-4c82-ac81-59a57bba5b9d,7702489000993,ean13,true,open_dataset,0.7,open-food-facts-csv:2026-09-08:sha256=f72687ee8bc6522054fe69dbfda6b91902c16af1ec2e043cde27bc6c29ad8176
e773103c-4494-4019-8ddf-e4fe237ccc29,95a900ad-142e-49ef-bd34-ceaa95a51e8e,7702506112029,ean13,true,open_dataset,0.7,open-food-facts-csv:2026-09-08:sha256=f72687ee8bc6522054fe69dbfda6b91902c16af1ec2e043cde27bc6c29ad8176
f7a9a482-5d80-4174-9015-6bd5fb1c53d0,42fce1d4-679f-4088-b911-704f9da7f50c,7702511000748,ean13,true,open_dataset,0.7,open-food-facts-csv:2026-09-08:sha256=f72687ee8bc6522054fe69dbfda6b91902c16af1ec2e043cde27bc6c29ad8176
8e77d9dd-e5a0-4a9e-a193-eb0c23c73e52,cb217c69-c5f7-439e-bc4c-d84233362f74,7702511003695,ean13,true,open_dataset,0.7,open-food-facts-csv:2026-09-08:sha256=f72687ee8bc6522054fe69dbfda6b91902c16af1ec2e043cde27bc6c29ad8176
5002de16-425e-4d9d-8357-2607cd98d95b,48989e87-e0a0-4b96-8796-a1a69f251455,7702535001530,ean13,true,open_dataset,0.7,open-food-facts-csv:2026-09-08:sha256=f72687ee8bc6522054fe69dbfda6b91902c16af1ec2e043cde27bc6c29ad8176
aa992ed9-2798-4d2f-a7af-2645270b4943,ffed093b-abf8-4f04-b161-b7a559424f71,7702535006764,ean13,true,open_dataset,0.7,open-food-facts-csv:2026-09-08:sha256=f72687ee8bc6522054fe69dbfda6b91902c16af1ec2e043cde27bc6c29ad8176
af7e1f6c-d773-4ea2-8973-7043e20c6289,8d044a97-a956-4b25-8ecc-7cc8d43d17a8,7702535006856,ean13,true,open_dataset,0.7,open-food-facts-csv:2026-09-08:sha256=f72687ee8bc6522054fe69dbfda6b91902c16af1ec2e043cde27bc6c29ad8176
e32c3899-8272-4217-9dff-8a72543b9b75,542998c8-aaf0-422c-92ac-be00d347551c,7702535009994,ean13,true,open_dataset,0.7,open-food-facts-csv:2026-09-08:sha256=f72687ee8bc6522054fe69dbfda6b91902c16af1ec2e043cde27bc6c29ad8176
7472e282-9124-46ec-9ed9-3aad2883107d,4ebf8708-9b3e-4f69-9df1-f9c1b6792e45,7702535012055,ean13,true,open_dataset,0.7,open-food-facts-csv:2026-09-08:sha256=f72687ee8bc6522054fe69dbfda6b91902c16af1ec2e043cde27bc6c29ad8176
9523ca6c-5d6e-4201-a6ba-293a74c487bd,cdff8ab9-1508-444c-a018-0d5d4ceb3775,7702535013212,ean13,true,open_dataset,0.7,open-food-facts-csv:2026-09-08:sha256=f72687ee8bc6522054fe69dbfda6b91902c16af1ec2e043cde27bc6c29ad8176
60a279f1-fd0d-4a1d-a510-8f6dfee3b6fe,af6339dd-4273-40cb-86f4-5ffdfd84437c,7702535014240,ean13,true,open_dataset,0.7,open-food-facts-csv:2026-09-08:sha256=f72687ee8bc6522054fe69dbfda6b91902c16af1ec2e043cde27bc6c29ad8176
61dd41d9-3e76-425b-9ea2-a6efb92c9bab,e8ce3703-c98c-40ee-b299-c646e6eca651,7702535022511,ean13,true,open_dataset,0.7,open-food-facts-csv:2026-09-08:sha256=f72687ee8bc6522054fe69dbfda6b91902c16af1ec2e043cde27bc6c29ad8176
bc968e35-039f-442a-83f8-7131717b189a,c04f55c4-99a4-4fde-93a6-19e12ff3a99b,7702535023761,ean13,true,open_dataset,0.7,open-food-facts-csv:2026-09-08:sha256=f72687ee8bc6522054fe69dbfda6b91902c16af1ec2e043cde27bc6c29ad8176
35886e08-dcaf-467f-9200-04479d85e266,40507bfa-83dd-40fe-a805-926296b6950e,7702535025482,ean13,true,open_dataset,0.7,open-food-facts-csv:2026-09-08:sha256=f72687ee8bc6522054fe69dbfda6b91902c16af1ec2e043cde27bc6c29ad8176
a2cecdbe-5b70-47de-ad65-a9713f385923,65b8a789-cf71-4d31-8d49-16e1d6f74ad3,7702535030073,ean13,true,open_dataset,0.7,open-food-facts-csv:2026-09-08:sha256=f72687ee8bc6522054fe69dbfda6b91902c16af1ec2e043cde27bc6c29ad8176
1ceff518-fde7-4d1d-8ce6-761c6ffcdce7,db8b4228-2844-45dc-a9db-cee026385967,7702535033593,ean13,true,open_dataset,0.7,open-food-facts-csv:2026-09-08:sha256=f72687ee8bc6522054fe69dbfda6b91902c16af1ec2e043cde27bc6c29ad8176
a68f9c13-4e20-40d8-a804-aee7f108bb32,b329aea0-9df6-4d05-83ff-9603bf01ecd9,7702552000097,ean13,true,open_dataset,0.7,open-food-facts-csv:2026-09-08:sha256=f72687ee8bc6522054fe69dbfda6b91902c16af1ec2e043cde27bc6c29ad8176
a7074f7e-5eab-47c7-8ae5-dd5cf7a298d9,14ffd51c-8d4f-4796-8718-e95c301d9ca2,7702603093054,ean13,true,open_dataset,0.7,open-food-facts-csv:2026-09-08:sha256=f72687ee8bc6522054fe69dbfda6b91902c16af1ec2e043cde27bc6c29ad8176
1a5b1b25-342c-439c-a987-c2be315d2bd1,ea718658-1cd5-4e58-811b-42882a4b0ee8,7702609001886,ean13,true,open_dataset,0.7,open-food-facts-csv:2026-09-08:sha256=f72687ee8bc6522054fe69dbfda6b91902c16af1ec2e043cde27bc6c29ad8176
c4eaf0a4-9af6-40a9-acc4-b47450c9a6c8,b310ca78-beb1-420a-a2a0-61c80dd177d7,7702609005488,ean13,true,open_dataset,0.7,open-food-facts-csv:2026-09-08:sha256=f72687ee8bc6522054fe69dbfda6b91902c16af1ec2e043cde27bc6c29ad8176
60ccf909-f82b-4de1-b40d-9b456b2c5740,b5fed982-021e-41ee-87d8-c98cdbbd30be,7702609009752,ean13,true,open_dataset,0.7,open-food-facts-csv:2026-09-08:sha256=f72687ee8bc6522054fe69dbfda6b91902c16af1ec2e043cde27bc6c29ad8176
85b507b6-3a2a-4e82-80a5-2302a3e6ae9d,53e0d713-4575-42d1-bce5-fe15287468cf,7702622423566,ean13,true,open_dataset,0.7,open-food-facts-csv:2026-09-08:sha256=f72687ee8bc6522054fe69dbfda6b91902c16af1ec2e043cde27bc6c29ad8176
c3466baf-b4bb-4616-852c-eac650605f7f,38cbe457-8d7b-4246-b3f0-5d6fd09c115b,7702622423603,ean13,true,open_dataset,0.7,open-food-facts-csv:2026-09-08:sha256=f72687ee8bc6522054fe69dbfda6b91902c16af1ec2e043cde27bc6c29ad8176
5b8c574d-323a-44c6-a549-558527e5978d,be241bb2-7e69-42c9-b300-895e727404a0,7702622624154,ean13,true,open_dataset,0.7,open-food-facts-csv:2026-09-08:sha256=f72687ee8bc6522054fe69dbfda6b91902c16af1ec2e043cde27bc6c29ad8176
6471d590-efa2-41e0-8be3-f3f9060c38cb,a9580e58-340d-4dd7-8a71-bb4eed16546a,7702622628060,ean13,true,open_dataset,0.7,open-food-facts-csv:2026-09-08:sha256=f72687ee8bc6522054fe69dbfda6b91902c16af1ec2e043cde27bc6c29ad8176
15c4454f-15cb-4d90-a116-055963938b24,792b173d-ffa7-422f-8ad0-c4d238038c63,7702622684172,ean13,true,open_dataset,0.7,open-food-facts-csv:2026-09-08:sha256=f72687ee8bc6522054fe69dbfda6b91902c16af1ec2e043cde27bc6c29ad8176
f0e40714-6cd1-4678-a6cd-89ca993daae2,82ec214e-6b3b-4d2b-9e65-bb4b45981ec1,7702622955128,ean13,true,open_dataset,0.7,open-food-facts-csv:2026-09-08:sha256=f72687ee8bc6522054fe69dbfda6b91902c16af1ec2e043cde27bc6c29ad8176
a0c1a42c-86e9-4b33-9827-492c8e5af625,1447948c-2ee3-4281-bd2e-ebaf95695e36,7702705022013,ean13,true,open_dataset,0.7,open-food-facts-csv:2026-09-08:sha256=f72687ee8bc6522054fe69dbfda6b91902c16af1ec2e043cde27bc6c29ad8176
604eca19-574e-4169-a082-f76fac9fd0c6,01f6b5df-6a65-4201-b5ae-5a7c325aa88c,7702714100047,ean13,true,open_dataset,0.7,open-food-facts-csv:2026-09-08:sha256=f72687ee8bc6522054fe69dbfda6b91902c16af1ec2e043cde27bc6c29ad8176
b572ff1e-fe68-4028-a0d2-fa82f389fd7f,1107c49a-bf4f-4553-9c07-c57e10bb83c1,7702714600370,ean13,true,open_dataset,0.7,open-food-facts-csv:2026-09-08:sha256=f72687ee8bc6522054fe69dbfda6b91902c16af1ec2e043cde27bc6c29ad8176
9dcfbe26-c254-4d1f-b9df-91c601275b08,9010f503-7130-4ed6-9677-b70a590a7a46,7702728231324,ean13,true,open_dataset,0.7,open-food-facts-csv:2026-09-08:sha256=f72687ee8bc6522054fe69dbfda6b91902c16af1ec2e043cde27bc6c29ad8176
411aad7f-3e5e-493b-9ca3-a6be83d5b462,bd029ef7-49e8-4301-a5be-2109c5a72c3c,7702728237715,ean13,true,open_dataset,0.7,open-food-facts-csv:2026-09-08:sha256=f72687ee8bc6522054fe69dbfda6b91902c16af1ec2e043cde27bc6c29ad8176
a70340cb-f7b7-4755-86e0-1ec44c5b820a,ba798ee7-cea7-4be2-b91e-d8e48b00cbd1,7702729934323,ean13,true,open_dataset,0.7,open-food-facts-csv:2026-09-08:sha256=f72687ee8bc6522054fe69dbfda6b91902c16af1ec2e043cde27bc6c29ad8176
dbe9aed5-a32d-4847-bf36-e3a3640f5163,3b6573b8-59d2-4304-a267-f476c56b2530,7702746030312,ean13,true,open_dataset,0.7,open-food-facts-csv:2026-09-08:sha256=f72687ee8bc6522054fe69dbfda6b91902c16af1ec2e043cde27bc6c29ad8176
f51db154-c8ab-452f-beee-45bcd631819a,52a2ff2a-8b40-40fc-9feb-6d5119f621d4,7702746036017,ean13,true,open_dataset,0.7,open-food-facts-csv:2026-09-08:sha256=f72687ee8bc6522054fe69dbfda6b91902c16af1ec2e043cde27bc6c29ad8176
fa534c07-9e8b-47d8-a497-f28a68d8f21b,6efcc72c-eeb3-4c92-b467-71818e02ad17,7702746039544,ean13,true,open_dataset,0.7,open-food-facts-csv:2026-09-08:sha256=f72687ee8bc6522054fe69dbfda6b91902c16af1ec2e043cde27bc6c29ad8176
0e052cfe-08ed-4fc8-b51e-704b9fd39419,f536fcfb-10d3-4d4c-af22-7a9391418054,7702746040021,ean13,true,open_dataset,0.7,open-food-facts-csv:2026-09-08:sha256=f72687ee8bc6522054fe69dbfda6b91902c16af1ec2e043cde27bc6c29ad8176
e4101231-80c8-46df-87f9-da50c09ba509,14cc4a69-4b07-4730-9b59-0858d4228582,7702746063914,ean13,true,open_dataset,0.7,open-food-facts-csv:2026-09-08:sha256=f72687ee8bc6522054fe69dbfda6b91902c16af1ec2e043cde27bc6c29ad8176
a41720c3-ed1c-4008-b827-c4954eccc49e,e65c8a95-2e9d-4b54-945c-a7fa96eccd0d,7702746120013,ean13,true,open_dataset,0.7,open-food-facts-csv:2026-09-08:sha256=f72687ee8bc6522054fe69dbfda6b91902c16af1ec2e043cde27bc6c29ad8176
9e7cabfc-3c4c-4344-8adb-276cc60eead0,67532564-9347-4195-a826-24d87f8dd1ea,7702766098064,ean13,true,open_dataset,0.7,open-food-facts-csv:2026-09-08:sha256=f72687ee8bc6522054fe69dbfda6b91902c16af1ec2e043cde27bc6c29ad8176
cb840465-34d3-40e8-9e00-e039522f3cb3,86540a19-aa96-415a-8522-3de36a032733,7702766098118,ean13,true,open_dataset,0.7,open-food-facts-csv:2026-09-08:sha256=f72687ee8bc6522054fe69dbfda6b91902c16af1ec2e043cde27bc6c29ad8176
2b82778c-0190-4724-843d-47c490314ff3,b20253b8-28c5-4ae7-806e-dfa2fa847dee,7702788000168,ean13,true,open_dataset,0.7,open-food-facts-csv:2026-09-08:sha256=f72687ee8bc6522054fe69dbfda6b91902c16af1ec2e043cde27bc6c29ad8176
a42d8265-093b-432f-b76d-33ac94cffca3,a7f0c411-e24e-4d2e-bb7a-d6f8fcd22d9a,7702810004317,ean13,true,open_dataset,0.7,open-food-facts-csv:2026-09-08:sha256=f72687ee8bc6522054fe69dbfda6b91902c16af1ec2e043cde27bc6c29ad8176
599bd78c-98a6-496f-b5cd-d9b87867c11b,f911960a-383a-4122-9152-e37f518c0886,7702810004867,ean13,true,open_dataset,0.7,open-food-facts-csv:2026-09-08:sha256=f72687ee8bc6522054fe69dbfda6b91902c16af1ec2e043cde27bc6c29ad8176
4d9b29f8-6c72-4fd4-bd3c-55304d08bb70,f77f0b17-ca22-4840-ab97-64814e731233,7702810204038,ean13,true,open_dataset,0.7,open-food-facts-csv:2026-09-08:sha256=f72687ee8bc6522054fe69dbfda6b91902c16af1ec2e043cde27bc6c29ad8176
f7a34e0d-042e-472b-90fb-be94072315b9,4f95ad44-0cf0-4f82-9143-f3cd88372cf6,7702810618002,ean13,true,open_dataset,0.7,open-food-facts-csv:2026-09-08:sha256=f72687ee8bc6522054fe69dbfda6b91902c16af1ec2e043cde27bc6c29ad8176
7883da37-d377-4729-9850-6519b350f60b,899e0f54-d783-4130-9862-c463d3961bd1,7702847078411,ean13,true,open_dataset,0.7,open-food-facts-csv:2026-09-08:sha256=f72687ee8bc6522054fe69dbfda6b91902c16af1ec2e043cde27bc6c29ad8176
409139ed-424b-4b80-83de-30fc58a855aa,25488787-4cc5-4338-883c-ace72fb5f560,7702870052983,ean13,true,open_dataset,0.7,open-food-facts-csv:2026-09-08:sha256=f72687ee8bc6522054fe69dbfda6b91902c16af1ec2e043cde27bc6c29ad8176
6f14a275-fdfa-486c-8891-f84608c9d1ec,238984e8-a44e-4a10-ae06-d09e58162f9b,7702879990996,ean13,true,open_dataset,0.7,open-food-facts-csv:2026-09-08:sha256=f72687ee8bc6522054fe69dbfda6b91902c16af1ec2e043cde27bc6c29ad8176
819bc701-1b03-43c1-8202-899ab5ad6065,8018c600-09a6-4790-9e0f-fb6590fcdde2,7702879991047,ean13,true,open_dataset,0.7,open-food-facts-csv:2026-09-08:sha256=f72687ee8bc6522054fe69dbfda6b91902c16af1ec2e043cde27bc6c29ad8176
0bbb5f73-315d-49cc-8ba2-95f92e0d2335,161ccead-69c9-49cb-9168-f0d58a6908de,7702910002015,ean13,true,open_dataset,0.7,open-food-facts-csv:2026-09-08:sha256=f72687ee8bc6522054fe69dbfda6b91902c16af1ec2e043cde27bc6c29ad8176
6c847b6b-a143-4c4f-8a17-8ff51359c5ee,33c8aee5-0744-414f-9731-d926fefaaf79,7702910305215,ean13,true,open_dataset,0.7,open-food-facts-csv:2026-09-08:sha256=f72687ee8bc6522054fe69dbfda6b91902c16af1ec2e043cde27bc6c29ad8176
a8f1a3dc-ab37-460d-853b-7197474b3ea2,e3a95bde-2215-45a7-9999-389835690ec4,7702914111508,ean13,true,open_dataset,0.7,open-food-facts-csv:2026-09-08:sha256=f72687ee8bc6522054fe69dbfda6b91902c16af1ec2e043cde27bc6c29ad8176
6002cbff-5f27-4ef1-9a6f-4cafe7988414,ce52184e-9aa7-4758-a1a9-aa1acbbe0094,7702914112017,ean13,true,open_dataset,0.7,open-food-facts-csv:2026-09-08:sha256=f72687ee8bc6522054fe69dbfda6b91902c16af1ec2e043cde27bc6c29ad8176
fa3a748c-d46c-4a75-804c-5b636bbd9bc4,f50a5c54-8db3-483e-892e-eb46817914c7,7702914114400,ean13,true,open_dataset,0.7,open-food-facts-csv:2026-09-08:sha256=f72687ee8bc6522054fe69dbfda6b91902c16af1ec2e043cde27bc6c29ad8176
a3a6d02d-119d-4ab3-9f3b-8606217bd62b,4527628f-25b9-46fd-9f2a-5c5d43fdb66e,7702914115209,ean13,true,open_dataset,0.7,open-food-facts-csv:2026-09-08:sha256=f72687ee8bc6522054fe69dbfda6b91902c16af1ec2e043cde27bc6c29ad8176
e56f0b9e-b905-4e74-8223-303aa83f5fb9,a15b6c60-99b3-4986-b7bb-9b1aefe45b25,7702914221108,ean13,true,open_dataset,0.7,open-food-facts-csv:2026-09-08:sha256=f72687ee8bc6522054fe69dbfda6b91902c16af1ec2e043cde27bc6c29ad8176
b8a5a07f-e076-40b1-9efc-434e7dbf3ec3,72d96922-6680-45df-97dd-26a7ff4777ab,7702914551403,ean13,true,open_dataset,0.7,open-food-facts-csv:2026-09-08:sha256=f72687ee8bc6522054fe69dbfda6b91902c16af1ec2e043cde27bc6c29ad8176
cf6041bc-324a-4893-8755-f17ed4445cd5,7bf02eb7-824c-458b-a9ec-25fafec0e607,7702914594431,ean13,true,open_dataset,0.7,open-food-facts-csv:2026-09-08:sha256=f72687ee8bc6522054fe69dbfda6b91902c16af1ec2e043cde27bc6c29ad8176
6bfaeefb-a183-4a3e-93a8-81fc591a444f,fae8b8ec-3a62-4fda-9cfa-f0f1899e8a92,7702914595292,ean13,true,open_dataset,0.7,open-food-facts-csv:2026-09-08:sha256=f72687ee8bc6522054fe69dbfda6b91902c16af1ec2e043cde27bc6c29ad8176
c5d795a1-6ed0-4805-beed-346a747bccbc,cd96a82e-fa31-409e-a3cd-27b7370eeaed,7702914597302,ean13,true,open_dataset,0.7,open-food-facts-csv:2026-09-08:sha256=f72687ee8bc6522054fe69dbfda6b91902c16af1ec2e043cde27bc6c29ad8176
0097517a-38ab-4e6b-bd1a-1102e1e6f0ac,5c74dd5b-3a2d-48b9-a48d-0e5d25f25d2c,7702914598804,ean13,true,open_dataset,0.7,open-food-facts-csv:2026-09-08:sha256=f72687ee8bc6522054fe69dbfda6b91902c16af1ec2e043cde27bc6c29ad8176
5852d105-3eeb-4531-9ac9-64d67b585bbf,5e109ead-fb01-4c14-8d82-3f307787db6f,7702914599443,ean13,true,open_dataset,0.7,open-food-facts-csv:2026-09-08:sha256=f72687ee8bc6522054fe69dbfda6b91902c16af1ec2e043cde27bc6c29ad8176
0c6e44ac-ea7d-40d6-9a28-c54543fb8d6b,c590ffff-c5e9-46af-bb49-69ef68a4518d,7702993014165,ean13,true,open_dataset,0.7,open-food-facts-csv:2026-09-08:sha256=f72687ee8bc6522054fe69dbfda6b91902c16af1ec2e043cde27bc6c29ad8176
1930d29c-15da-4b77-92e6-d9c6aa9ba040,5b8b774c-dfb1-49c3-a65f-d6be8f16a96b,7702993016053,ean13,true,open_dataset,0.7,open-food-facts-csv:2026-09-08:sha256=f72687ee8bc6522054fe69dbfda6b91902c16af1ec2e043cde27bc6c29ad8176
c9051dd6-7041-4046-9073-de17df4c2e8d,fab122af-43b5-4996-8cc2-0e59ae2435cf,7702993025130,ean13,true,open_dataset,0.7,open-food-facts-csv:2026-09-08:sha256=f72687ee8bc6522054fe69dbfda6b91902c16af1ec2e043cde27bc6c29ad8176
1975b7a5-c59d-42ca-87f1-9e06bf7f6649,a2f1079b-65bc-4b9c-b451-8d33cde2073f,7702993027271,ean13,true,open_dataset,0.7,open-food-facts-csv:2026-09-08:sha256=f72687ee8bc6522054fe69dbfda6b91902c16af1ec2e043cde27bc6c29ad8176
5f68061f-5f4f-42d9-88a2-b33f9de5fcbd,8fa3f5e4-17f7-4d6d-ad0c-f3eed9fc9c01,7702993029435,ean13,true,open_dataset,0.7,open-food-facts-csv:2026-09-08:sha256=f72687ee8bc6522054fe69dbfda6b91902c16af1ec2e043cde27bc6c29ad8176
67438e0d-f506-469a-a207-d96a1eb36fd8,5962b314-2eb1-4829-9bec-f301a2a86855,7702993031292,ean13,true,open_dataset,0.7,open-food-facts-csv:2026-09-08:sha256=f72687ee8bc6522054fe69dbfda6b91902c16af1ec2e043cde27bc6c29ad8176
ddb8e901-b440-463e-a56e-3c2b7b5ba787,483f4e08-a26a-4de4-b6ad-30fae863201e,7702993033340,ean13,true,open_dataset,0.7,open-food-facts-csv:2026-09-08:sha256=f72687ee8bc6522054fe69dbfda6b91902c16af1ec2e043cde27bc6c29ad8176
5356b2ec-c661-4580-86d1-3b8064fd7251,599ae438-993f-48cd-b2ee-5476e6816b32,7702993041277,ean13,true,open_dataset,0.7,open-food-facts-csv:2026-09-08:sha256=f72687ee8bc6522054fe69dbfda6b91902c16af1ec2e043cde27bc6c29ad8176
73dc7a67-bbf6-46a2-9f4b-278b70329df5,d509f52f-3995-476a-a481-761e6a004043,7702993042427,ean13,true,open_dataset,0.7,open-food-facts-csv:2026-09-08:sha256=f72687ee8bc6522054fe69dbfda6b91902c16af1ec2e043cde27bc6c29ad8176
28c69cc6-5f53-4cf9-a9d9-0a9c4899d4a3,23b872cf-fca4-4d93-b323-dbf26b4de12e,7702993049082,ean13,true,open_dataset,0.7,open-food-facts-csv:2026-09-08:sha256=f72687ee8bc6522054fe69dbfda6b91902c16af1ec2e043cde27bc6c29ad8176
0f0f6e8d-a565-4823-920a-f1181bf3eb90,090b7593-c001-4797-8827-364d1cdd968c,7702993051726,ean13,true,open_dataset,0.7,open-food-facts-csv:2026-09-08:sha256=f72687ee8bc6522054fe69dbfda6b91902c16af1ec2e043cde27bc6c29ad8176
27b9e446-4681-451a-a3e6-e0066afdb679,87f4544f-891a-4362-a687-ba07d81d8730,7702993054581,ean13,true,open_dataset,0.7,open-food-facts-csv:2026-09-08:sha256=f72687ee8bc6522054fe69dbfda6b91902c16af1ec2e043cde27bc6c29ad8176
54325b66-582a-4ece-981c-9bce18f71a43,847f5ea8-4921-46b9-81d7-e7123e4469b6,7703040010833,ean13,true,open_dataset,0.7,open-food-facts-csv:2026-09-08:sha256=f72687ee8bc6522054fe69dbfda6b91902c16af1ec2e043cde27bc6c29ad8176
1580eb41-c254-45e2-a0ed-21a8480aadae,a5af2866-1df8-4752-adbe-d84ab95660c9,7703040040045,ean13,true,open_dataset,0.7,open-food-facts-csv:2026-09-08:sha256=f72687ee8bc6522054fe69dbfda6b91902c16af1ec2e043cde27bc6c29ad8176
779e011b-62df-4d00-9561-dc767ab40b22,f0628d42-3788-4f46-9b6a-f7e24ad3174e,7703040805378,ean13,true,open_dataset,0.7,open-food-facts-csv:2026-09-08:sha256=f72687ee8bc6522054fe69dbfda6b91902c16af1ec2e043cde27bc6c29ad8176
0a66d42a-7f0b-455a-8b34-6d9d6d25cef6,ec74454f-6069-452b-9df0-9af5342dd0fc,7703043121802,ean13,true,open_dataset,0.7,open-food-facts-csv:2026-09-08:sha256=f72687ee8bc6522054fe69dbfda6b91902c16af1ec2e043cde27bc6c29ad8176
e78dd617-c7bf-4308-b4d7-c98c65da6847,439d3b84-7afa-4865-89da-2bab35ba3338,7703133010535,ean13,true,open_dataset,0.7,open-food-facts-csv:2026-09-08:sha256=f72687ee8bc6522054fe69dbfda6b91902c16af1ec2e043cde27bc6c29ad8176
76097d7f-4ae4-40c8-af25-5ee4779d326b,b75084f7-52e5-4cae-9f37-7ad870aa0383,7703133011198,ean13,true,open_dataset,0.7,open-food-facts-csv:2026-09-08:sha256=f72687ee8bc6522054fe69dbfda6b91902c16af1ec2e043cde27bc6c29ad8176
9bc42cbd-55f5-4529-81b3-2415f99c11fd,14cc6af5-f395-4896-b019-817d39408004,7703133021166,ean13,true,open_dataset,0.7,open-food-facts-csv:2026-09-08:sha256=f72687ee8bc6522054fe69dbfda6b91902c16af1ec2e043cde27bc6c29ad8176
e4b1f225-fb2f-446d-87ca-86a0bc34b514,9c57bf26-a913-4e1f-a5d5-4df8be6f3660,7703133030472,ean13,true,open_dataset,0.7,open-food-facts-csv:2026-09-08:sha256=f72687ee8bc6522054fe69dbfda6b91902c16af1ec2e043cde27bc6c29ad8176
b14089b2-5f2c-44cd-80ba-aa8c3ee233fe,326c74b7-d6be-4576-bf3d-c0f05de383de,7703133072335,ean13,true,open_dataset,0.7,open-food-facts-csv:2026-09-08:sha256=f72687ee8bc6522054fe69dbfda6b91902c16af1ec2e043cde27bc6c29ad8176
7d731032-4a46-4573-986b-777a39f78f82,dc3ffb78-ce92-400e-a244-27c2b6222eb6,7703133088121,ean13,true,open_dataset,0.7,open-food-facts-csv:2026-09-08:sha256=f72687ee8bc6522054fe69dbfda6b91902c16af1ec2e043cde27bc6c29ad8176
00287735-7acd-41cc-b1d2-46831375158a,dbc1b120-5f42-4fd9-bba6-81d47ecd71b3,7703296000565,ean13,true,open_dataset,0.7,open-food-facts-csv:2026-09-08:sha256=f72687ee8bc6522054fe69dbfda6b91902c16af1ec2e043cde27bc6c29ad8176
d72d6d77-15df-414c-9566-9d7bda86c0dd,f01ba31a-eec2-4732-93d1-a41cbdccd8c9,7703308010018,ean13,true,open_dataset,0.7,open-food-facts-csv:2026-09-08:sha256=f72687ee8bc6522054fe69dbfda6b91902c16af1ec2e043cde27bc6c29ad8176
d68e18f4-40fe-4530-8eba-7c7e9575d1db,57983495-97ce-433a-b91a-945997b2a4b9,7703364000022,ean13,true,open_dataset,0.7,open-food-facts-csv:2026-09-08:sha256=f72687ee8bc6522054fe69dbfda6b91902c16af1ec2e043cde27bc6c29ad8176
ae70f3de-0cf9-4180-aa28-e4750981e492,651b25c1-ac31-4712-987a-4e1f36fe6b71,7703386000000,ean13,true,open_dataset,0.7,open-food-facts-csv:2026-09-08:sha256=f72687ee8bc6522054fe69dbfda6b91902c16af1ec2e043cde27bc6c29ad8176
142f9f67-ca0f-4c0a-bb05-29fd493d5bee,547f2a17-90d3-467e-8b68-49de76a28ae2,7703386000154,ean13,true,open_dataset,0.7,open-food-facts-csv:2026-09-08:sha256=f72687ee8bc6522054fe69dbfda6b91902c16af1ec2e043cde27bc6c29ad8176
eb3ee0f6-bf89-4c5e-ab3f-baf6e32af5ae,0cdb11b2-12d0-456a-8334-0a2aa269b239,7703386000161,ean13,true,open_dataset,0.7,open-food-facts-csv:2026-09-08:sha256=f72687ee8bc6522054fe69dbfda6b91902c16af1ec2e043cde27bc6c29ad8176
5b085270-62bf-4c7e-9a62-075bf310518d,fdb2163a-42fd-48f8-8d62-ae1ecc7e7c23,7703386000277,ean13,true,open_dataset,0.7,open-food-facts-csv:2026-09-08:sha256=f72687ee8bc6522054fe69dbfda6b91902c16af1ec2e043cde27bc6c29ad8176
26c72662-aeae-4d11-8052-4a2f8a85db0c,b25ed516-8339-4aa5-8c50-98a2ba6629a3,7703386000512,ean13,true,open_dataset,0.7,open-food-facts-csv:2026-09-08:sha256=f72687ee8bc6522054fe69dbfda6b91902c16af1ec2e043cde27bc6c29ad8176
7a5925dc-f470-41ef-9d05-cdb5f2710f59,7b9954a0-fac3-4c28-93fb-e6978e5516f2,7703386000901,ean13,true,open_dataset,0.7,open-food-facts-csv:2026-09-08:sha256=f72687ee8bc6522054fe69dbfda6b91902c16af1ec2e043cde27bc6c29ad8176
83c78e9d-3e83-4b7d-a18e-bcbb3791eb7d,58d8ca94-5011-4314-8c08-b2888ac4d3c4,7703467000370,ean13,true,open_dataset,0.7,open-food-facts-csv:2026-09-08:sha256=f72687ee8bc6522054fe69dbfda6b91902c16af1ec2e043cde27bc6c29ad8176
6bf21080-a9f5-4ea3-a0d3-9f42deab0c7f,11383832-9e09-4f4c-a686-1418ac760880,7703517852751,ean13,true,open_dataset,0.7,open-food-facts-csv:2026-09-08:sha256=f72687ee8bc6522054fe69dbfda6b91902c16af1ec2e043cde27bc6c29ad8176
cb9a3607-b665-4e60-b250-476f47217a73,0f0abdc0-e252-40ba-8e9b-d5c239f04f85,7703517855417,ean13,true,open_dataset,0.7,open-food-facts-csv:2026-09-08:sha256=f72687ee8bc6522054fe69dbfda6b91902c16af1ec2e043cde27bc6c29ad8176
1d8cc437-33c1-4bb0-919b-35a2e0646ba8,6dcabad9-857f-48ae-abaf-eb5dad1a2423,7703562201566,ean13,true,open_dataset,0.7,open-food-facts-csv:2026-09-08:sha256=f72687ee8bc6522054fe69dbfda6b91902c16af1ec2e043cde27bc6c29ad8176
d20a6b3d-2b9b-49a7-bf2a-c7effa7a7f5c,11959494-50d7-4229-a790-d36d644dfb8f,77035684,ean8,true,open_dataset,0.7,open-food-facts-csv:2026-09-08:sha256=f72687ee8bc6522054fe69dbfda6b91902c16af1ec2e043cde27bc6c29ad8176
b932e3f1-deef-4dcd-9624-56c9c7dc70bd,7f03a3a8-b556-47e6-8dc8-62d1c35ebc8c,7703616007151,ean13,true,open_dataset,0.7,open-food-facts-csv:2026-09-08:sha256=f72687ee8bc6522054fe69dbfda6b91902c16af1ec2e043cde27bc6c29ad8176
10a54c34-cf1c-4315-b984-b0494147ce72,57b39535-37d4-4059-a5bd-824aa809271e,7703888623301,ean13,true,open_dataset,0.7,open-food-facts-csv:2026-09-08:sha256=f72687ee8bc6522054fe69dbfda6b91902c16af1ec2e043cde27bc6c29ad8176
1c32d0da-b241-44f7-974d-f7cdd4abd75e,881ac0f3-6194-4ca8-a520-55f1bddc1892,7703963008221,ean13,true,open_dataset,0.7,open-food-facts-csv:2026-09-08:sha256=f72687ee8bc6522054fe69dbfda6b91902c16af1ec2e043cde27bc6c29ad8176
98414702-040b-4a71-8406-6b3c5b3a7767,ae2d138a-c422-4c16-b62f-bfad66d17225,7703963840050,ean13,true,open_dataset,0.7,open-food-facts-csv:2026-09-08:sha256=f72687ee8bc6522054fe69dbfda6b91902c16af1ec2e043cde27bc6c29ad8176
edeb6679-4bd5-4388-a1a8-f02790683444,d985d90d-6b26-4803-b3f7-6a9cb2f1b6c9,7704000020022,ean13,true,open_dataset,0.7,open-food-facts-csv:2026-09-08:sha256=f72687ee8bc6522054fe69dbfda6b91902c16af1ec2e043cde27bc6c29ad8176
4a3f8818-1def-4976-bf35-e8e32f71bdb6,d5b63b54-a0a2-44fe-b324-d07d4b77b614,77042651,ean8,true,open_dataset,0.7,open-food-facts-csv:2026-09-08:sha256=f72687ee8bc6522054fe69dbfda6b91902c16af1ec2e043cde27bc6c29ad8176
b582a78c-1fee-483e-89c4-fb3a162197b8,1c2a5546-7a41-4278-be3f-9271e9cee610,7704269023765,ean13,true,open_dataset,0.7,open-food-facts-csv:2026-09-08:sha256=f72687ee8bc6522054fe69dbfda6b91902c16af1ec2e043cde27bc6c29ad8176
c0ceaa92-c8c6-495a-9310-5bad88397755,196aaf3c-489f-49aa-a4d7-56687e47506c,7704269035508,ean13,true,open_dataset,0.7,open-food-facts-csv:2026-09-08:sha256=f72687ee8bc6522054fe69dbfda6b91902c16af1ec2e043cde27bc6c29ad8176
46c1c028-1820-4488-83cf-acf8dac3320c,bb4fe45b-6a86-4741-ae22-2392f5e9e4a9,7704269098145,ean13,true,open_dataset,0.7,open-food-facts-csv:2026-09-08:sha256=f72687ee8bc6522054fe69dbfda6b91902c16af1ec2e043cde27bc6c29ad8176
02071e80-a95e-4e0f-aa6b-e029306d2c84,f9892773-8a13-45cb-baa1-ab87cc9315bb,7704269100800,ean13,true,open_dataset,0.7,open-food-facts-csv:2026-09-08:sha256=f72687ee8bc6522054fe69dbfda6b91902c16af1ec2e043cde27bc6c29ad8176
6b7cfcca-1153-42c1-b23f-8642bace8be7,7deae705-aa2a-4357-a8fd-df8e56a7a9f5,7704269101609,ean13,true,open_dataset,0.7,open-food-facts-csv:2026-09-08:sha256=f72687ee8bc6522054fe69dbfda6b91902c16af1ec2e043cde27bc6c29ad8176
854fb0a5-f3ce-44d2-9f9b-a47d842f6777,24b159c2-db09-4ebf-a7c3-4bd9b5d5ac6f,7704269105874,ean13,true,open_dataset,0.7,open-food-facts-csv:2026-09-08:sha256=f72687ee8bc6522054fe69dbfda6b91902c16af1ec2e043cde27bc6c29ad8176
8bf77075-2b31-44cf-9611-b35aacc462c3,48b29b1a-e0e7-425c-82d8-4781b638c5e1,7704269106147,ean13,true,open_dataset,0.7,open-food-facts-csv:2026-09-08:sha256=f72687ee8bc6522054fe69dbfda6b91902c16af1ec2e043cde27bc6c29ad8176
9922b6df-52e1-4a0b-9b7a-8a14b98b2aa7,7fb82505-3c7d-43a3-8c8d-575d38421e32,7704269106604,ean13,true,open_dataset,0.7,open-food-facts-csv:2026-09-08:sha256=f72687ee8bc6522054fe69dbfda6b91902c16af1ec2e043cde27bc6c29ad8176
3be1b0cd-c39d-4348-bfd4-56809d160db5,b31809d8-85bb-40c3-9e27-bc852d3c40c2,7704269109704,ean13,true,open_dataset,0.7,open-food-facts-csv:2026-09-08:sha256=f72687ee8bc6522054fe69dbfda6b91902c16af1ec2e043cde27bc6c29ad8176
61394036-6ec2-4aa6-8eff-f8fccd0ac43c,396461e2-3a3b-465d-bf51-50a9fdbb4e87,7704269109896,ean13,true,open_dataset,0.7,open-food-facts-csv:2026-09-08:sha256=f72687ee8bc6522054fe69dbfda6b91902c16af1ec2e043cde27bc6c29ad8176
5f020bad-7ce1-420f-bcf1-d0015a6a9bc2,fda3dd0d-3a0b-46c9-81ab-a6af4eed6fec,7704269110175,ean13,true,open_dataset,0.7,open-food-facts-csv:2026-09-08:sha256=f72687ee8bc6522054fe69dbfda6b91902c16af1ec2e043cde27bc6c29ad8176
c2b55aef-c530-4c8f-a772-99169f99cc09,e6dd2b70-023d-48b2-805c-45442a0aa73e,7704269111394,ean13,true,open_dataset,0.7,open-food-facts-csv:2026-09-08:sha256=f72687ee8bc6522054fe69dbfda6b91902c16af1ec2e043cde27bc6c29ad8176
41dbccaa-9b2b-4e6e-bdf4-4e6c35d745c5,ecc4f940-0710-4116-9ab0-55846e5b0b6c,7704269111400,ean13,true,open_dataset,0.7,open-food-facts-csv:2026-09-08:sha256=f72687ee8bc6522054fe69dbfda6b91902c16af1ec2e043cde27bc6c29ad8176
d1c39288-cf7d-4796-9602-90c176d116b5,c828f22a-3293-43a3-95ff-1001629d9534,7704269111530,ean13,true,open_dataset,0.7,open-food-facts-csv:2026-09-08:sha256=f72687ee8bc6522054fe69dbfda6b91902c16af1ec2e043cde27bc6c29ad8176
771b8333-5505-4dfc-a902-125da54a2280,e7932d28-51d8-42bf-bdcf-3fe3f2e82e82,7704269113800,ean13,true,open_dataset,0.7,open-food-facts-csv:2026-09-08:sha256=f72687ee8bc6522054fe69dbfda6b91902c16af1ec2e043cde27bc6c29ad8176
1ef75941-b5db-430e-84a1-66bac8a63483,fc28810b-b2fc-4962-9387-d2d1ef9dc667,7704269114111,ean13,true,open_dataset,0.7,open-food-facts-csv:2026-09-08:sha256=f72687ee8bc6522054fe69dbfda6b91902c16af1ec2e043cde27bc6c29ad8176
52d99c63-8697-455f-91f6-497c357fae3e,4803aa05-2297-404a-942b-869ce3d799a8,7704269114845,ean13,true,open_dataset,0.7,open-food-facts-csv:2026-09-08:sha256=f72687ee8bc6522054fe69dbfda6b91902c16af1ec2e043cde27bc6c29ad8176
4124bc19-9e35-4fd6-86d5-5642c951ef23,0d3e4159-74ed-4f00-a3d0-ad59dfc403e4,7704269114982,ean13,true,open_dataset,0.7,open-food-facts-csv:2026-09-08:sha256=f72687ee8bc6522054fe69dbfda6b91902c16af1ec2e043cde27bc6c29ad8176
6bf57845-f104-4735-b092-f460ba898d0f,01c4ec41-09cb-4437-8be8-5c0552b7ef76,7704269116184,ean13,true,open_dataset,0.7,open-food-facts-csv:2026-09-08:sha256=f72687ee8bc6522054fe69dbfda6b91902c16af1ec2e043cde27bc6c29ad8176
cdf9205f-a925-4baf-ba6c-6210aef29119,1ef9d1ed-d288-4811-995b-cb2a83b008ea,7704269159686,ean13,true,open_dataset,0.7,open-food-facts-csv:2026-09-08:sha256=f72687ee8bc6522054fe69dbfda6b91902c16af1ec2e043cde27bc6c29ad8176
a18d892b-8709-4b65-8ee7-efc2b049f770,489ba305-c4d3-4718-bcdc-3ba366120c16,7704269176508,ean13,true,open_dataset,0.7,open-food-facts-csv:2026-09-08:sha256=f72687ee8bc6522054fe69dbfda6b91902c16af1ec2e043cde27bc6c29ad8176
2eb35c5c-babe-427e-bdb9-10c2c077fdaf,1bff286a-1b5d-4eed-bb08-a31f9978d612,7704269202146,ean13,true,open_dataset,0.7,open-food-facts-csv:2026-09-08:sha256=f72687ee8bc6522054fe69dbfda6b91902c16af1ec2e043cde27bc6c29ad8176
a51e5726-e43c-4623-b7b2-e6650f69c98a,c1a7ec3b-3f11-40ff-b7d2-27de15b9b651,7704269320147,ean13,true,open_dataset,0.7,open-food-facts-csv:2026-09-08:sha256=f72687ee8bc6522054fe69dbfda6b91902c16af1ec2e043cde27bc6c29ad8176
d730b4c3-cc73-4188-9af0-18e4f5c15059,b0bf6104-a0b3-455b-b61d-b6a5459813de,7704269363847,ean13,true,open_dataset,0.7,open-food-facts-csv:2026-09-08:sha256=f72687ee8bc6522054fe69dbfda6b91902c16af1ec2e043cde27bc6c29ad8176
a0e11d26-d4d4-4364-bad4-c11cd5bb71c0,65384a7e-8f83-411e-8e31-a9d7468f22d6,7704269396593,ean13,true,open_dataset,0.7,open-food-facts-csv:2026-09-08:sha256=f72687ee8bc6522054fe69dbfda6b91902c16af1ec2e043cde27bc6c29ad8176
85fe1fb0-dddd-472d-8284-166b14df333c,b546529e-3c55-49de-b336-65a3869c1964,7704269412736,ean13,true,open_dataset,0.7,open-food-facts-csv:2026-09-08:sha256=f72687ee8bc6522054fe69dbfda6b91902c16af1ec2e043cde27bc6c29ad8176
9c50cd72-c64c-4f07-9efa-d2a324182259,1564301c-e40d-4e07-859e-21b70169b3e7,7704269443310,ean13,true,open_dataset,0.7,open-food-facts-csv:2026-09-08:sha256=f72687ee8bc6522054fe69dbfda6b91902c16af1ec2e043cde27bc6c29ad8176
714c131b-007b-4c2b-8a2c-97a0b7d1087d,5deef5ec-edf3-4a0a-9ef9-855ebd59227d,7704269520288,ean13,true,open_dataset,0.7,open-food-facts-csv:2026-09-08:sha256=f72687ee8bc6522054fe69dbfda6b91902c16af1ec2e043cde27bc6c29ad8176
18404b2d-0491-4a96-8637-037a7e262137,01ed945b-1bfc-4a15-8505-28dc24c129ef,7704269630024,ean13,true,open_dataset,0.7,open-food-facts-csv:2026-09-08:sha256=f72687ee8bc6522054fe69dbfda6b91902c16af1ec2e043cde27bc6c29ad8176
8153594d-904f-4108-b173-101a6cf59076,101e450d-c775-486a-82b9-60617b266ee9,7704269715943,ean13,true,open_dataset,0.7,open-food-facts-csv:2026-09-08:sha256=f72687ee8bc6522054fe69dbfda6b91902c16af1ec2e043cde27bc6c29ad8176
ef69012b-9acd-4a9c-b654-6513ffb23b73,81fc7d03-a73a-4e22-b1f6-31de07b4efb0,7704269768437,ean13,true,open_dataset,0.7,open-food-facts-csv:2026-09-08:sha256=f72687ee8bc6522054fe69dbfda6b91902c16af1ec2e043cde27bc6c29ad8176
c78c0fd9-b067-447e-8649-a7b49aedec7a,bf99d05e-9af5-4cd0-ae64-8ff18d8bd541,7704269795778,ean13,true,open_dataset,0.7,open-food-facts-csv:2026-09-08:sha256=f72687ee8bc6522054fe69dbfda6b91902c16af1ec2e043cde27bc6c29ad8176
d6e62166-fe8e-4ede-a275-18a4cfa98395,9809efeb-ee07-4579-870b-769ae460c457,7704269828995,ean13,true,open_dataset,0.7,open-food-facts-csv:2026-09-08:sha256=f72687ee8bc6522054fe69dbfda6b91902c16af1ec2e043cde27bc6c29ad8176
6d1fec29-5568-4d68-9203-6a43c6a92e6e,9f22b935-b236-49ad-8fa8-559a58a90bb0,7704269855984,ean13,true,open_dataset,0.7,open-food-facts-csv:2026-09-08:sha256=f72687ee8bc6522054fe69dbfda6b91902c16af1ec2e043cde27bc6c29ad8176
647e9766-64f8-4a91-b093-0020567f562d,ab8537ce-5981-46c2-8992-7469ae36978a,7704269882140,ean13,true,open_dataset,0.7,open-food-facts-csv:2026-09-08:sha256=f72687ee8bc6522054fe69dbfda6b91902c16af1ec2e043cde27bc6c29ad8176
f3df03cf-441d-494a-a957-ca05bbafb580,1b87c681-2ab6-4826-8bda-bc50b8b51144,7704269949430,ean13,true,open_dataset,0.7,open-food-facts-csv:2026-09-08:sha256=f72687ee8bc6522054fe69dbfda6b91902c16af1ec2e043cde27bc6c29ad8176
2281d775-8958-4544-ae75-e91af6d08264,448d77e0-ca61-43bc-8231-7fb67056986a,7704269960565,ean13,true,open_dataset,0.7,open-food-facts-csv:2026-09-08:sha256=f72687ee8bc6522054fe69dbfda6b91902c16af1ec2e043cde27bc6c29ad8176
f29c2dfe-63c7-4a05-a08f-caff690d7bfc,d5e2783e-3a6f-44de-b669-f4136b6eccf4,7704269972421,ean13,true,open_dataset,0.7,open-food-facts-csv:2026-09-08:sha256=f72687ee8bc6522054fe69dbfda6b91902c16af1ec2e043cde27bc6c29ad8176
8c342234-03de-40e3-88ab-86e5835fff1e,e67addb8-fb6b-4916-ac80-b151de44300e,7704269982000,ean13,true,open_dataset,0.7,open-food-facts-csv:2026-09-08:sha256=f72687ee8bc6522054fe69dbfda6b91902c16af1ec2e043cde27bc6c29ad8176
8d1d9eca-51ab-42d4-84ed-141b528367f1,a8ab4ca1-3f67-417a-b1e7-1c5c1e2df2f7,7704547110019,ean13,true,open_dataset,0.7,open-food-facts-csv:2026-09-08:sha256=f72687ee8bc6522054fe69dbfda6b91902c16af1ec2e043cde27bc6c29ad8176
25ff42f9-d3ae-4f83-8450-1b5f758e8cbe,8b71ebfa-6a67-4d39-b864-fea2ce024334,7705326001368,ean13,true,open_dataset,0.7,open-food-facts-csv:2026-09-08:sha256=f72687ee8bc6522054fe69dbfda6b91902c16af1ec2e043cde27bc6c29ad8176
d646198b-54dc-408e-b308-e0cbcc3b3283,118b16f3-90cd-4c2c-a5d7-68d09d497ab0,7705326001382,ean13,true,open_dataset,0.7,open-food-facts-csv:2026-09-08:sha256=f72687ee8bc6522054fe69dbfda6b91902c16af1ec2e043cde27bc6c29ad8176
e620f52a-c68a-44a9-b036-cd6a82e847f0,3a5cb792-1894-4ac9-b940-8e5e7ba9de42,7705326011800,ean13,true,open_dataset,0.7,open-food-facts-csv:2026-09-08:sha256=f72687ee8bc6522054fe69dbfda6b91902c16af1ec2e043cde27bc6c29ad8176
a28301ef-f932-4dbc-be4f-84ae14910c48,9ea16a66-64c5-4331-81d2-205fa1ceb77d,7705326017802,ean13,true,open_dataset,0.7,open-food-facts-csv:2026-09-08:sha256=f72687ee8bc6522054fe69dbfda6b91902c16af1ec2e043cde27bc6c29ad8176
c5ed6868-a6c8-45c9-88f0-29849fe31418,ec01a84d-6759-4e88-a9ae-a30d571ab5ce,7705326018717,ean13,true,open_dataset,0.7,open-food-facts-csv:2026-09-08:sha256=f72687ee8bc6522054fe69dbfda6b91902c16af1ec2e043cde27bc6c29ad8176
7493f13b-adb8-4367-9fff-c1c7858783b2,b51862c8-7a8f-4d0f-a54d-bd8bdcac351e,7705326018977,ean13,true,open_dataset,0.7,open-food-facts-csv:2026-09-08:sha256=f72687ee8bc6522054fe69dbfda6b91902c16af1ec2e043cde27bc6c29ad8176
e9085300-a99e-45db-9b92-99fa35b495b3,dec631d6-f8c5-4609-a388-5d09db629970,7705326019288,ean13,true,open_dataset,0.7,open-food-facts-csv:2026-09-08:sha256=f72687ee8bc6522054fe69dbfda6b91902c16af1ec2e043cde27bc6c29ad8176
b3ebb862-5f40-4141-8fe1-0706a92026d1,1ece5d0b-05eb-4446-8f7f-3619a35bd7ec,7705326020505,ean13,true,open_dataset,0.7,open-food-facts-csv:2026-09-08:sha256=f72687ee8bc6522054fe69dbfda6b91902c16af1ec2e043cde27bc6c29ad8176
fa3940d6-0372-4f07-8f4c-12dc2a7ce0fc,026bb4df-433f-470c-b795-3deed00895db,7705326072535,ean13,true,open_dataset,0.7,open-food-facts-csv:2026-09-08:sha256=f72687ee8bc6522054fe69dbfda6b91902c16af1ec2e043cde27bc6c29ad8176
f906f1a4-3f5d-40c6-bdb7-29225d134479,b1f008ab-0125-4406-8f61-34f486e4114e,7705326073891,ean13,true,open_dataset,0.7,open-food-facts-csv:2026-09-08:sha256=f72687ee8bc6522054fe69dbfda6b91902c16af1ec2e043cde27bc6c29ad8176
5282a9e3-8b22-43ee-9f07-5f06ca0ec692,acdc0db6-3ad3-43cb-87a5-0165e133a759,7705326073907,ean13,true,open_dataset,0.7,open-food-facts-csv:2026-09-08:sha256=f72687ee8bc6522054fe69dbfda6b91902c16af1ec2e043cde27bc6c29ad8176
cab6c951-9898-45d3-bd54-121a3d37cad0,61e3b657-2e00-4fea-ba9c-f9ddf91608a2,7705326075178,ean13,true,open_dataset,0.7,open-food-facts-csv:2026-09-08:sha256=f72687ee8bc6522054fe69dbfda6b91902c16af1ec2e043cde27bc6c29ad8176
0756a30f-aab5-402e-bb04-5768ed116f47,eadf4677-4b23-4a23-b883-e8b8982f00e0,7705326076038,ean13,true,open_dataset,0.7,open-food-facts-csv:2026-09-08:sha256=f72687ee8bc6522054fe69dbfda6b91902c16af1ec2e043cde27bc6c29ad8176
17b20298-557b-48ff-a4b2-0c57cdcd053c,b11ded9d-c27c-4d31-ae1e-7e0afa3af6a9,7705326078391,ean13,true,open_dataset,0.7,open-food-facts-csv:2026-09-08:sha256=f72687ee8bc6522054fe69dbfda6b91902c16af1ec2e043cde27bc6c29ad8176
79af525e-e752-4e6f-b0d3-b60a88889cc5,abb915d4-ff51-408e-82fc-1e442eae48ad,7705326079008,ean13,true,open_dataset,0.7,open-food-facts-csv:2026-09-08:sha256=f72687ee8bc6522054fe69dbfda6b91902c16af1ec2e043cde27bc6c29ad8176
7a2751e7-9e2f-4007-bfb3-a0740fceb22d,c3371915-d65a-40ad-b0c9-b8c43b05a5ef,7705326079343,ean13,true,open_dataset,0.7,open-food-facts-csv:2026-09-08:sha256=f72687ee8bc6522054fe69dbfda6b91902c16af1ec2e043cde27bc6c29ad8176
29d60662-cac8-468b-be7d-077013ed7395,25df1444-e108-4d5e-9f79-0e8a75f0dede,7705326080578,ean13,true,open_dataset,0.7,open-food-facts-csv:2026-09-08:sha256=f72687ee8bc6522054fe69dbfda6b91902c16af1ec2e043cde27bc6c29ad8176
0da34bdb-bdbf-4e81-8fb2-de6a22b5a2fe,fe5fa52a-5796-4568-ac60-aa992187d42f,7705326082367,ean13,true,open_dataset,0.7,open-food-facts-csv:2026-09-08:sha256=f72687ee8bc6522054fe69dbfda6b91902c16af1ec2e043cde27bc6c29ad8176
835f8f40-cfd2-46ec-873b-1b7e6974e2c4,d31f20ff-e47b-4d9d-876a-0424580416f1,7705326088574,ean13,true,open_dataset,0.7,open-food-facts-csv:2026-09-08:sha256=f72687ee8bc6522054fe69dbfda6b91902c16af1ec2e043cde27bc6c29ad8176
276a1ffa-fe95-43cd-861c-43e4998c81e0,cfcd1958-d7b1-40cd-8989-6f90e7fdd6d4,7705436012377,ean13,true,open_dataset,0.7,open-food-facts-csv:2026-09-08:sha256=f72687ee8bc6522054fe69dbfda6b91902c16af1ec2e043cde27bc6c29ad8176
4b7c2091-e230-4e4b-8855-7498ab435c92,cf2c33a8-b025-47ca-9df1-d6f5b3bd7f9d,7705436081946,ean13,true,open_dataset,0.7,open-food-facts-csv:2026-09-08:sha256=f72687ee8bc6522054fe69dbfda6b91902c16af1ec2e043cde27bc6c29ad8176
51f3aa72-2283-4f92-9444-c3d90dc3ef18,cf81aabb-031d-45b1-9865-0b8e2a554bfd,7705597101019,ean13,true,open_dataset,0.7,open-food-facts-csv:2026-09-08:sha256=f72687ee8bc6522054fe69dbfda6b91902c16af1ec2e043cde27bc6c29ad8176
207b0fd4-9450-46c9-bfca-321a9a4814f3,ae5f1110-5027-47c3-a291-811bc3bb491c,7705890011183,ean13,true,open_dataset,0.7,open-food-facts-csv:2026-09-08:sha256=f72687ee8bc6522054fe69dbfda6b91902c16af1ec2e043cde27bc6c29ad8176
643c25e0-4882-4c48-8953-6adb45e9adf1,36386955-99af-46c7-b2ab-fd4707c539eb,7705890020949,ean13,true,open_dataset,0.7,open-food-facts-csv:2026-09-08:sha256=f72687ee8bc6522054fe69dbfda6b91902c16af1ec2e043cde27bc6c29ad8176
9f48ca11-1690-4daa-8de5-9e65a775bc8d,e20f5005-1c11-44b8-a14f-91a4f391ec99,7705890030528,ean13,true,open_dataset,0.7,open-food-facts-csv:2026-09-08:sha256=f72687ee8bc6522054fe69dbfda6b91902c16af1ec2e043cde27bc6c29ad8176
188ab45d-6865-4cc4-989b-5cbaaf532a0c,22968acb-cd5a-44e1-b8cb-d294cd28431b,7705929100024,ean13,true,open_dataset,0.7,open-food-facts-csv:2026-09-08:sha256=f72687ee8bc6522054fe69dbfda6b91902c16af1ec2e043cde27bc6c29ad8176
e6aea93c-300e-4556-8ca5-60f43c25b591,c5aee989-9e09-4b1e-8793-8a2316f0d05f,7705946218863,ean13,true,open_dataset,0.7,open-food-facts-csv:2026-09-08:sha256=f72687ee8bc6522054fe69dbfda6b91902c16af1ec2e043cde27bc6c29ad8176
5eeb0b53-e10b-45bb-9d8d-b46468cfc879,b3934af5-8756-456a-9f83-4d496586110c,7705946382779,ean13,true,open_dataset,0.7,open-food-facts-csv:2026-09-08:sha256=f72687ee8bc6522054fe69dbfda6b91902c16af1ec2e043cde27bc6c29ad8176
0b9e5473-5fa8-4601-97ff-568884c1221b,0ed7674f-cf9e-428d-886f-081d865932ae,7705946814300,ean13,true,open_dataset,0.7,open-food-facts-csv:2026-09-08:sha256=f72687ee8bc6522054fe69dbfda6b91902c16af1ec2e043cde27bc6c29ad8176
8c419edc-7add-4664-a635-9bf4ce56f81c,c66a97c2-57f8-4f38-b6d7-96987cebb7ad,7706371001815,ean13,true,open_dataset,0.7,open-food-facts-csv:2026-09-08:sha256=f72687ee8bc6522054fe69dbfda6b91902c16af1ec2e043cde27bc6c29ad8176
b357d742-db0c-46e6-a6dd-e94c2621e48a,baefedc0-03ba-41f1-a5c9-71231688a750,7706477201355,ean13,true,open_dataset,0.7,open-food-facts-csv:2026-09-08:sha256=f72687ee8bc6522054fe69dbfda6b91902c16af1ec2e043cde27bc6c29ad8176
cc5eabda-348b-43db-9127-0b6829bc249b,7eb71eff-c844-45aa-a306-276716dc15e4,7706642001193,ean13,true,open_dataset,0.7,open-food-facts-csv:2026-09-08:sha256=f72687ee8bc6522054fe69dbfda6b91902c16af1ec2e043cde27bc6c29ad8176
796cb5a4-a7bd-4a66-831c-32d955f85191,b6bb7ef3-8239-4c65-ab04-fa477c09f157,7706642004835,ean13,true,open_dataset,0.7,open-food-facts-csv:2026-09-08:sha256=f72687ee8bc6522054fe69dbfda6b91902c16af1ec2e043cde27bc6c29ad8176
b0367d71-b53e-45ae-aba9-dfa173d20beb,283f8dff-62a0-4fb9-b50b-edac51670740,7706642005047,ean13,true,open_dataset,0.7,open-food-facts-csv:2026-09-08:sha256=f72687ee8bc6522054fe69dbfda6b91902c16af1ec2e043cde27bc6c29ad8176
53786854-5c8c-4312-8005-b0e6ac24eefb,b26be23c-b841-40cf-b98d-6b4e4d6f770a,7707028701386,ean13,true,open_dataset,0.7,open-food-facts-csv:2026-09-08:sha256=f72687ee8bc6522054fe69dbfda6b91902c16af1ec2e043cde27bc6c29ad8176
601a530c-d025-4978-81a1-f78b9c887adc,1931f296-a626-4d52-8426-921f992dff58,7707032401104,ean13,true,open_dataset,0.7,open-food-facts-csv:2026-09-08:sha256=f72687ee8bc6522054fe69dbfda6b91902c16af1ec2e043cde27bc6c29ad8176
9268df68-6a5a-4461-9cf0-e73ad0bcfc4b,405503eb-a76a-402b-9849-4d3c732ef030,7707066603604,ean13,true,open_dataset,0.7,open-food-facts-csv:2026-09-08:sha256=f72687ee8bc6522054fe69dbfda6b91902c16af1ec2e043cde27bc6c29ad8176
bf050717-6dc4-4d0b-b5c0-40dd057249c8,a654fdf6-4fa2-4e0e-95e2-a4f4b2b8cc30,7707066603666,ean13,true,open_dataset,0.7,open-food-facts-csv:2026-09-08:sha256=f72687ee8bc6522054fe69dbfda6b91902c16af1ec2e043cde27bc6c29ad8176
7e0b999b-6e18-4681-8f84-b737a08c4f0d,c21acceb-8f00-4053-b4e5-79a6d4a99377,7707066603710,ean13,true,open_dataset,0.7,open-food-facts-csv:2026-09-08:sha256=f72687ee8bc6522054fe69dbfda6b91902c16af1ec2e043cde27bc6c29ad8176
c2ce450a-74ff-49a4-9cb9-7bfd6537dd4d,c39931cc-a0a7-410b-b261-7969bbb52f0b,7707105805013,ean13,true,open_dataset,0.7,open-food-facts-csv:2026-09-08:sha256=f72687ee8bc6522054fe69dbfda6b91902c16af1ec2e043cde27bc6c29ad8176
07dfee04-742d-495a-901c-debea51403bf,0b7f36e0-d44e-47e3-b49a-5e648844c0b2,7707124900317,ean13,true,open_dataset,0.7,open-food-facts-csv:2026-09-08:sha256=f72687ee8bc6522054fe69dbfda6b91902c16af1ec2e043cde27bc6c29ad8176
76791e1b-d81c-4bd4-ad13-c8ae4779a504,b7d0c276-349d-47ad-b985-492e270bd6d1,7707124905084,ean13,true,open_dataset,0.7,open-food-facts-csv:2026-09-08:sha256=f72687ee8bc6522054fe69dbfda6b91902c16af1ec2e043cde27bc6c29ad8176
f41bb972-f8a5-4cd6-8687-335a78bcbe70,91313b7b-0218-42e0-a88a-79db32e8d3ac,7707172301142,ean13,true,open_dataset,0.7,open-food-facts-csv:2026-09-08:sha256=f72687ee8bc6522054fe69dbfda6b91902c16af1ec2e043cde27bc6c29ad8176
9ab129ef-ac96-4099-8286-c31e40faf818,01a8a1a7-aa52-4c8b-85e8-311938748ee1,7707172307106,ean13,true,open_dataset,0.7,open-food-facts-csv:2026-09-08:sha256=f72687ee8bc6522054fe69dbfda6b91902c16af1ec2e043cde27bc6c29ad8176
4899fa40-d372-4fb5-8601-d096a822c0e8,7358d337-a3c6-4576-b35d-3bda770538be,7707175260187,ean13,true,open_dataset,0.7,open-food-facts-csv:2026-09-08:sha256=f72687ee8bc6522054fe69dbfda6b91902c16af1ec2e043cde27bc6c29ad8176
ec0df2c6-c22a-43e6-ac2e-5b0eafd284da,d6e9bb8e-6a0d-40d3-84d6-e392577aeef8,7707179050012,ean13,true,open_dataset,0.7,open-food-facts-csv:2026-09-08:sha256=f72687ee8bc6522054fe69dbfda6b91902c16af1ec2e043cde27bc6c29ad8176
5b8f5a85-27f4-46c7-a6ad-c24fcec7fb2a,88ce1861-e1df-419e-9397-1447b116c630,7707179720014,ean13,true,open_dataset,0.7,open-food-facts-csv:2026-09-08:sha256=f72687ee8bc6522054fe69dbfda6b91902c16af1ec2e043cde27bc6c29ad8176
63937bbe-0202-4c87-9d03-7b940261f053,989a49d0-d7c1-42de-a02a-0300ee3a329c,7707180140030,ean13,true,open_dataset,0.7,open-food-facts-csv:2026-09-08:sha256=f72687ee8bc6522054fe69dbfda6b91902c16af1ec2e043cde27bc6c29ad8176
667cf19c-101d-4ce9-83fa-7e858f2bfc71,19e6a804-0a9e-4c1b-a423-9040f70042eb,7707180140092,ean13,true,open_dataset,0.7,open-food-facts-csv:2026-09-08:sha256=f72687ee8bc6522054fe69dbfda6b91902c16af1ec2e043cde27bc6c29ad8176
95a1ef3e-d0b9-44ff-af2f-de4c1c0c9854,6346fa54-f151-4729-92b3-81c87a6a94c4,7707180828242,ean13,true,open_dataset,0.7,open-food-facts-csv:2026-09-08:sha256=f72687ee8bc6522054fe69dbfda6b91902c16af1ec2e043cde27bc6c29ad8176
0007766b-845e-44fe-8d41-638b2d94bda7,107e5724-9f68-4ba0-89a3-58a1afb8d976,7707183500022,ean13,true,open_dataset,0.7,open-food-facts-csv:2026-09-08:sha256=f72687ee8bc6522054fe69dbfda6b91902c16af1ec2e043cde27bc6c29ad8176
c5d36005-9609-4c87-9f71-031e2fd93798,ce0970ee-9fcf-4142-bd3a-1865a58bef57,7707187470895,ean13,true,open_dataset,0.7,open-food-facts-csv:2026-09-08:sha256=f72687ee8bc6522054fe69dbfda6b91902c16af1ec2e043cde27bc6c29ad8176
00b5a7ee-b1a1-4f70-ba37-b3abfb0e624a,3045df50-8df3-43d5-871a-5ad42f046f84,7707188160221,ean13,true,open_dataset,0.7,open-food-facts-csv:2026-09-08:sha256=f72687ee8bc6522054fe69dbfda6b91902c16af1ec2e043cde27bc6c29ad8176
a955dba8-3570-46f0-994c-542c5045f779,4997d5a0-8226-4e0a-8954-3281a16ecf9d,7707189884720,ean13,true,open_dataset,0.7,open-food-facts-csv:2026-09-08:sha256=f72687ee8bc6522054fe69dbfda6b91902c16af1ec2e043cde27bc6c29ad8176
42b0f57a-a741-4a7c-8740-94e03fb7fd75,056dceb9-99b3-4447-b214-c14b4ac68937,7707191840011,ean13,true,open_dataset,0.7,open-food-facts-csv:2026-09-08:sha256=f72687ee8bc6522054fe69dbfda6b91902c16af1ec2e043cde27bc6c29ad8176
427b0068-27f0-47c9-a158-d0b8e32d731e,fe3744ba-5161-4647-a2eb-13c166e3a733,7707199660741,ean13,true,open_dataset,0.7,open-food-facts-csv:2026-09-08:sha256=f72687ee8bc6522054fe69dbfda6b91902c16af1ec2e043cde27bc6c29ad8176
b9e1a933-44b7-4113-bd8f-536618ae3ecc,5f66d2df-45f6-434c-ac43-300b3fc39f2d,7707203590262,ean13,true,open_dataset,0.7,open-food-facts-csv:2026-09-08:sha256=f72687ee8bc6522054fe69dbfda6b91902c16af1ec2e043cde27bc6c29ad8176
fa14d470-94d4-48a2-8408-1be60afdf34f,a90d6058-87d5-47d1-9282-9acb254f6a8a,7707211630912,ean13,true,open_dataset,0.7,open-food-facts-csv:2026-09-08:sha256=f72687ee8bc6522054fe69dbfda6b91902c16af1ec2e043cde27bc6c29ad8176
dbf4d670-be5f-4416-a512-e78c4b988928,85f5681f-9536-4edf-9f22-1214a369ec98,7707211631469,ean13,true,open_dataset,0.7,open-food-facts-csv:2026-09-08:sha256=f72687ee8bc6522054fe69dbfda6b91902c16af1ec2e043cde27bc6c29ad8176
2b9df8c7-2e32-453a-9993-1a0930220121,225758df-7f89-40eb-a2c0-05553a65bf62,7707211631865,ean13,true,open_dataset,0.7,open-food-facts-csv:2026-09-08:sha256=f72687ee8bc6522054fe69dbfda6b91902c16af1ec2e043cde27bc6c29ad8176
f80aabb8-1842-4ceb-9dc2-39f94a085bc0,bd3fdc21-0132-439a-b7c5-1979441e7fc9,7707211632169,ean13,true,open_dataset,0.7,open-food-facts-csv:2026-09-08:sha256=f72687ee8bc6522054fe69dbfda6b91902c16af1ec2e043cde27bc6c29ad8176
e5c72bf5-2138-4321-8a6b-896882061a82,079a272a-56ea-403f-8c36-f0f3f91a022f,7707220540004,ean13,true,open_dataset,0.7,open-food-facts-csv:2026-09-08:sha256=f72687ee8bc6522054fe69dbfda6b91902c16af1ec2e043cde27bc6c29ad8176
8574243c-8abf-4a4c-82ac-180480efaa04,6e005d46-a047-48d9-846f-865ee1422f12,7707220540370,ean13,true,open_dataset,0.7,open-food-facts-csv:2026-09-08:sha256=f72687ee8bc6522054fe69dbfda6b91902c16af1ec2e043cde27bc6c29ad8176
d238c8a4-f04f-484d-bff8-194d1d86a1f3,3f26a539-7b8d-41e9-bccd-2233861c672c,7707222299122,ean13,true,open_dataset,0.7,open-food-facts-csv:2026-09-08:sha256=f72687ee8bc6522054fe69dbfda6b91902c16af1ec2e043cde27bc6c29ad8176
391d3e8e-b0bc-435f-855d-c6559b2012e6,b9cb95ab-2725-4831-ba2f-bf16d6c596f5,7707224220407,ean13,true,open_dataset,0.7,open-food-facts-csv:2026-09-08:sha256=f72687ee8bc6522054fe69dbfda6b91902c16af1ec2e043cde27bc6c29ad8176
220b90ad-2004-45fa-8da3-069a2b1c1921,1c47a0a0-3be5-47bb-9e54-bcfaa81a6465,7707226861431,ean13,true,open_dataset,0.7,open-food-facts-csv:2026-09-08:sha256=f72687ee8bc6522054fe69dbfda6b91902c16af1ec2e043cde27bc6c29ad8176
eb627c6e-f750-440a-b3b5-f2a9b566e639,0d31d70a-9b0a-47d4-9401-9d2fa7dd43ef,7707237413902,ean13,true,open_dataset,0.7,open-food-facts-csv:2026-09-08:sha256=f72687ee8bc6522054fe69dbfda6b91902c16af1ec2e043cde27bc6c29ad8176
19368437-23a8-44a3-a04d-d0743ce691d9,dbc93138-37a0-4b27-a3b8-0cee33fbeace,7707240271063,ean13,true,open_dataset,0.7,open-food-facts-csv:2026-09-08:sha256=f72687ee8bc6522054fe69dbfda6b91902c16af1ec2e043cde27bc6c29ad8176
c565f9cb-bb7f-4058-9545-e91cbeee0d47,dea5cc30-1bd8-4fe4-a470-2249ceac0d52,7707240271131,ean13,true,open_dataset,0.7,open-food-facts-csv:2026-09-08:sha256=f72687ee8bc6522054fe69dbfda6b91902c16af1ec2e043cde27bc6c29ad8176
2b125264-acc2-4d43-8639-2d9c5b1fb0d5,1ce13ba2-d0b7-434c-bd76-ff8c59cc8b7d,7707241940173,ean13,true,open_dataset,0.7,open-food-facts-csv:2026-09-08:sha256=f72687ee8bc6522054fe69dbfda6b91902c16af1ec2e043cde27bc6c29ad8176
efefd079-8f35-4df4-86fa-7d56eb8c8f88,a00062cd-0942-49ea-93a8-f84e14efe53b,7707242401529,ean13,true,open_dataset,0.7,open-food-facts-csv:2026-09-08:sha256=f72687ee8bc6522054fe69dbfda6b91902c16af1ec2e043cde27bc6c29ad8176
4a26a91f-edb8-40ee-9f55-650796aeea6f,a7ffe59a-5319-4d53-9b4e-80de4c963713,7707244561689,ean13,true,open_dataset,0.7,open-food-facts-csv:2026-09-08:sha256=f72687ee8bc6522054fe69dbfda6b91902c16af1ec2e043cde27bc6c29ad8176
50f548d6-26f1-41d5-9851-41a1e0626412,192986da-a05d-4672-ae8e-bff0db525414,7707245600639,ean13,true,open_dataset,0.7,open-food-facts-csv:2026-09-08:sha256=f72687ee8bc6522054fe69dbfda6b91902c16af1ec2e043cde27bc6c29ad8176
70359980-d1f5-4465-b46d-5a88722db8a2,389055b4-4187-429a-b0fb-b47e98afa706,7707248320466,ean13,true,open_dataset,0.7,open-food-facts-csv:2026-09-08:sha256=f72687ee8bc6522054fe69dbfda6b91902c16af1ec2e043cde27bc6c29ad8176
faeb8aa0-2623-4063-9937-13728c661725,991d2aeb-d11e-4fcc-80ad-82b0ff257e78,7707248322385,ean13,true,open_dataset,0.7,open-food-facts-csv:2026-09-08:sha256=f72687ee8bc6522054fe69dbfda6b91902c16af1ec2e043cde27bc6c29ad8176
8725d069-a670-43c5-afa1-52f57d720a2a,98b9562a-9feb-4a18-9e71-39d180a7a93b,7707262682595,ean13,true,open_dataset,0.7,open-food-facts-csv:2026-09-08:sha256=f72687ee8bc6522054fe69dbfda6b91902c16af1ec2e043cde27bc6c29ad8176
2cae66ef-9165-4030-85f8-f81b1f1fa287,34396731-eec2-4d70-8e55-f487fefac3ce,7707268530296,ean13,true,open_dataset,0.7,open-food-facts-csv:2026-09-08:sha256=f72687ee8bc6522054fe69dbfda6b91902c16af1ec2e043cde27bc6c29ad8176
955cd76a-b37c-47b8-a1c0-0ae1bb104a51,d3102c8c-c15a-4a92-a243-15c84fc6b762,7707272490692,ean13,true,open_dataset,0.7,open-food-facts-csv:2026-09-08:sha256=f72687ee8bc6522054fe69dbfda6b91902c16af1ec2e043cde27bc6c29ad8176
06dd671d-017e-45e5-bcb9-ae5a4e3c3b94,655fc22e-f59a-4e29-a313-bf77018419f8,7707275650550,ean13,true,open_dataset,0.7,open-food-facts-csv:2026-09-08:sha256=f72687ee8bc6522054fe69dbfda6b91902c16af1ec2e043cde27bc6c29ad8176
72f1a81a-13f1-4afe-bf9c-f1972bf1083a,5c875dc6-93e6-4f5e-9f23-3db6208fe92f,7707276560124,ean13,true,open_dataset,0.7,open-food-facts-csv:2026-09-08:sha256=f72687ee8bc6522054fe69dbfda6b91902c16af1ec2e043cde27bc6c29ad8176
e716b93e-a719-4eb8-a53a-1e9123f23e37,18f35372-31fd-45b1-9224-8c673c4059eb,7707277701144,ean13,true,open_dataset,0.7,open-food-facts-csv:2026-09-08:sha256=f72687ee8bc6522054fe69dbfda6b91902c16af1ec2e043cde27bc6c29ad8176
e1a97459-c1c8-41c2-afb1-5bbbf1881b31,cb6407af-505b-4a1d-b5b4-ea6b94b9210b,7707280880218,ean13,true,open_dataset,0.7,open-food-facts-csv:2026-09-08:sha256=f72687ee8bc6522054fe69dbfda6b91902c16af1ec2e043cde27bc6c29ad8176
35e07a99-4278-490a-b7b1-676959fe557e,1f5e1eef-e1a9-4e76-8af3-3fc5472c1cd6,7707280880287,ean13,true,open_dataset,0.7,open-food-facts-csv:2026-09-08:sha256=f72687ee8bc6522054fe69dbfda6b91902c16af1ec2e043cde27bc6c29ad8176
8a8acdb7-f8a9-46c2-b22e-666588b80f02,75491ad2-8eb1-4e02-afe7-b18cb498e3c6,7707280883868,ean13,true,open_dataset,0.7,open-food-facts-csv:2026-09-08:sha256=f72687ee8bc6522054fe69dbfda6b91902c16af1ec2e043cde27bc6c29ad8176
a2da20d6-a07e-43ea-bdd2-96c62e8ffb96,3016f8cf-0ccd-4a29-afac-e76cee4d3a4f,7707282388156,ean13,true,open_dataset,0.7,open-food-facts-csv:2026-09-08:sha256=f72687ee8bc6522054fe69dbfda6b91902c16af1ec2e043cde27bc6c29ad8176
9f6e8a26-25cd-4781-acae-e09b77698877,573c47ba-24b9-4730-9c4a-6d5cf21cf58a,7707287462998,ean13,true,open_dataset,0.7,open-food-facts-csv:2026-09-08:sha256=f72687ee8bc6522054fe69dbfda6b91902c16af1ec2e043cde27bc6c29ad8176
ff8738e1-e2ec-4567-83c3-6edef182fd13,6d7aeb17-ffd9-4e93-bb36-4ca7456c4f80,7707287463223,ean13,true,open_dataset,0.7,open-food-facts-csv:2026-09-08:sha256=f72687ee8bc6522054fe69dbfda6b91902c16af1ec2e043cde27bc6c29ad8176
03675fff-6761-4991-b475-07dc9913ef0f,d6d651f2-f162-4c13-b7f9-2b384fd1b0a2,7707292780346,ean13,true,open_dataset,0.7,open-food-facts-csv:2026-09-08:sha256=f72687ee8bc6522054fe69dbfda6b91902c16af1ec2e043cde27bc6c29ad8176
d2b20335-aa0f-4050-8b04-60b949cceed3,35a15cf2-6a8d-4a4e-a9e7-7dbbe26913cc,7707297383504,ean13,true,open_dataset,0.7,open-food-facts-csv:2026-09-08:sha256=f72687ee8bc6522054fe69dbfda6b91902c16af1ec2e043cde27bc6c29ad8176
6a4a599c-7bc3-4348-ad90-85954e164144,2b612a21-94a8-4d38-ba59-5c0ad24053a9,7707298740993,ean13,true,open_dataset,0.7,open-food-facts-csv:2026-09-08:sha256=f72687ee8bc6522054fe69dbfda6b91902c16af1ec2e043cde27bc6c29ad8176
5759f99e-552b-40b7-bdd6-9ef3d32ec4c6,2a44a1e1-6d09-4b68-9efa-b709a06b63cd,7707301870105,ean13,true,open_dataset,0.7,open-food-facts-csv:2026-09-08:sha256=f72687ee8bc6522054fe69dbfda6b91902c16af1ec2e043cde27bc6c29ad8176
413f34e1-81ae-413c-9154-c86e3195052f,83f16a13-c349-4645-82fb-13b7981afbe6,7707302080039,ean13,true,open_dataset,0.7,open-food-facts-csv:2026-09-08:sha256=f72687ee8bc6522054fe69dbfda6b91902c16af1ec2e043cde27bc6c29ad8176
f14423e8-7d05-456c-b9d0-358247658097,3568e150-c262-4ede-8200-ce6301f8c371,7707302880158,ean13,true,open_dataset,0.7,open-food-facts-csv:2026-09-08:sha256=f72687ee8bc6522054fe69dbfda6b91902c16af1ec2e043cde27bc6c29ad8176
6f238f51-e5ed-4cbb-a7d6-cdb0b2e3de37,4a26dcda-66dd-4a93-8e5f-90b2ae244a18,7707304621384,ean13,true,open_dataset,0.7,open-food-facts-csv:2026-09-08:sha256=f72687ee8bc6522054fe69dbfda6b91902c16af1ec2e043cde27bc6c29ad8176
55970e5e-889e-4edb-8398-15691d9017c0,d58536a2-ac95-48fc-8e81-fab01f05bcd2,7707307963177,ean13,true,open_dataset,0.7,open-food-facts-csv:2026-09-08:sha256=f72687ee8bc6522054fe69dbfda6b91902c16af1ec2e043cde27bc6c29ad8176
6d1e031a-3a02-4a2a-9663-8ed1c1a0856f,2a09e06d-1461-4c4a-9884-346a6dc69352,7707310620104,ean13,true,open_dataset,0.7,open-food-facts-csv:2026-09-08:sha256=f72687ee8bc6522054fe69dbfda6b91902c16af1ec2e043cde27bc6c29ad8176
354f8901-ac7f-465a-a239-15e1c205d4c8,04a75d3a-c361-47b0-a392-9c4b6cf8587f,7707312650208,ean13,true,open_dataset,0.7,open-food-facts-csv:2026-09-08:sha256=f72687ee8bc6522054fe69dbfda6b91902c16af1ec2e043cde27bc6c29ad8176
e82f04f3-cdd2-499f-b858-2287c48c5126,f075fdeb-1380-4b69-83d1-a74028d212a7,7707315720014,ean13,true,open_dataset,0.7,open-food-facts-csv:2026-09-08:sha256=f72687ee8bc6522054fe69dbfda6b91902c16af1ec2e043cde27bc6c29ad8176
c5760601-dd91-40ee-9078-886267729122,d91b43f0-cb60-43a0-89cf-e73cef268060,7707316230536,ean13,true,open_dataset,0.7,open-food-facts-csv:2026-09-08:sha256=f72687ee8bc6522054fe69dbfda6b91902c16af1ec2e043cde27bc6c29ad8176
3bd50358-9f4a-4078-8a25-8238998b7800,50830f4a-a30b-4d34-a5f2-c5e8cec7b0c3,7707316230697,ean13,true,open_dataset,0.7,open-food-facts-csv:2026-09-08:sha256=f72687ee8bc6522054fe69dbfda6b91902c16af1ec2e043cde27bc6c29ad8176
b7b9ba3f-c90e-428d-8618-aae0b0b49011,51d00289-8466-4d90-8983-8eb69b3547cd,7707318460108,ean13,true,open_dataset,0.7,open-food-facts-csv:2026-09-08:sha256=f72687ee8bc6522054fe69dbfda6b91902c16af1ec2e043cde27bc6c29ad8176
71b18d5b-6d86-4f01-8736-b73fdc25524d,a4fe39a3-9678-4628-9960-a5163002dd49,7707322030052,ean13,true,open_dataset,0.7,open-food-facts-csv:2026-09-08:sha256=f72687ee8bc6522054fe69dbfda6b91902c16af1ec2e043cde27bc6c29ad8176
4716d7d2-e8b3-4a2a-bd80-080a755a072b,dd96764f-2d7f-4f1f-9e5d-c8aefc8aca4f,7707322030649,ean13,true,open_dataset,0.7,open-food-facts-csv:2026-09-08:sha256=f72687ee8bc6522054fe69dbfda6b91902c16af1ec2e043cde27bc6c29ad8176
b36bbc88-4bf2-41d8-a44f-68d0a75fd7f0,ce7bf6b3-2435-4b6e-a896-0ca2c00e407e,7707322030748,ean13,true,open_dataset,0.7,open-food-facts-csv:2026-09-08:sha256=f72687ee8bc6522054fe69dbfda6b91902c16af1ec2e043cde27bc6c29ad8176
abc013c8-1da5-44de-8c4b-6d82d7d3a004,bb3f27e3-114f-4c6c-9db2-36dfec21b419,7707325840085,ean13,true,open_dataset,0.7,open-food-facts-csv:2026-09-08:sha256=f72687ee8bc6522054fe69dbfda6b91902c16af1ec2e043cde27bc6c29ad8176
5324a811-2a2c-4b1e-aef0-4207fffb5896,a8f64f76-ec13-4114-ae9f-72d12f8963e4,7707330110135,ean13,true,open_dataset,0.7,open-food-facts-csv:2026-09-08:sha256=f72687ee8bc6522054fe69dbfda6b91902c16af1ec2e043cde27bc6c29ad8176
f1b2240d-cc69-490d-9805-5d08035aed4e,4353a09d-60cd-4442-8e18-dd83963311b4,7707330380132,ean13,true,open_dataset,0.7,open-food-facts-csv:2026-09-08:sha256=f72687ee8bc6522054fe69dbfda6b91902c16af1ec2e043cde27bc6c29ad8176
e478aafe-060c-407b-bb94-98f5e061c872,1314c481-9290-4219-8db4-dd4e5ace5543,7707331403885,ean13,true,open_dataset,0.7,open-food-facts-csv:2026-09-08:sha256=f72687ee8bc6522054fe69dbfda6b91902c16af1ec2e043cde27bc6c29ad8176
5e6cb8c6-e23d-4992-9445-64ba9484d912,a4adb2c9-0bd3-478f-b8a7-5b195a11835b,7707331406589,ean13,true,open_dataset,0.7,open-food-facts-csv:2026-09-08:sha256=f72687ee8bc6522054fe69dbfda6b91902c16af1ec2e043cde27bc6c29ad8176
724b3a47-82aa-4978-a03a-30067a80d175,a7560b00-0592-40c0-ad0e-37e51babf139,7707331407661,ean13,true,open_dataset,0.7,open-food-facts-csv:2026-09-08:sha256=f72687ee8bc6522054fe69dbfda6b91902c16af1ec2e043cde27bc6c29ad8176
eacb2aa0-c681-4811-a991-047ed943c9fb,1229ac83-06fa-4ac8-bd9b-805a60a2c744,7707331407678,ean13,true,open_dataset,0.7,open-food-facts-csv:2026-09-08:sha256=f72687ee8bc6522054fe69dbfda6b91902c16af1ec2e043cde27bc6c29ad8176
7a74f589-74a9-497f-b729-ed74ce48beb2,5b6dc2fb-7c70-41a3-9d83-ea6b9ff3021c,7707331407692,ean13,true,open_dataset,0.7,open-food-facts-csv:2026-09-08:sha256=f72687ee8bc6522054fe69dbfda6b91902c16af1ec2e043cde27bc6c29ad8176
d976a040-79ab-4f00-b0dd-0261d13ca95b,cfe4b0a1-f544-478c-8079-ede885b20beb,7707331407708,ean13,true,open_dataset,0.7,open-food-facts-csv:2026-09-08:sha256=f72687ee8bc6522054fe69dbfda6b91902c16af1ec2e043cde27bc6c29ad8176
d69f3e92-5898-4edd-acd6-b0f31310a4b1,3e885e30-c212-4ce0-87df-4fdb0e67b5a6,7707331407722,ean13,true,open_dataset,0.7,open-food-facts-csv:2026-09-08:sha256=f72687ee8bc6522054fe69dbfda6b91902c16af1ec2e043cde27bc6c29ad8176
b6086ab0-0a03-4d9d-9ab6-efc256fd2259,f31bcc0a-90d0-4f1f-a273-629983fa2255,7707331407791,ean13,true,open_dataset,0.7,open-food-facts-csv:2026-09-08:sha256=f72687ee8bc6522054fe69dbfda6b91902c16af1ec2e043cde27bc6c29ad8176
5278aa4d-af95-4b2f-b8b4-087df0b58fca,4da00ac0-51ce-4689-9b40-fa05d81902ce,7707334211401,ean13,true,open_dataset,0.7,open-food-facts-csv:2026-09-08:sha256=f72687ee8bc6522054fe69dbfda6b91902c16af1ec2e043cde27bc6c29ad8176
9c8be035-0de7-4c0b-9a72-69e3a98f97ad,5f2dea3f-8e88-4d45-be32-57ce172b6e3a,7707341112173,ean13,true,open_dataset,0.7,open-food-facts-csv:2026-09-08:sha256=f72687ee8bc6522054fe69dbfda6b91902c16af1ec2e043cde27bc6c29ad8176
8995f4fe-dc6a-496a-8b30-6fac581de795,5404855f-84a2-4a0d-87a2-47163bd5663a,7707343440076,ean13,true,open_dataset,0.7,open-food-facts-csv:2026-09-08:sha256=f72687ee8bc6522054fe69dbfda6b91902c16af1ec2e043cde27bc6c29ad8176
e504951d-fdcd-43b2-bd89-f7047310fbee,671daae0-6b5f-45b6-8c12-be84718bd833,7707345811706,ean13,true,open_dataset,0.7,open-food-facts-csv:2026-09-08:sha256=f72687ee8bc6522054fe69dbfda6b91902c16af1ec2e043cde27bc6c29ad8176
0cecaa6c-92af-4511-a4c6-dd98ab4325f7,83a66ff1-7494-4fd4-b7da-93870f6f2fb7,7707345812123,ean13,true,open_dataset,0.7,open-food-facts-csv:2026-09-08:sha256=f72687ee8bc6522054fe69dbfda6b91902c16af1ec2e043cde27bc6c29ad8176
72fe42dc-1745-4d7f-8df1-0d05ad46297f,0438f78c-8d41-483b-8d6f-a3d049832d76,7707345813151,ean13,true,open_dataset,0.7,open-food-facts-csv:2026-09-08:sha256=f72687ee8bc6522054fe69dbfda6b91902c16af1ec2e043cde27bc6c29ad8176
6fda7303-9210-4826-abaf-cd26172a0674,96b70fc7-d22c-434d-b769-f5074b75af88,7707357444237,ean13,true,open_dataset,0.7,open-food-facts-csv:2026-09-08:sha256=f72687ee8bc6522054fe69dbfda6b91902c16af1ec2e043cde27bc6c29ad8176
738e97c3-3a6c-4e88-91dd-c43f383d5711,2dec4fd3-7bc2-4296-8fb4-59d27ecab1bf,7707362390079,ean13,true,open_dataset,0.7,open-food-facts-csv:2026-09-08:sha256=f72687ee8bc6522054fe69dbfda6b91902c16af1ec2e043cde27bc6c29ad8176
fe2ad219-d78f-4345-8009-1c3cb8e2b4da,4a873684-6a99-4dd1-b0bc-a76a5e485127,7707362390086,ean13,true,open_dataset,0.7,open-food-facts-csv:2026-09-08:sha256=f72687ee8bc6522054fe69dbfda6b91902c16af1ec2e043cde27bc6c29ad8176
1e4cec4f-9563-4039-9858-a43b79ab4462,7f1e0093-4879-417c-a050-61440f08cdd5,7707362390093,ean13,true,open_dataset,0.7,open-food-facts-csv:2026-09-08:sha256=f72687ee8bc6522054fe69dbfda6b91902c16af1ec2e043cde27bc6c29ad8176
f34e44bc-7656-473c-ba25-9f4413e7df49,93623af6-28d1-4794-8709-5e325e1e8ae3,7707365170623,ean13,true,open_dataset,0.7,open-food-facts-csv:2026-09-08:sha256=f72687ee8bc6522054fe69dbfda6b91902c16af1ec2e043cde27bc6c29ad8176
98383537-1c0a-432d-9336-097713f749dc,3c80e37b-dabb-48d0-bfbf-c61c5a69dfa9,7707365171552,ean13,true,open_dataset,0.7,open-food-facts-csv:2026-09-08:sha256=f72687ee8bc6522054fe69dbfda6b91902c16af1ec2e043cde27bc6c29ad8176
a0b513bd-cb10-4d45-a76d-705036c26ba2,fa8c8466-7a18-4240-a653-30c52ff1b025,7707365171958,ean13,true,open_dataset,0.7,open-food-facts-csv:2026-09-08:sha256=f72687ee8bc6522054fe69dbfda6b91902c16af1ec2e043cde27bc6c29ad8176
b123cfac-ca07-40ea-839f-62de2c7c6bf9,33bdf4be-bbbf-487c-9348-017c7a7a8e2b,7707365173679,ean13,true,open_dataset,0.7,open-food-facts-csv:2026-09-08:sha256=f72687ee8bc6522054fe69dbfda6b91902c16af1ec2e043cde27bc6c29ad8176
ab1140ad-4e0f-49a3-9fb9-c0283a7f7481,fb72dcb8-4fd3-41ef-83fc-2de440c8216d,7707365173938,ean13,true,open_dataset,0.7,open-food-facts-csv:2026-09-08:sha256=f72687ee8bc6522054fe69dbfda6b91902c16af1ec2e043cde27bc6c29ad8176
00861a72-8e56-4ea2-b348-3c8b1f180a7c,98cfa9b4-1ee4-4a1d-b9f7-77bb11c4cea6,7707365174386,ean13,true,open_dataset,0.7,open-food-facts-csv:2026-09-08:sha256=f72687ee8bc6522054fe69dbfda6b91902c16af1ec2e043cde27bc6c29ad8176
b8e7cb89-27ca-42ae-966c-f96aa71c616d,f60d6146-10dd-4166-a5ac-43ea8d9a68fc,7707365174829,ean13,true,open_dataset,0.7,open-food-facts-csv:2026-09-08:sha256=f72687ee8bc6522054fe69dbfda6b91902c16af1ec2e043cde27bc6c29ad8176
283d3e48-55dc-429f-93b3-7d30a21d80ce,57ffcf4b-c447-4ef6-8c89-db7ba60042c0,7707366637606,ean13,true,open_dataset,0.7,open-food-facts-csv:2026-09-08:sha256=f72687ee8bc6522054fe69dbfda6b91902c16af1ec2e043cde27bc6c29ad8176
b600a20b-a9ed-4b1b-aba4-258eff0b0c7f,4370dbc3-f1d2-49c7-9cea-76c9f236b50d,7707366638962,ean13,true,open_dataset,0.7,open-food-facts-csv:2026-09-08:sha256=f72687ee8bc6522054fe69dbfda6b91902c16af1ec2e043cde27bc6c29ad8176
8cb424dc-59f8-4d57-8498-4147a303b7a0,f1026256-3a4e-4602-b70e-221e79b6b3e7,7707369300323,ean13,true,open_dataset,0.7,open-food-facts-csv:2026-09-08:sha256=f72687ee8bc6522054fe69dbfda6b91902c16af1ec2e043cde27bc6c29ad8176
2d40cd18-445f-45e1-9efc-08e711243f16,804644de-1602-4d1a-86c7-e5daff3b4981,7707369351530,ean13,true,open_dataset,0.7,open-food-facts-csv:2026-09-08:sha256=f72687ee8bc6522054fe69dbfda6b91902c16af1ec2e043cde27bc6c29ad8176
9080ec65-c05d-48cb-b732-738f6c467c86,c1774a60-2c96-4d43-a9c1-db2bd32b1637,7707385975772,ean13,true,open_dataset,0.7,open-food-facts-csv:2026-09-08:sha256=f72687ee8bc6522054fe69dbfda6b91902c16af1ec2e043cde27bc6c29ad8176
a8bb5cf0-fdec-42e3-8abf-f823a1d74dd1,cbd80b54-d12f-4d9a-acae-748dfb8d8c73,7707394713624,ean13,true,open_dataset,0.7,open-food-facts-csv:2026-09-08:sha256=f72687ee8bc6522054fe69dbfda6b91902c16af1ec2e043cde27bc6c29ad8176
d7d62261-49bc-47f5-bc2f-6a665412bd98,927bcc32-602e-44c1-8c8e-f3e02f680e57,7707394714355,ean13,true,open_dataset,0.7,open-food-facts-csv:2026-09-08:sha256=f72687ee8bc6522054fe69dbfda6b91902c16af1ec2e043cde27bc6c29ad8176
c2e34eee-f4d9-432e-ae29-75e487c18ac0,9c61f668-c1e1-49f1-8ea8-08e5d2ef9eb0,7707394717691,ean13,true,open_dataset,0.7,open-food-facts-csv:2026-09-08:sha256=f72687ee8bc6522054fe69dbfda6b91902c16af1ec2e043cde27bc6c29ad8176
aa560b86-92ca-4d3b-8343-bf4f8d59e392,1bbc2a86-20b8-46ae-826b-fb18efd12ef8,7707418524731,ean13,true,open_dataset,0.7,open-food-facts-csv:2026-09-08:sha256=f72687ee8bc6522054fe69dbfda6b91902c16af1ec2e043cde27bc6c29ad8176
5ff17160-061e-44e0-b545-814eb037dcdd,7e030899-c592-4a52-9405-25766a2a46f5,7707672337085,ean13,true,open_dataset,0.7,open-food-facts-csv:2026-09-08:sha256=f72687ee8bc6522054fe69dbfda6b91902c16af1ec2e043cde27bc6c29ad8176
48a5787b-2783-402f-9727-77f7c84ed3f0,5580c7ca-687c-4f47-a285-598bafdd1bec,7707672337122,ean13,true,open_dataset,0.7,open-food-facts-csv:2026-09-08:sha256=f72687ee8bc6522054fe69dbfda6b91902c16af1ec2e043cde27bc6c29ad8176
4cbecadd-0660-4b32-a517-1db6f91d90b9,71da7a1b-227d-4fdb-ba1c-9cb0b3dea811,7707699950069,ean13,true,open_dataset,0.7,open-food-facts-csv:2026-09-08:sha256=f72687ee8bc6522054fe69dbfda6b91902c16af1ec2e043cde27bc6c29ad8176
6c843b9e-3c8e-4957-a8ba-ca287dd76485,668de6af-7ff8-4d3a-989b-9650a95a26cc,7707799414713,ean13,true,open_dataset,0.7,open-food-facts-csv:2026-09-08:sha256=f72687ee8bc6522054fe69dbfda6b91902c16af1ec2e043cde27bc6c29ad8176
ee77c320-03e0-4c66-9ff3-e265e55ad675,36d951a4-f949-4582-867f-74c7cab6860f,7707799416168,ean13,true,open_dataset,0.7,open-food-facts-csv:2026-09-08:sha256=f72687ee8bc6522054fe69dbfda6b91902c16af1ec2e043cde27bc6c29ad8176
edc4e13d-2680-4bc4-8e58-ee9695a26394,a986247f-cd0d-4df5-b3ad-bb9a420afe31,7707799419831,ean13,true,open_dataset,0.7,open-food-facts-csv:2026-09-08:sha256=f72687ee8bc6522054fe69dbfda6b91902c16af1ec2e043cde27bc6c29ad8176
5fe5f633-990a-4f18-8d87-78f67008fd7c,71db4d16-1beb-469e-9e1f-7af5603bdcec,7707823644154,ean13,true,open_dataset,0.7,open-food-facts-csv:2026-09-08:sha256=f72687ee8bc6522054fe69dbfda6b91902c16af1ec2e043cde27bc6c29ad8176
83b16e80-a608-41f8-9119-ed692126e570,596796ae-f5b0-4da9-a8be-e467697b1ab5,7707921597994,ean13,true,open_dataset,0.7,open-food-facts-csv:2026-09-08:sha256=f72687ee8bc6522054fe69dbfda6b91902c16af1ec2e043cde27bc6c29ad8176
ba4ed0d6-25e4-4ac5-9350-b07ee98be431,8e35b85d-ae1d-4e68-88ab-fc3e8b873d02,7708049961421,ean13,true,open_dataset,0.7,open-food-facts-csv:2026-09-08:sha256=f72687ee8bc6522054fe69dbfda6b91902c16af1ec2e043cde27bc6c29ad8176
4b86d86d-809e-4bd6-b493-61547dc5a398,31cc22f5-1323-487a-88dd-33bab985c3cc,7708059518042,ean13,true,open_dataset,0.7,open-food-facts-csv:2026-09-08:sha256=f72687ee8bc6522054fe69dbfda6b91902c16af1ec2e043cde27bc6c29ad8176
330972a2-0502-4058-bf20-071c2e05b797,2a70a03b-34f0-47a1-a83a-562b30fa111f,7708059518356,ean13,true,open_dataset,0.7,open-food-facts-csv:2026-09-08:sha256=f72687ee8bc6522054fe69dbfda6b91902c16af1ec2e043cde27bc6c29ad8176
12843b97-e04d-47da-b3f2-028ad0cec102,4702eb4b-539a-4a1d-9b18-15339f9c1b64,7708059518424,ean13,true,open_dataset,0.7,open-food-facts-csv:2026-09-08:sha256=f72687ee8bc6522054fe69dbfda6b91902c16af1ec2e043cde27bc6c29ad8176
246496cf-6afa-4986-be3d-eaf1e9b9fa5f,fbd89a25-83f1-4011-8b2f-9ca15089b6d1,7708059518653,ean13,true,open_dataset,0.7,open-food-facts-csv:2026-09-08:sha256=f72687ee8bc6522054fe69dbfda6b91902c16af1ec2e043cde27bc6c29ad8176
c7d5ef64-4ae5-40e1-a3d1-c2fb782b1d19,211eae74-08ed-4d64-a79a-348cb55a9e07,7708059518950,ean13,true,open_dataset,0.7,open-food-facts-csv:2026-09-08:sha256=f72687ee8bc6522054fe69dbfda6b91902c16af1ec2e043cde27bc6c29ad8176
19af4e03-406f-447b-b6ff-f78752039fc0,ae15aad6-49f9-4302-aca3-9d4c7de21829,7708118955061,ean13,true,open_dataset,0.7,open-food-facts-csv:2026-09-08:sha256=f72687ee8bc6522054fe69dbfda6b91902c16af1ec2e043cde27bc6c29ad8176
0053958a-de8e-4211-aa17-f231775d147e,ec9bb66b-2023-4474-868e-1ad807e6aa0e,7708118955757,ean13,true,open_dataset,0.7,open-food-facts-csv:2026-09-08:sha256=f72687ee8bc6522054fe69dbfda6b91902c16af1ec2e043cde27bc6c29ad8176
de20f3b8-00f0-44fe-bc82-e0e4aac5e3b1,d4a151e0-69bc-4410-a0a0-467c472a6610,7708226039837,ean13,true,open_dataset,0.7,open-food-facts-csv:2026-09-08:sha256=f72687ee8bc6522054fe69dbfda6b91902c16af1ec2e043cde27bc6c29ad8176
116e19f6-c1b2-4f3a-a67e-562895cf134f,234c5eed-6f9b-45bf-a465-0ffa0922ebb2,7708227055072,ean13,true,open_dataset,0.7,open-food-facts-csv:2026-09-08:sha256=f72687ee8bc6522054fe69dbfda6b91902c16af1ec2e043cde27bc6c29ad8176
4b1b823e-acc6-4dee-8841-256e15bced92,7517fc42-a7bc-48ef-9476-1742c726b719,7708227055102,ean13,true,open_dataset,0.7,open-food-facts-csv:2026-09-08:sha256=f72687ee8bc6522054fe69dbfda6b91902c16af1ec2e043cde27bc6c29ad8176
a8657c9b-69be-49f9-8cc1-9d3fd1c1c383,5416e2ec-c556-4fbe-8bab-d42a9e683835,7708227055379,ean13,true,open_dataset,0.7,open-food-facts-csv:2026-09-08:sha256=f72687ee8bc6522054fe69dbfda6b91902c16af1ec2e043cde27bc6c29ad8176
13a2d14d-4538-4192-96d2-a07a76dace0d,8a057f52-9e5d-4b89-96a3-f14a51bdff9a,77082381,ean8,true,open_dataset,0.7,open-food-facts-csv:2026-09-08:sha256=f72687ee8bc6522054fe69dbfda6b91902c16af1ec2e043cde27bc6c29ad8176
57c4ae5b-12d1-4811-ab5f-8b2f90c65f49,b6ffd1ff-25d7-4f75-b041-0e9585221e95,7708324408153,ean13,true,open_dataset,0.7,open-food-facts-csv:2026-09-08:sha256=f72687ee8bc6522054fe69dbfda6b91902c16af1ec2e043cde27bc6c29ad8176
8ff774df-9a4a-40e7-8574-6df1a1dc5a42,88ed9d9c-ecaf-49b4-a1bd-2aabe4825a61,7708340461101,ean13,true,open_dataset,0.7,open-food-facts-csv:2026-09-08:sha256=f72687ee8bc6522054fe69dbfda6b91902c16af1ec2e043cde27bc6c29ad8176
d40c4790-566c-4f2a-bb79-0a5ed8b5fd26,88e6577b-3a6e-4cf2-a2ce-6ce47376bb00,7708479655600,ean13,true,open_dataset,0.7,open-food-facts-csv:2026-09-08:sha256=f72687ee8bc6522054fe69dbfda6b91902c16af1ec2e043cde27bc6c29ad8176
1133d538-2058-44e6-bd80-7372e288ef3e,9021f517-66ae-4485-9e72-ceff0f409fc1,7708507552123,ean13,true,open_dataset,0.7,open-food-facts-csv:2026-09-08:sha256=f72687ee8bc6522054fe69dbfda6b91902c16af1ec2e043cde27bc6c29ad8176
9ccfe077-70d5-49a4-919e-2474cc7603fa,f3b6e4b2-bf91-49ac-908a-4adfbe5e5e3d,7708508067091,ean13,true,open_dataset,0.7,open-food-facts-csv:2026-09-08:sha256=f72687ee8bc6522054fe69dbfda6b91902c16af1ec2e043cde27bc6c29ad8176
8c765f18-cb77-49c8-82a6-7ab7d51ba122,d54b731b-f354-476b-9584-0f7cd07a432c,7708508067824,ean13,true,open_dataset,0.7,open-food-facts-csv:2026-09-08:sha256=f72687ee8bc6522054fe69dbfda6b91902c16af1ec2e043cde27bc6c29ad8176
66ce563f-b3c2-4933-9ca5-bca17f2d7c54,8000c453-1001-4a98-a03a-3863239ceb2c,7708544295083,ean13,true,open_dataset,0.7,open-food-facts-csv:2026-09-08:sha256=f72687ee8bc6522054fe69dbfda6b91902c16af1ec2e043cde27bc6c29ad8176
e40292df-e675-44bb-9dad-bc1d7cee3470,a7d74c26-774b-49b6-8e0b-f0581e2fa880,7708544295175,ean13,true,open_dataset,0.7,open-food-facts-csv:2026-09-08:sha256=f72687ee8bc6522054fe69dbfda6b91902c16af1ec2e043cde27bc6c29ad8176
31cbf35e-b987-46a7-91bd-34de4dc7f5d3,5f2fe886-1a10-473a-a019-5af78b656499,7708544295533,ean13,true,open_dataset,0.7,open-food-facts-csv:2026-09-08:sha256=f72687ee8bc6522054fe69dbfda6b91902c16af1ec2e043cde27bc6c29ad8176
84eab4c3-ecf0-4cb0-b5ff-7276a1f3856f,c4126694-46e1-434e-a066-fb1ccce6c606,7708556112170,ean13,true,open_dataset,0.7,open-food-facts-csv:2026-09-08:sha256=f72687ee8bc6522054fe69dbfda6b91902c16af1ec2e043cde27bc6c29ad8176
decd888d-569c-4135-a62a-176917d0d3e0,de2b8735-cbf3-4e6a-b974-ccbb66859f83,7708556112347,ean13,true,open_dataset,0.7,open-food-facts-csv:2026-09-08:sha256=f72687ee8bc6522054fe69dbfda6b91902c16af1ec2e043cde27bc6c29ad8176
763967da-6106-4c9c-ae02-2d498b8ed59c,997c0171-bea5-4039-b465-93063e2e1c1a,7708556112408,ean13,true,open_dataset,0.7,open-food-facts-csv:2026-09-08:sha256=f72687ee8bc6522054fe69dbfda6b91902c16af1ec2e043cde27bc6c29ad8176
55482bbf-c227-4eea-ab56-17a26c68f741,7f4ceb85-8c8f-45e2-afee-eed2d74b4113,7708556112835,ean13,true,open_dataset,0.7,open-food-facts-csv:2026-09-08:sha256=f72687ee8bc6522054fe69dbfda6b91902c16af1ec2e043cde27bc6c29ad8176
f82632dd-c9ba-47ca-beff-ed86f1ea1622,e587f40d-0e4a-40df-8368-d603b0c9b177,7708556112965,ean13,true,open_dataset,0.7,open-food-facts-csv:2026-09-08:sha256=f72687ee8bc6522054fe69dbfda6b91902c16af1ec2e043cde27bc6c29ad8176
145a3c26-6a40-4486-bf9a-5fc16afd0b26,9abb582f-3864-4409-b5e4-1e4288fad51f,7708562628450,ean13,true,open_dataset,0.7,open-food-facts-csv:2026-09-08:sha256=f72687ee8bc6522054fe69dbfda6b91902c16af1ec2e043cde27bc6c29ad8176
3c7392a2-44dc-41e3-827d-23696d2daefb,a153c1c5-8348-427e-9804-b53698b68d98,7708801735635,ean13,true,open_dataset,0.7,open-food-facts-csv:2026-09-08:sha256=f72687ee8bc6522054fe69dbfda6b91902c16af1ec2e043cde27bc6c29ad8176
d3c17180-d7ad-40ba-a3a7-ab4dc7d46389,92420541-dfda-4b5c-b316-12ea200eb79d,7708801735857,ean13,true,open_dataset,0.7,open-food-facts-csv:2026-09-08:sha256=f72687ee8bc6522054fe69dbfda6b91902c16af1ec2e043cde27bc6c29ad8176
6a76b517-54b8-4f61-8763-b2a9d3532308,39b919ba-a058-49f3-ad52-7a39c0207188,7708801735949,ean13,true,open_dataset,0.7,open-food-facts-csv:2026-09-08:sha256=f72687ee8bc6522054fe69dbfda6b91902c16af1ec2e043cde27bc6c29ad8176
85550637-c9b1-4cd2-8e25-18e69c47ebb2,f9f7dd5e-505d-4c9f-92fb-e6e5fd916784,7708854058194,ean13,true,open_dataset,0.7,open-food-facts-csv:2026-09-08:sha256=f72687ee8bc6522054fe69dbfda6b91902c16af1ec2e043cde27bc6c29ad8176
bc0c5388-8d35-4665-9c5f-4cbb3ce5f500,5a737049-61ac-4f7e-add3-8d88aadcf716,7708854058347,ean13,true,open_dataset,0.7,open-food-facts-csv:2026-09-08:sha256=f72687ee8bc6522054fe69dbfda6b91902c16af1ec2e043cde27bc6c29ad8176
ea0cbb34-60fb-4c27-8970-5f9790b28d3e,bdc8f305-1994-4a4b-9be3-831a5992b804,7708854058361,ean13,true,open_dataset,0.7,open-food-facts-csv:2026-09-08:sha256=f72687ee8bc6522054fe69dbfda6b91902c16af1ec2e043cde27bc6c29ad8176
a2f0cfba-1f9b-4805-8352-5d639bf208ee,c33b9c37-2416-45f0-bbe1-1ac82666a4e3,7708854058828,ean13,true,open_dataset,0.7,open-food-facts-csv:2026-09-08:sha256=f72687ee8bc6522054fe69dbfda6b91902c16af1ec2e043cde27bc6c29ad8176
79ad29c5-b9ba-4c88-ac92-5a3316c852c9,d1ab4294-8172-4da6-b336-8e81c00f16a4,7708854058835,ean13,true,open_dataset,0.7,open-food-facts-csv:2026-09-08:sha256=f72687ee8bc6522054fe69dbfda6b91902c16af1ec2e043cde27bc6c29ad8176
d2621517-43d4-4689-bc48-a20c938236f4,b8ad9073-b7f2-4646-8c42-fdcd299b3e8a,7708879212144,ean13,true,open_dataset,0.7,open-food-facts-csv:2026-09-08:sha256=f72687ee8bc6522054fe69dbfda6b91902c16af1ec2e043cde27bc6c29ad8176
7713f103-253d-46c6-9430-802308936e06,3fabb090-3cc1-4004-958d-560530ea9307,7708879212373,ean13,true,open_dataset,0.7,open-food-facts-csv:2026-09-08:sha256=f72687ee8bc6522054fe69dbfda6b91902c16af1ec2e043cde27bc6c29ad8176
30fc8021-c112-42bf-81f4-5db9fc4fa564,81464ad8-87c6-47fe-a40e-108c5e4f3119,7708879212489,ean13,true,open_dataset,0.7,open-food-facts-csv:2026-09-08:sha256=f72687ee8bc6522054fe69dbfda6b91902c16af1ec2e043cde27bc6c29ad8176
b02a2e03-b5c0-4bc2-ba66-b1a9a2092fa8,a79fb7ab-5def-4836-ac24-e2a2eea74983,7708879212526,ean13,true,open_dataset,0.7,open-food-facts-csv:2026-09-08:sha256=f72687ee8bc6522054fe69dbfda6b91902c16af1ec2e043cde27bc6c29ad8176
2790184a-8a64-4256-8409-f67dab1fe7f2,a4297263-ac03-4193-ac13-667f45ea6124,7708945410368,ean13,true,open_dataset,0.7,open-food-facts-csv:2026-09-08:sha256=f72687ee8bc6522054fe69dbfda6b91902c16af1ec2e043cde27bc6c29ad8176
ed7ce49d-ca5e-494b-a629-5b72f37aef66,c085e4e3-2abd-43f1-98c3-3b7c31e3f1c3,7708957687062,ean13,true,open_dataset,0.7,open-food-facts-csv:2026-09-08:sha256=f72687ee8bc6522054fe69dbfda6b91902c16af1ec2e043cde27bc6c29ad8176
9234576b-cd31-4d2d-a28b-75dd954150fd,b8cd1a53-0816-419b-8f9d-fed0951355e9,7708958602507,ean13,true,open_dataset,0.7,open-food-facts-csv:2026-09-08:sha256=f72687ee8bc6522054fe69dbfda6b91902c16af1ec2e043cde27bc6c29ad8176
7e95a99b-c718-41f8-9142-7e436624c5bb,d5417c5b-5144-4547-ab69-d5822ac16f88,7708979178258,ean13,true,open_dataset,0.7,open-food-facts-csv:2026-09-08:sha256=f72687ee8bc6522054fe69dbfda6b91902c16af1ec2e043cde27bc6c29ad8176
ff4570da-c1b7-4305-bf40-a21cf40935eb,91eb4c06-5591-4b66-b32c-c9b60c946671,7708991147003,ean13,true,open_dataset,0.7,open-food-facts-csv:2026-09-08:sha256=f72687ee8bc6522054fe69dbfda6b91902c16af1ec2e043cde27bc6c29ad8176
8a563ebe-030f-4067-9d63-95253c47ef4c,67a82126-7fd2-4a99-814e-eb0742c91908,7709004927773,ean13,true,open_dataset,0.7,open-food-facts-csv:2026-09-08:sha256=f72687ee8bc6522054fe69dbfda6b91902c16af1ec2e043cde27bc6c29ad8176
395d95fe-2618-4cb8-af60-92847ce3dc53,1b262e43-e57f-48d0-8a3d-71ce282bc00f,7709005317672,ean13,true,open_dataset,0.7,open-food-facts-csv:2026-09-08:sha256=f72687ee8bc6522054fe69dbfda6b91902c16af1ec2e043cde27bc6c29ad8176
ac4cfcc4-4928-4a2c-8f44-03058875252c,8b6c1ab7-851e-49fe-9af4-dfd100afd744,7709019398131,ean13,true,open_dataset,0.7,open-food-facts-csv:2026-09-08:sha256=f72687ee8bc6522054fe69dbfda6b91902c16af1ec2e043cde27bc6c29ad8176
82ab5758-8264-4e69-8845-916589d630b1,5dc63343-1284-4c9a-af90-3a1365d28a59,7709020159936,ean13,true,open_dataset,0.7,open-food-facts-csv:2026-09-08:sha256=f72687ee8bc6522054fe69dbfda6b91902c16af1ec2e043cde27bc6c29ad8176
60e14fad-56bc-451b-9a42-f2f21580ce62,b804d575-17c3-4d44-bfd1-806c906e832f,7709023151906,ean13,true,open_dataset,0.7,open-food-facts-csv:2026-09-08:sha256=f72687ee8bc6522054fe69dbfda6b91902c16af1ec2e043cde27bc6c29ad8176
137a2979-aa23-4ab3-9b28-a4a43c950f4b,2586742e-3339-4eab-8470-33674e2f270b,7709027205407,ean13,true,open_dataset,0.7,open-food-facts-csv:2026-09-08:sha256=f72687ee8bc6522054fe69dbfda6b91902c16af1ec2e043cde27bc6c29ad8176
c196dc7e-7d4a-4d9a-b364-8ada8dfd0018,0841d80f-eb81-4441-84b6-50c59687b8ff,7709049881399,ean13,true,open_dataset,0.7,open-food-facts-csv:2026-09-08:sha256=f72687ee8bc6522054fe69dbfda6b91902c16af1ec2e043cde27bc6c29ad8176
4b777701-6589-4f16-bade-0172f03483d1,7aee59fb-5f1e-466b-bda7-5010df6e2afc,7709066802179,ean13,true,open_dataset,0.7,open-food-facts-csv:2026-09-08:sha256=f72687ee8bc6522054fe69dbfda6b91902c16af1ec2e043cde27bc6c29ad8176
84c6a9bd-fab1-4c17-ab7c-cc4a66817f7e,b52faa0b-5f19-465f-a315-714e1bb14f94,7709089888907,ean13,true,open_dataset,0.7,open-food-facts-csv:2026-09-08:sha256=f72687ee8bc6522054fe69dbfda6b91902c16af1ec2e043cde27bc6c29ad8176
6dbf3460-ca9d-4387-9f12-a1487dc6647b,57834a18-f397-4f81-89aa-e7a296d7a9cf,7709105702996,ean13,true,open_dataset,0.7,open-food-facts-csv:2026-09-08:sha256=f72687ee8bc6522054fe69dbfda6b91902c16af1ec2e043cde27bc6c29ad8176
f5a8dae9-086b-42d7-8ab0-618efb46e118,42920b66-4cb1-4060-a26a-ead2cef0fa07,7709106774756,ean13,true,open_dataset,0.7,open-food-facts-csv:2026-09-08:sha256=f72687ee8bc6522054fe69dbfda6b91902c16af1ec2e043cde27bc6c29ad8176
50985eb7-9c35-412a-96de-aadf970439d4,2584d017-5249-4a8f-b4fd-aaee2f10b9b7,7709114152201,ean13,true,open_dataset,0.7,open-food-facts-csv:2026-09-08:sha256=f72687ee8bc6522054fe69dbfda6b91902c16af1ec2e043cde27bc6c29ad8176
0f5ad580-5776-489d-b526-d0779f250e51,e28430b2-1793-4b28-b785-ca5669fb50c2,7709153094838,ean13,true,open_dataset,0.7,open-food-facts-csv:2026-09-08:sha256=f72687ee8bc6522054fe69dbfda6b91902c16af1ec2e043cde27bc6c29ad8176
0e4ee3a0-5a78-4014-8bc9-c1d00f492c57,4a702a94-5aa0-4053-a538-4627ad1fe100,7709154357741,ean13,true,open_dataset,0.7,open-food-facts-csv:2026-09-08:sha256=f72687ee8bc6522054fe69dbfda6b91902c16af1ec2e043cde27bc6c29ad8176
5cbc10af-17e8-4c70-85d1-3676b2f7c3a9,2c00c129-798c-4437-9727-5b316b3b0837,7709154357758,ean13,true,open_dataset,0.7,open-food-facts-csv:2026-09-08:sha256=f72687ee8bc6522054fe69dbfda6b91902c16af1ec2e043cde27bc6c29ad8176
cdb46625-e7dc-4c41-b019-80c9787d7780,e0884324-fcc1-4833-9016-ab866e529478,7709154357765,ean13,true,open_dataset,0.7,open-food-facts-csv:2026-09-08:sha256=f72687ee8bc6522054fe69dbfda6b91902c16af1ec2e043cde27bc6c29ad8176
35d76699-3b9b-46dc-bee4-9f325b37e17c,9ab509e2-5936-458c-acdb-2db4dd5f57a9,7709162114039,ean13,true,open_dataset,0.7,open-food-facts-csv:2026-09-08:sha256=f72687ee8bc6522054fe69dbfda6b91902c16af1ec2e043cde27bc6c29ad8176
2ecef70f-cb50-4a6f-9417-0346679caab8,46c01094-a9ce-4372-9cd9-d60958d32783,7709175354309,ean13,true,open_dataset,0.7,open-food-facts-csv:2026-09-08:sha256=f72687ee8bc6522054fe69dbfda6b91902c16af1ec2e043cde27bc6c29ad8176
c4d484cb-005e-4bf1-ad52-0dd9ed515526,1796eabd-bd40-4ffb-825b-2322fde1b8c9,7709183593905,ean13,true,open_dataset,0.7,open-food-facts-csv:2026-09-08:sha256=f72687ee8bc6522054fe69dbfda6b91902c16af1ec2e043cde27bc6c29ad8176
c100cd28-f815-4c98-b478-37e0cf53557b,31d64f74-f83b-47f8-82c4-40bccde98911,7709183593998,ean13,true,open_dataset,0.7,open-food-facts-csv:2026-09-08:sha256=f72687ee8bc6522054fe69dbfda6b91902c16af1ec2e043cde27bc6c29ad8176
c3c07422-b4df-4a5f-92ae-e85144d7455f,dbee7a68-e356-4272-83b4-ca0572491fea,7709185891900,ean13,true,open_dataset,0.7,open-food-facts-csv:2026-09-08:sha256=f72687ee8bc6522054fe69dbfda6b91902c16af1ec2e043cde27bc6c29ad8176
bc70a11e-40b0-49dd-a873-4071823df84e,8b563fa7-10f4-4482-bc49-4b6183431461,7709195759962,ean13,true,open_dataset,0.7,open-food-facts-csv:2026-09-08:sha256=f72687ee8bc6522054fe69dbfda6b91902c16af1ec2e043cde27bc6c29ad8176
e1c12807-fd36-40c3-9675-bcd2902f42c0,547f22ec-b149-4ab4-89df-d40c6b1dbeba,7709219498662,ean13,true,open_dataset,0.7,open-food-facts-csv:2026-09-08:sha256=f72687ee8bc6522054fe69dbfda6b91902c16af1ec2e043cde27bc6c29ad8176
c7d4c030-b607-4d68-a36e-18fd341966d2,b96188c7-93e1-43fd-a3c5-430e4fa4e196,7709220014899,ean13,true,open_dataset,0.7,open-food-facts-csv:2026-09-08:sha256=f72687ee8bc6522054fe69dbfda6b91902c16af1ec2e043cde27bc6c29ad8176
35712f30-00aa-42d1-aaa0-c0ad345522d4,2bfbae88-f1e5-4586-9c51-67d02951020c,7709223534684,ean13,true,open_dataset,0.7,open-food-facts-csv:2026-09-08:sha256=f72687ee8bc6522054fe69dbfda6b91902c16af1ec2e043cde27bc6c29ad8176
55a26a7e-2e40-48dc-934d-cdf2915cbd8a,e8117eb6-1bc2-44dd-b2d6-f0883893f3a3,7709248488030,ean13,true,open_dataset,0.7,open-food-facts-csv:2026-09-08:sha256=f72687ee8bc6522054fe69dbfda6b91902c16af1ec2e043cde27bc6c29ad8176
6795f12d-e29c-47fc-ae1d-274ede7a9016,3bd4506d-affe-4f34-8c97-25bd67f13537,7709253930975,ean13,true,open_dataset,0.7,open-food-facts-csv:2026-09-08:sha256=f72687ee8bc6522054fe69dbfda6b91902c16af1ec2e043cde27bc6c29ad8176
7db4703d-8c02-43f0-9156-b9911a1f5b87,cbea1ace-c387-4c8c-a8b5-3d190abb0c77,7709255704017,ean13,true,open_dataset,0.7,open-food-facts-csv:2026-09-08:sha256=f72687ee8bc6522054fe69dbfda6b91902c16af1ec2e043cde27bc6c29ad8176
4b7d41e4-6c40-4ee6-a268-a9a86ee23180,43d898f7-bbab-4887-a9de-b90e94637cf7,7709328615806,ean13,true,open_dataset,0.7,open-food-facts-csv:2026-09-08:sha256=f72687ee8bc6522054fe69dbfda6b91902c16af1ec2e043cde27bc6c29ad8176
5a28aaba-2628-4322-ad73-afc010a77146,6dd7905a-b653-49c3-b153-ad1ff76373ae,7709330821004,ean13,true,open_dataset,0.7,open-food-facts-csv:2026-09-08:sha256=f72687ee8bc6522054fe69dbfda6b91902c16af1ec2e043cde27bc6c29ad8176
6b97ed2f-c0a6-4709-9702-4ccaedfe1969,f4a94a73-0749-4a93-8c74-56d374f238cc,7709335802626,ean13,true,open_dataset,0.7,open-food-facts-csv:2026-09-08:sha256=f72687ee8bc6522054fe69dbfda6b91902c16af1ec2e043cde27bc6c29ad8176
8c628a22-dd78-4a1a-97de-c437ec61cf07,8af41521-7cad-4434-9204-b4f1c7e824fd,7709342033778,ean13,true,open_dataset,0.7,open-food-facts-csv:2026-09-08:sha256=f72687ee8bc6522054fe69dbfda6b91902c16af1ec2e043cde27bc6c29ad8176
7aa62672-1cab-4a8c-a57f-2c610a2004a4,f916dfad-e0a6-46bc-a732-a62175185e41,7709353683580,ean13,true,open_dataset,0.7,open-food-facts-csv:2026-09-08:sha256=f72687ee8bc6522054fe69dbfda6b91902c16af1ec2e043cde27bc6c29ad8176
0aeac144-d0b6-4430-80f8-63d264adcaf5,00082913-03fd-4166-ab66-790de901c157,7709367544709,ean13,true,open_dataset,0.7,open-food-facts-csv:2026-09-08:sha256=f72687ee8bc6522054fe69dbfda6b91902c16af1ec2e043cde27bc6c29ad8176
6684e4f0-4e12-479b-81fc-039c84c51455,a1a0b9f7-52a3-448d-8160-8e4ad4e72974,7709380853826,ean13,true,open_dataset,0.7,open-food-facts-csv:2026-09-08:sha256=f72687ee8bc6522054fe69dbfda6b91902c16af1ec2e043cde27bc6c29ad8176
aec0a655-5c1f-4d4c-9f60-4e5e408f6f02,be1aef18-54d0-4da2-9f46-e3c0f0535f2a,7709380853871,ean13,true,open_dataset,0.7,open-food-facts-csv:2026-09-08:sha256=f72687ee8bc6522054fe69dbfda6b91902c16af1ec2e043cde27bc6c29ad8176
589dfdfb-523e-4adc-b57b-a9f8d9667d43,43a7427f-01a6-4b06-8a53-0dca14a20f1e,7709380853895,ean13,true,open_dataset,0.7,open-food-facts-csv:2026-09-08:sha256=f72687ee8bc6522054fe69dbfda6b91902c16af1ec2e043cde27bc6c29ad8176
3f9957ca-715b-4774-bcb9-2b1191b866db,442d6fdd-f4a5-47f4-9656-93536c384898,7709438617882,ean13,true,open_dataset,0.7,open-food-facts-csv:2026-09-08:sha256=f72687ee8bc6522054fe69dbfda6b91902c16af1ec2e043cde27bc6c29ad8176
f5c0d7cc-de38-464d-ae88-64d63938e975,994c7948-dcb9-4d5e-9457-efaeeb7ee6d0,7709455050235,ean13,true,open_dataset,0.7,open-food-facts-csv:2026-09-08:sha256=f72687ee8bc6522054fe69dbfda6b91902c16af1ec2e043cde27bc6c29ad8176
1946277f-1a08-4711-b6ff-36c5b3a53633,12af3012-5413-471b-b7b8-8579617c3f3c,7709468612017,ean13,true,open_dataset,0.7,open-food-facts-csv:2026-09-08:sha256=f72687ee8bc6522054fe69dbfda6b91902c16af1ec2e043cde27bc6c29ad8176
43aa591f-b06a-4488-bd47-b9c24f9c10b9,0acd10ba-f4e4-43ec-9e64-42947ba21564,7709478008992,ean13,true,open_dataset,0.7,open-food-facts-csv:2026-09-08:sha256=f72687ee8bc6522054fe69dbfda6b91902c16af1ec2e043cde27bc6c29ad8176
feba743d-8810-4f09-9b5d-8cac24c7a88e,8d0c3ec8-bdd0-4f55-9365-2a830f68260d,7709510583265,ean13,true,open_dataset,0.7,open-food-facts-csv:2026-09-08:sha256=f72687ee8bc6522054fe69dbfda6b91902c16af1ec2e043cde27bc6c29ad8176
f9b3dc0f-a969-4f7f-99c1-d9c08724a79b,711fc280-b781-4cfc-a9aa-1e398cccba0b,7709522983114,ean13,true,open_dataset,0.7,open-food-facts-csv:2026-09-08:sha256=f72687ee8bc6522054fe69dbfda6b91902c16af1ec2e043cde27bc6c29ad8176
0502246c-b9fb-4be6-8d67-eb914e18fe4c,7b3c2798-2585-41d3-b9da-aa69feb5b3f6,7709534981122,ean13,true,open_dataset,0.7,open-food-facts-csv:2026-09-08:sha256=f72687ee8bc6522054fe69dbfda6b91902c16af1ec2e043cde27bc6c29ad8176
2b694d6e-1c24-4f85-89b8-4047a4ca90b0,ead410f3-17cd-41da-9f19-94dc3a0a24ad,7709572245293,ean13,true,open_dataset,0.7,open-food-facts-csv:2026-09-08:sha256=f72687ee8bc6522054fe69dbfda6b91902c16af1ec2e043cde27bc6c29ad8176
eb93bb9c-c6d6-4b5c-971c-3dfefa159f0b,6b6380ae-4fbb-4efa-9573-23d3e1e6fb69,7709586917391,ean13,true,open_dataset,0.7,open-food-facts-csv:2026-09-08:sha256=f72687ee8bc6522054fe69dbfda6b91902c16af1ec2e043cde27bc6c29ad8176
b61be4fb-9905-4d53-ba47-c07b4304dc15,f22e7255-df06-4555-87ed-3689c460eab2,7709628648924,ean13,true,open_dataset,0.7,open-food-facts-csv:2026-09-08:sha256=f72687ee8bc6522054fe69dbfda6b91902c16af1ec2e043cde27bc6c29ad8176
9ab4d412-937b-4fb4-8990-0997abb27441,f6bc7693-2282-4603-8ac7-9023a8a21073,7709636632250,ean13,true,open_dataset,0.7,open-food-facts-csv:2026-09-08:sha256=f72687ee8bc6522054fe69dbfda6b91902c16af1ec2e043cde27bc6c29ad8176
b6dc9e1b-29e6-4150-8017-657bc3b2bd2e,c17b48e5-3a31-4123-a2f5-2645b50f10d2,7709684044562,ean13,true,open_dataset,0.7,open-food-facts-csv:2026-09-08:sha256=f72687ee8bc6522054fe69dbfda6b91902c16af1ec2e043cde27bc6c29ad8176
14113ff1-e906-4c62-864b-6a53848ed2c8,bfd046cc-8161-45cf-80bb-826e5521ab6f,7709697832583,ean13,true,open_dataset,0.7,open-food-facts-csv:2026-09-08:sha256=f72687ee8bc6522054fe69dbfda6b91902c16af1ec2e043cde27bc6c29ad8176
3bdbf009-3cdb-4f5a-9f18-67ab37afe515,ce009eb2-3b6a-411a-8b2d-cc1edef89f2b,7709698320164,ean13,true,open_dataset,0.7,open-food-facts-csv:2026-09-08:sha256=f72687ee8bc6522054fe69dbfda6b91902c16af1ec2e043cde27bc6c29ad8176
b8e8fbeb-3c83-4436-ac2c-4ba2d13ca005,e08be029-0861-4308-bfbc-2568ff6fc4ac,7709716108804,ean13,true,open_dataset,0.7,open-food-facts-csv:2026-09-08:sha256=f72687ee8bc6522054fe69dbfda6b91902c16af1ec2e043cde27bc6c29ad8176
83b67ab2-0cdd-417c-9066-0df0656b6401,bd8a3a03-9ede-4461-83b6-0dc323312f5f,7709729637162,ean13,true,open_dataset,0.7,open-food-facts-csv:2026-09-08:sha256=f72687ee8bc6522054fe69dbfda6b91902c16af1ec2e043cde27bc6c29ad8176
28487067-681a-46b2-b82f-139b318fbd7d,094f5412-f926-4d81-92e6-a1869ceab9ac,7709730504767,ean13,true,open_dataset,0.7,open-food-facts-csv:2026-09-08:sha256=f72687ee8bc6522054fe69dbfda6b91902c16af1ec2e043cde27bc6c29ad8176
91fbf6f7-ea4e-4c64-b111-bc24234629b0,b1b3ed66-0e76-4ccf-bceb-a19a92ab0949,7709730504774,ean13,true,open_dataset,0.7,open-food-facts-csv:2026-09-08:sha256=f72687ee8bc6522054fe69dbfda6b91902c16af1ec2e043cde27bc6c29ad8176
6f52e8e1-4722-4709-9aac-77f5eb2000b9,4b7bc09f-a0e5-414c-9faa-d10a34e1465b,7709756015230,ean13,true,open_dataset,0.7,open-food-facts-csv:2026-09-08:sha256=f72687ee8bc6522054fe69dbfda6b91902c16af1ec2e043cde27bc6c29ad8176
0d2336c2-d8ee-4e1b-a413-2ebe9fedf032,3e189c86-bad4-43e1-80f2-6f4c73bc89d0,7709756015292,ean13,true,open_dataset,0.7,open-food-facts-csv:2026-09-08:sha256=f72687ee8bc6522054fe69dbfda6b91902c16af1ec2e043cde27bc6c29ad8176
f5afeddb-79fc-4cd3-9201-dec97af3ddc1,60ee52f2-77b8-4944-8860-ba0f42162d97,7709756160848,ean13,true,open_dataset,0.7,open-food-facts-csv:2026-09-08:sha256=f72687ee8bc6522054fe69dbfda6b91902c16af1ec2e043cde27bc6c29ad8176
16c71521-b376-4628-af51-ad8397622fe3,96f5c8fd-7067-4b96-9efa-599edcd33685,7709784663106,ean13,true,open_dataset,0.7,open-food-facts-csv:2026-09-08:sha256=f72687ee8bc6522054fe69dbfda6b91902c16af1ec2e043cde27bc6c29ad8176
e59fbc84-7eaa-4ddd-bb68-db7138f776b9,964d4cb1-1902-4a1e-b8d6-3f2b7e1c8e35,7709810519872,ean13,true,open_dataset,0.7,open-food-facts-csv:2026-09-08:sha256=f72687ee8bc6522054fe69dbfda6b91902c16af1ec2e043cde27bc6c29ad8176
f1a44d48-d471-4130-85de-89a68fbc142e,ad7e9f02-fa6d-4c05-9d6f-09974262f951,7709819771417,ean13,true,open_dataset,0.7,open-food-facts-csv:2026-09-08:sha256=f72687ee8bc6522054fe69dbfda6b91902c16af1ec2e043cde27bc6c29ad8176
8ab3ce1f-e3e9-48a7-b726-a4818bcef596,a012dfae-542a-4432-abc1-a84f927fda19,7709829613653,ean13,true,open_dataset,0.7,open-food-facts-csv:2026-09-08:sha256=f72687ee8bc6522054fe69dbfda6b91902c16af1ec2e043cde27bc6c29ad8176
b7b3a08b-da9f-45e3-a0b2-5a00553e656d,a0de5c11-1eab-4a5b-b207-5ea995e8d3ed,7709835352225,ean13,true,open_dataset,0.7,open-food-facts-csv:2026-09-08:sha256=f72687ee8bc6522054fe69dbfda6b91902c16af1ec2e043cde27bc6c29ad8176
197ea3a6-09f2-48dd-bddf-3a954aeb0634,e658059e-543b-4362-8069-7ecce17bcb7e,7709837928077,ean13,true,open_dataset,0.7,open-food-facts-csv:2026-09-08:sha256=f72687ee8bc6522054fe69dbfda6b91902c16af1ec2e043cde27bc6c29ad8176
36056b1b-8bdf-4871-b5a7-77f0e70bf48a,0759c0e8-c349-4fc6-b6cf-c9d4534bcd31,7709849077053,ean13,true,open_dataset,0.7,open-food-facts-csv:2026-09-08:sha256=f72687ee8bc6522054fe69dbfda6b91902c16af1ec2e043cde27bc6c29ad8176
405e3a90-e12f-4f36-bd01-53682c63ce17,4b38bca3-7a9c-466d-82e0-909abe0d2a33,7709849077084,ean13,true,open_dataset,0.7,open-food-facts-csv:2026-09-08:sha256=f72687ee8bc6522054fe69dbfda6b91902c16af1ec2e043cde27bc6c29ad8176
c1128f84-1651-40e9-81ca-488e154eccbb,0e276385-4efa-4fe7-ba4c-ec7b5b06ad92,7709855180815,ean13,true,open_dataset,0.7,open-food-facts-csv:2026-09-08:sha256=f72687ee8bc6522054fe69dbfda6b91902c16af1ec2e043cde27bc6c29ad8176
e46cfcd0-6f0d-467e-9806-1eb74685cc30,5a858775-026b-4b68-baf9-68c43d03e720,7709883123662,ean13,true,open_dataset,0.7,open-food-facts-csv:2026-09-08:sha256=f72687ee8bc6522054fe69dbfda6b91902c16af1ec2e043cde27bc6c29ad8176
318b6c83-6e42-4888-98f9-371d606ddab9,63c79839-7da6-44ff-8cf3-96ffa87a11c9,7709917759690,ean13,true,open_dataset,0.7,open-food-facts-csv:2026-09-08:sha256=f72687ee8bc6522054fe69dbfda6b91902c16af1ec2e043cde27bc6c29ad8176
8c0d064c-2fa7-4235-986e-3ce106963bed,12c695b7-9a7a-45e0-a630-7b5905639182,7709922219431,ean13,true,open_dataset,0.7,open-food-facts-csv:2026-09-08:sha256=f72687ee8bc6522054fe69dbfda6b91902c16af1ec2e043cde27bc6c29ad8176
6406a018-9e79-4123-9cde-8a31af8e3b9b,f13297b5-33d7-46a4-bece-954f19910c9e,7709939329338,ean13,true,open_dataset,0.7,open-food-facts-csv:2026-09-08:sha256=f72687ee8bc6522054fe69dbfda6b91902c16af1ec2e043cde27bc6c29ad8176
c18002a3-65aa-40a9-8a3e-8f2e837692e6,271e6068-fca9-442d-a038-abff1d0aeb3e,7709946751436,ean13,true,open_dataset,0.7,open-food-facts-csv:2026-09-08:sha256=f72687ee8bc6522054fe69dbfda6b91902c16af1ec2e043cde27bc6c29ad8176
02081e4e-f7a3-4bd3-b662-a57aa4e6d7e9,5320e4fb-a307-4c8d-b0e4-97aa024ae1c4,7709963791354,ean13,true,open_dataset,0.7,open-food-facts-csv:2026-09-08:sha256=f72687ee8bc6522054fe69dbfda6b91902c16af1ec2e043cde27bc6c29ad8176
0d931201-1265-4ede-ac04-83f3f4190d39,3a4e1d2b-33af-4921-ba22-a95eff79e8a3,7709968715690,ean13,true,open_dataset,0.7,open-food-facts-csv:2026-09-08:sha256=f72687ee8bc6522054fe69dbfda6b91902c16af1ec2e043cde27bc6c29ad8176
c49d4fc0-073e-4db4-bc17-6a7d663f3f20,0ba2d1b9-0bc1-48de-bdd6-f6492082e373,7709971899516,ean13,true,open_dataset,0.7,open-food-facts-csv:2026-09-08:sha256=f72687ee8bc6522054fe69dbfda6b91902c16af1ec2e043cde27bc6c29ad8176
fe6fe22f-74ef-408a-99d1-5bfb06f0762f,953e18d0-203b-44a0-9ebe-e5672edd051e,7709971899547,ean13,true,open_dataset,0.7,open-food-facts-csv:2026-09-08:sha256=f72687ee8bc6522054fe69dbfda6b91902c16af1ec2e043cde27bc6c29ad8176
a6550d97-6297-4ada-9e7c-eaf07e046b75,0ebebd4f-1c05-4fbe-bf7c-16d9ff24bb2e,7709986470557,ean13,true,open_dataset,0.7,open-food-facts-csv:2026-09-08:sha256=f72687ee8bc6522054fe69dbfda6b91902c16af1ec2e043cde27bc6c29ad8176
0903a4f7-d8f6-459a-a9c2-875b506d4ee0,be25d99c-2aa7-4013-bd5e-d27ccedbb2e9,7709990006865,ean13,true,open_dataset,0.7,open-food-facts-csv:2026-09-08:sha256=f72687ee8bc6522054fe69dbfda6b91902c16af1ec2e043cde27bc6c29ad8176
6d739f83-7f52-4971-8b04-05581ca2cdb4,32f180ed-0a31-4819-910a-0129e8d8556f,7709990085310,ean13,true,open_dataset,0.7,open-food-facts-csv:2026-09-08:sha256=f72687ee8bc6522054fe69dbfda6b91902c16af1ec2e043cde27bc6c29ad8176
52b259c5-9fd4-4692-9a15-72459e037c42,0b4e35b9-e5b4-4ce0-a47f-d5d02063ae42,7709990236125,ean13,true,open_dataset,0.7,open-food-facts-csv:2026-09-08:sha256=f72687ee8bc6522054fe69dbfda6b91902c16af1ec2e043cde27bc6c29ad8176
24486b1c-021f-49fe-a2ac-65124fa1b238,4ca781fb-7937-4e1e-a97e-546609e29aca,7709990261936,ean13,true,open_dataset,0.7,open-food-facts-csv:2026-09-08:sha256=f72687ee8bc6522054fe69dbfda6b91902c16af1ec2e043cde27bc6c29ad8176
34e68a6e-28a6-4e02-9275-e672b0a6c9ac,1a56c627-03c8-4f90-84f4-c203b36fb7cc,7709990350432,ean13,true,open_dataset,0.7,open-food-facts-csv:2026-09-08:sha256=f72687ee8bc6522054fe69dbfda6b91902c16af1ec2e043cde27bc6c29ad8176
e754a6ad-874f-48da-bfa1-c237521d8318,fadd18c7-1b12-4235-930d-5cd13a5ebc75,7709990350463,ean13,true,open_dataset,0.7,open-food-facts-csv:2026-09-08:sha256=f72687ee8bc6522054fe69dbfda6b91902c16af1ec2e043cde27bc6c29ad8176
8d417cfb-fee6-493b-8f29-ed970edd5a30,822d9823-903a-4824-b806-7c3edb1c8a1f,7709990409253,ean13,true,open_dataset,0.7,open-food-facts-csv:2026-09-08:sha256=f72687ee8bc6522054fe69dbfda6b91902c16af1ec2e043cde27bc6c29ad8176
dca001bb-e09d-48f4-b032-d76d6cbea91e,d24ea545-4ee0-4c9e-bf8c-cd5970b4dbfe,7709990562835,ean13,true,open_dataset,0.7,open-food-facts-csv:2026-09-08:sha256=f72687ee8bc6522054fe69dbfda6b91902c16af1ec2e043cde27bc6c29ad8176
c4dffa43-286f-4976-838e-23d8544e9a9b,7bba6b8a-57b3-4941-9e6e-a4a4a2185f69,7709990655582,ean13,true,open_dataset,0.7,open-food-facts-csv:2026-09-08:sha256=f72687ee8bc6522054fe69dbfda6b91902c16af1ec2e043cde27bc6c29ad8176
2a768033-8fda-4bac-9a80-4ccd60ade81f,dab0767d-7bed-4477-96ad-d859ad81e2e5,7709990726329,ean13,true,open_dataset,0.7,open-food-facts-csv:2026-09-08:sha256=f72687ee8bc6522054fe69dbfda6b91902c16af1ec2e043cde27bc6c29ad8176
0c8287b6-c543-4d2b-aac1-e62df3a8919a,d11f40b2-32d2-42ea-b6aa-6a73f5041fa7,7709999891493,ean13,true,open_dataset,0.7,open-food-facts-csv:2026-09-08:sha256=f72687ee8bc6522054fe69dbfda6b91902c16af1ec2e043cde27bc6c29ad8176
08570a9d-f169-4064-a0c3-8a870057eaa9,02fdaf0f-9bb8-475b-8ba4-d7f1c84ea1ad,7750106002622,ean13,true,open_dataset,0.7,open-food-facts-csv:2026-09-08:sha256=f72687ee8bc6522054fe69dbfda6b91902c16af1ec2e043cde27bc6c29ad8176
04dd5012-efb5-4a73-a733-f2f88accf426,21e4d37d-5173-4154-b4ad-3ec5048334ef,7750168001687,ean13,true,open_dataset,0.7,open-food-facts-csv:2026-09-08:sha256=f72687ee8bc6522054fe69dbfda6b91902c16af1ec2e043cde27bc6c29ad8176
3621c3f6-8a77-4a19-9143-82de07910d08,07b5af1d-c946-4a14-9519-0498fffb3264,7750168001953,ean13,true,open_dataset,0.7,open-food-facts-csv:2026-09-08:sha256=f72687ee8bc6522054fe69dbfda6b91902c16af1ec2e043cde27bc6c29ad8176
8426756b-77ec-4780-874d-70bc27c4d329,3be326fd-7d43-444b-aded-420877bdef6d,7750168214292,ean13,true,open_dataset,0.7,open-food-facts-csv:2026-09-08:sha256=f72687ee8bc6522054fe69dbfda6b91902c16af1ec2e043cde27bc6c29ad8176
9efd48c3-6b34-4b70-8941-434c829919b6,2e1ca74e-b386-45fa-8cde-dc31de8c0c6f,7750243052641,ean13,true,open_dataset,0.7,open-food-facts-csv:2026-09-08:sha256=f72687ee8bc6522054fe69dbfda6b91902c16af1ec2e043cde27bc6c29ad8176
9f87391d-7c99-4289-a23d-dc4188297c97,4b94563c-7924-4250-a5c2-ba2a16ae0ee2,7750243052665,ean13,true,open_dataset,0.7,open-food-facts-csv:2026-09-08:sha256=f72687ee8bc6522054fe69dbfda6b91902c16af1ec2e043cde27bc6c29ad8176
8efe3db2-4738-47d2-ac1a-32d0c1a7681c,7de3c563-ef97-4bc7-8906-436e6958f78b,7750243052740,ean13,true,open_dataset,0.7,open-food-facts-csv:2026-09-08:sha256=f72687ee8bc6522054fe69dbfda6b91902c16af1ec2e043cde27bc6c29ad8176
a5a0fb8c-dd6f-4f01-b6bb-15fd04b8ffba,52af66e1-a5b2-4a5e-8dc8-95a957d6932f,7750885008389,ean13,true,open_dataset,0.7,open-food-facts-csv:2026-09-08:sha256=f72687ee8bc6522054fe69dbfda6b91902c16af1ec2e043cde27bc6c29ad8176
82bf90f3-ea0e-4b0a-a295-f7e0fde6d85a,3344d05c-1d48-4c78-8983-cc53c04db71e,7750885012881,ean13,true,open_dataset,0.7,open-food-facts-csv:2026-09-08:sha256=f72687ee8bc6522054fe69dbfda6b91902c16af1ec2e043cde27bc6c29ad8176
678b45e3-36aa-48e4-993f-65b6a0360a00,5eccb59b-7768-44f5-a97b-38ad7481fb05,7750885015363,ean13,true,open_dataset,0.7,open-food-facts-csv:2026-09-08:sha256=f72687ee8bc6522054fe69dbfda6b91902c16af1ec2e043cde27bc6c29ad8176
10dc59a4-2933-43ce-be73-ca104e975638,0810b57e-9fd3-481c-8e36-fb2c1d5dfba8,7757174002240,ean13,true,open_dataset,0.7,open-food-facts-csv:2026-09-08:sha256=f72687ee8bc6522054fe69dbfda6b91902c16af1ec2e043cde27bc6c29ad8176
9a30df84-b7ff-4517-a60b-dcde25cc9638,9c9c393c-7e86-4900-aeea-e8882cc22a92,7757174006873,ean13,true,open_dataset,0.7,open-food-facts-csv:2026-09-08:sha256=f72687ee8bc6522054fe69dbfda6b91902c16af1ec2e043cde27bc6c29ad8176
3afe10cf-80fa-4da5-b2d9-76fbd43767c6,e9cba2f8-6484-46cb-b46b-a22179800ea3,7773103000064,ean13,true,open_dataset,0.7,open-food-facts-csv:2026-09-08:sha256=f72687ee8bc6522054fe69dbfda6b91902c16af1ec2e043cde27bc6c29ad8176
566d45cd-0cd7-4181-80f6-511f4211037f,35db2f11-a3dd-404c-affe-3b63d702507c,7774440260111,ean13,true,open_dataset,0.7,open-food-facts-csv:2026-09-08:sha256=f72687ee8bc6522054fe69dbfda6b91902c16af1ec2e043cde27bc6c29ad8176
5faf0d7e-e2fc-417c-9de4-a9f96cdc8f5d,904d1c7c-8f4b-439a-be6d-447804bfb9b2,7790045000907,ean13,true,open_dataset,0.7,open-food-facts-csv:2026-09-08:sha256=f72687ee8bc6522054fe69dbfda6b91902c16af1ec2e043cde27bc6c29ad8176
3806b3b0-bcff-48c2-959d-eae7e5c0d90e,8772c441-f33b-4c79-a226-85ca8e538a77,7790045823889,ean13,true,open_dataset,0.7,open-food-facts-csv:2026-09-08:sha256=f72687ee8bc6522054fe69dbfda6b91902c16af1ec2e043cde27bc6c29ad8176
79562d1e-5c9b-4245-b8ba-55ade027b38f,b1f85e4c-33e4-49a4-b84c-7d6ec1adfb45,7790045825746,ean13,true,open_dataset,0.7,open-food-facts-csv:2026-09-08:sha256=f72687ee8bc6522054fe69dbfda6b91902c16af1ec2e043cde27bc6c29ad8176
74ce9abf-cfe6-48e4-87df-ea63e506505f,f8379826-b84d-4663-bc70-dce586e72f14,7790045825753,ean13,true,open_dataset,0.7,open-food-facts-csv:2026-09-08:sha256=f72687ee8bc6522054fe69dbfda6b91902c16af1ec2e043cde27bc6c29ad8176
69e60dd7-67ba-4ecf-9e49-34b7df3252d2,90542b46-f33c-4cb2-82cf-ed376eb80949,7790580151300,ean13,true,open_dataset,0.7,open-food-facts-csv:2026-09-08:sha256=f72687ee8bc6522054fe69dbfda6b91902c16af1ec2e043cde27bc6c29ad8176
bc4a776c-5c53-4766-8b1d-0eee64e7a249,218d701a-448a-4d75-a383-d4248f674114,7790580169312,ean13,true,open_dataset,0.7,open-food-facts-csv:2026-09-08:sha256=f72687ee8bc6522054fe69dbfda6b91902c16af1ec2e043cde27bc6c29ad8176
1b2d72bf-f8d3-4de5-a508-10a1d8df8df5,42cdc30c-51e7-43e0-af7d-8bfc99758399,7790580200107,ean13,true,open_dataset,0.7,open-food-facts-csv:2026-09-08:sha256=f72687ee8bc6522054fe69dbfda6b91902c16af1ec2e043cde27bc6c29ad8176
46f789f7-654e-4caa-b6c5-3e018195ea51,8402517f-7e35-4d57-bfd3-bd4c5d38d1c2,7790580283155,ean13,true,open_dataset,0.7,open-food-facts-csv:2026-09-08:sha256=f72687ee8bc6522054fe69dbfda6b91902c16af1ec2e043cde27bc6c29ad8176
42dedb97-e13f-423d-b03c-b45da68e0cf3,a2c998cd-3241-47a4-9a22-9a537499050a,7790580980009,ean13,true,open_dataset,0.7,open-food-facts-csv:2026-09-08:sha256=f72687ee8bc6522054fe69dbfda6b91902c16af1ec2e043cde27bc6c29ad8176
b54bd76f-2d3d-4585-b9c1-ce68426b5df1,a9c6ebd0-2c7d-450f-8950-6a064b836ab6,7791875000013,ean13,true,open_dataset,0.7,open-food-facts-csv:2026-09-08:sha256=f72687ee8bc6522054fe69dbfda6b91902c16af1ec2e043cde27bc6c29ad8176
e0372adb-b5c2-4a21-bffa-5689d0047af9,96df6e38-1edd-4341-a4f3-f8638d003947,7791875000426,ean13,true,open_dataset,0.7,open-food-facts-csv:2026-09-08:sha256=f72687ee8bc6522054fe69dbfda6b91902c16af1ec2e043cde27bc6c29ad8176
fbe3f71f-edc5-4e99-a735-0fa5fced2f09,265f5ae3-7562-460b-aa52-c5d2519ee4ee,7791875000440,ean13,true,open_dataset,0.7,open-food-facts-csv:2026-09-08:sha256=f72687ee8bc6522054fe69dbfda6b91902c16af1ec2e043cde27bc6c29ad8176
62ac8de1-31f4-449f-93e7-732dc0b35d85,dab6d51a-e229-45be-a9ec-78aa79bdbebd,7791875000471,ean13,true,open_dataset,0.7,open-food-facts-csv:2026-09-08:sha256=f72687ee8bc6522054fe69dbfda6b91902c16af1ec2e043cde27bc6c29ad8176
0e5688ad-366c-4ffa-a20d-16b064d37636,5812cbca-4d62-4606-a784-90ad11b02b38,7798259430084,ean13,true,open_dataset,0.7,open-food-facts-csv:2026-09-08:sha256=f72687ee8bc6522054fe69dbfda6b91902c16af1ec2e043cde27bc6c29ad8176
89397858-c034-4b0d-bc32-71680fcc460e,343f00b4-44d7-4717-aaf4-e91306204c55,7801875068019,ean13,true,open_dataset,0.7,open-food-facts-csv:2026-09-08:sha256=f72687ee8bc6522054fe69dbfda6b91902c16af1ec2e043cde27bc6c29ad8176
a2689454-6b36-4d5a-adc9-a671e0cd17a2,edfe6a81-410a-4bd6-9afe-eaaff43f764e,7802000004018,ean13,true,open_dataset,0.7,open-food-facts-csv:2026-09-08:sha256=f72687ee8bc6522054fe69dbfda6b91902c16af1ec2e043cde27bc6c29ad8176
1f414d9c-e9e3-45ce-8abd-89eacd07bb65,0a229050-4091-47aa-9f6d-4439a825e6e6,7802200117778,ean13,true,open_dataset,0.7,open-food-facts-csv:2026-09-08:sha256=f72687ee8bc6522054fe69dbfda6b91902c16af1ec2e043cde27bc6c29ad8176
450bd318-9830-4a53-a198-2ab72fc91f3b,4c9ec338-23a0-4c07-b036-519a6f618b2d,7802200135703,ean13,true,open_dataset,0.7,open-food-facts-csv:2026-09-08:sha256=f72687ee8bc6522054fe69dbfda6b91902c16af1ec2e043cde27bc6c29ad8176
6dea7a26-7a1d-4fb3-890f-867c1adfe83e,c0fecf45-6a18-481b-bb69-f5d0b316299b,7802200840362,ean13,true,open_dataset,0.7,open-food-facts-csv:2026-09-08:sha256=f72687ee8bc6522054fe69dbfda6b91902c16af1ec2e043cde27bc6c29ad8176
196ab095-a737-4be9-82a5-1a7a4caaf89e,bd8fb27d-bacb-46f2-a918-cfa517fe81b0,7802215101854,ean13,true,open_dataset,0.7,open-food-facts-csv:2026-09-08:sha256=f72687ee8bc6522054fe69dbfda6b91902c16af1ec2e043cde27bc6c29ad8176
9ecd261d-b126-4d08-9826-89e6eab2f322,6fae0113-9bf7-4333-bee0-e42911cb568c,7802215302053,ean13,true,open_dataset,0.7,open-food-facts-csv:2026-09-08:sha256=f72687ee8bc6522054fe69dbfda6b91902c16af1ec2e043cde27bc6c29ad8176
3b4bc928-0810-4310-89d0-782c45baefc2,404a3bbe-bc46-40ba-bad0-c36d158a31db,7802215303241,ean13,true,open_dataset,0.7,open-food-facts-csv:2026-09-08:sha256=f72687ee8bc6522054fe69dbfda6b91902c16af1ec2e043cde27bc6c29ad8176
2c181a9f-c4fc-4aeb-b66d-700692497a72,e75363b1-50f1-4f51-ac16-4b1fa63f390f,7802215505058,ean13,true,open_dataset,0.7,open-food-facts-csv:2026-09-08:sha256=f72687ee8bc6522054fe69dbfda6b91902c16af1ec2e043cde27bc6c29ad8176
fb8d44dd-fcee-45c4-97a7-5a1ba50a6598,b803c7dd-c425-4986-950e-783b8260dbc6,7802215505140,ean13,true,open_dataset,0.7,open-food-facts-csv:2026-09-08:sha256=f72687ee8bc6522054fe69dbfda6b91902c16af1ec2e043cde27bc6c29ad8176
4423b66d-85ba-436a-86b3-5934412d632e,543906ad-1bf8-4fd8-9c33-b6f92ae32c36,7802215514333,ean13,true,open_dataset,0.7,open-food-facts-csv:2026-09-08:sha256=f72687ee8bc6522054fe69dbfda6b91902c16af1ec2e043cde27bc6c29ad8176
a99d0bcd-424f-4847-9864-4b9c1aaa5ad7,5fab8257-d984-49ef-9205-eefac295df35,7802215515019,ean13,true,open_dataset,0.7,open-food-facts-csv:2026-09-08:sha256=f72687ee8bc6522054fe69dbfda6b91902c16af1ec2e043cde27bc6c29ad8176
59157db2-00a8-4a25-9c9c-b6ea4ea2977b,6c3aedce-b8d8-4022-bf35-171c91501112,7802225427579,ean13,true,open_dataset,0.7,open-food-facts-csv:2026-09-08:sha256=f72687ee8bc6522054fe69dbfda6b91902c16af1ec2e043cde27bc6c29ad8176
b1acfe2d-33fa-4b49-a257-bf656aa35074,3f822a66-faa1-412e-9855-11fe657ba644,7802225510196,ean13,true,open_dataset,0.7,open-food-facts-csv:2026-09-08:sha256=f72687ee8bc6522054fe69dbfda6b91902c16af1ec2e043cde27bc6c29ad8176
ea40e593-2eeb-4594-8fc9-989bbd9f62e0,8de42b54-9159-452c-a568-750d1e02e492,7802225640770,ean13,true,open_dataset,0.7,open-food-facts-csv:2026-09-08:sha256=f72687ee8bc6522054fe69dbfda6b91902c16af1ec2e043cde27bc6c29ad8176
0d10bb30-b8d5-47ae-a044-00fbd04bc2d6,4731263f-050d-405d-bbe6-73b4b8755ef6,7802225688024,ean13,true,open_dataset,0.7,open-food-facts-csv:2026-09-08:sha256=f72687ee8bc6522054fe69dbfda6b91902c16af1ec2e043cde27bc6c29ad8176
475ab5b1-aa75-497e-b286-9d86464cc12a,468613aa-8340-40ae-a744-f7500eb9ea65,7802225688048,ean13,true,open_dataset,0.7,open-food-facts-csv:2026-09-08:sha256=f72687ee8bc6522054fe69dbfda6b91902c16af1ec2e043cde27bc6c29ad8176
d8cdfd09-d079-4fc2-a78e-a6c3b0bb9189,f36654bf-4f18-44ad-95da-bb7f920181e0,7802225688758,ean13,true,open_dataset,0.7,open-food-facts-csv:2026-09-08:sha256=f72687ee8bc6522054fe69dbfda6b91902c16af1ec2e043cde27bc6c29ad8176
f006350f-62c1-42e9-86db-3e5539ae6232,520e799b-e9a3-4a5c-9c9a-07c3186b68d4,78024106,ean8,true,open_dataset,0.7,open-food-facts-csv:2026-09-08:sha256=f72687ee8bc6522054fe69dbfda6b91902c16af1ec2e043cde27bc6c29ad8176
cd3775c7-2152-4b78-80b8-4d0606a04af9,ce220aa3-d964-4b0e-a581-7a62b36d54e2,7802535464646,ean13,true,open_dataset,0.7,open-food-facts-csv:2026-09-08:sha256=f72687ee8bc6522054fe69dbfda6b91902c16af1ec2e043cde27bc6c29ad8176
6cf7da45-3105-4878-a574-540c5e91d878,ee11abd9-fe04-4273-acfa-dbde0b665851,7804659650998,ean13,true,open_dataset,0.7,open-food-facts-csv:2026-09-08:sha256=f72687ee8bc6522054fe69dbfda6b91902c16af1ec2e043cde27bc6c29ad8176
f31e4950-3db4-43c1-976d-660299dd3cf2,9c359ce3-dcac-46b8-a925-e7adea35c2a9,7840005011174,ean13,true,open_dataset,0.7,open-food-facts-csv:2026-09-08:sha256=f72687ee8bc6522054fe69dbfda6b91902c16af1ec2e043cde27bc6c29ad8176
b542cc26-b239-4e67-aab4-39d2d3ea7a3f,61e7d949-c9f2-4982-be06-43ce28b8dc6d,7861036400522,ean13,true,open_dataset,0.7,open-food-facts-csv:2026-09-08:sha256=f72687ee8bc6522054fe69dbfda6b91902c16af1ec2e043cde27bc6c29ad8176
8fb72bf4-b97a-4bc3-8859-9ef96fb5f6fc,7347d1e5-7935-4062-9396-6bd7da48e21e,7861036400546,ean13,true,open_dataset,0.7,open-food-facts-csv:2026-09-08:sha256=f72687ee8bc6522054fe69dbfda6b91902c16af1ec2e043cde27bc6c29ad8176
49b1ad60-b4f6-4333-8595-0ea8dd4ff5b2,95af491f-a4a8-4b52-b9ab-bc9c35556c06,7861091155573,ean13,true,open_dataset,0.7,open-food-facts-csv:2026-09-08:sha256=f72687ee8bc6522054fe69dbfda6b91902c16af1ec2e043cde27bc6c29ad8176
0416662a-ded2-4a11-b223-b3f4ec67eed5,e4b10690-3c5e-46a9-8828-49b50bc37bb0,7862107787344,ean13,true,open_dataset,0.7,open-food-facts-csv:2026-09-08:sha256=f72687ee8bc6522054fe69dbfda6b91902c16af1ec2e043cde27bc6c29ad8176
156e8466-5e38-461d-bc0e-6d9b5ffa1aea,71223dcf-d3f7-40bb-a56a-8da33264d5a4,7891008119787,ean13,true,open_dataset,0.7,open-food-facts-csv:2026-09-08:sha256=f72687ee8bc6522054fe69dbfda6b91902c16af1ec2e043cde27bc6c29ad8176
9b2561a4-bb24-4d14-b5a2-6232eb288095,b3dd7bfe-69a1-45ff-b14d-2d3d519620f3,7891008119831,ean13,true,open_dataset,0.7,open-food-facts-csv:2026-09-08:sha256=f72687ee8bc6522054fe69dbfda6b91902c16af1ec2e043cde27bc6c29ad8176
9b365da8-9c9a-4d65-a5a9-84e5e97e29d3,7b7b77ce-c7be-48e4-9fb0-e07f0a32364d,7891008121674,ean13,true,open_dataset,0.7,open-food-facts-csv:2026-09-08:sha256=f72687ee8bc6522054fe69dbfda6b91902c16af1ec2e043cde27bc6c29ad8176
5d2f5c0a-bd36-4d73-aeeb-47325fce99bc,30489f23-8eaa-4f55-b677-1eee50a8663f,7891079012901,ean13,true,open_dataset,0.7,open-food-facts-csv:2026-09-08:sha256=f72687ee8bc6522054fe69dbfda6b91902c16af1ec2e043cde27bc6c29ad8176
b61898ae-535a-4a22-a387-77c0d318ad5b,dda1fedf-bd9e-43aa-a09f-0b5819bc55d8,7891079013335,ean13,true,open_dataset,0.7,open-food-facts-csv:2026-09-08:sha256=f72687ee8bc6522054fe69dbfda6b91902c16af1ec2e043cde27bc6c29ad8176
2d505001-db4b-4fe3-bfc6-37c1ac502260,fdbb4c10-8631-46f7-b7f3-de15f785f8b7,7891118013586,ean13,true,open_dataset,0.7,open-food-facts-csv:2026-09-08:sha256=f72687ee8bc6522054fe69dbfda6b91902c16af1ec2e043cde27bc6c29ad8176
17931b7c-eeb2-472b-bb3c-e32c2134a5dc,1c7af943-b821-42eb-b55a-9e90d4e7a205,7891151029421,ean13,true,open_dataset,0.7,open-food-facts-csv:2026-09-08:sha256=f72687ee8bc6522054fe69dbfda6b91902c16af1ec2e043cde27bc6c29ad8176
aae5883e-0097-4db0-aeb5-d9a6c6f4e572,e66e90ce-d138-4ff0-b284-5b8b574227b3,78918344,ean8,true,open_dataset,0.7,open-food-facts-csv:2026-09-08:sha256=f72687ee8bc6522054fe69dbfda6b91902c16af1ec2e043cde27bc6c29ad8176
9df0370d-3943-4291-bb6a-887fd5db9746,bcf96f2d-a66c-4941-865c-772bbaa56dfd,7891962032283,ean13,true,open_dataset,0.7,open-food-facts-csv:2026-09-08:sha256=f72687ee8bc6522054fe69dbfda6b91902c16af1ec2e043cde27bc6c29ad8176
f4798baf-5e4f-43dc-b922-2b8e7d98e93e,9eccf7a4-edc4-4e33-85fd-ac4910fae733,7891962060460,ean13,true,open_dataset,0.7,open-food-facts-csv:2026-09-08:sha256=f72687ee8bc6522054fe69dbfda6b91902c16af1ec2e043cde27bc6c29ad8176
6ede2ee4-06d0-4eab-bf92-42ed8370f2c5,697ed649-3f59-4c72-99f2-c05e58f93646,7896016604805,ean13,true,open_dataset,0.7,open-food-facts-csv:2026-09-08:sha256=f72687ee8bc6522054fe69dbfda6b91902c16af1ec2e043cde27bc6c29ad8176
fee4a257-bb73-4cc3-b3f1-83944f83c859,9761ef79-9cf3-4510-bdfe-7f14d491b606,7898142864252,ean13,true,open_dataset,0.7,open-food-facts-csv:2026-09-08:sha256=f72687ee8bc6522054fe69dbfda6b91902c16af1ec2e043cde27bc6c29ad8176
c15603bf-162b-4152-a272-7b58a8d360e8,17bea351-d761-4153-ad44-15d2d59be611,8005121000122,ean13,true,open_dataset,0.7,open-food-facts-csv:2026-09-08:sha256=f72687ee8bc6522054fe69dbfda6b91902c16af1ec2e043cde27bc6c29ad8176
b91c142a-0ddc-47d2-8861-75f83e1fd11f,af934d21-591e-4402-8ada-fea9e6389992,8005121000535,ean13,true,open_dataset,0.7,open-food-facts-csv:2026-09-08:sha256=f72687ee8bc6522054fe69dbfda6b91902c16af1ec2e043cde27bc6c29ad8176
d92e666c-f1a7-4371-b074-20666abe0a49,f27f4e2b-1b78-46d6-8cfd-5ac38a56d928,8005121000801,ean13,true,open_dataset,0.7,open-food-facts-csv:2026-09-08:sha256=f72687ee8bc6522054fe69dbfda6b91902c16af1ec2e043cde27bc6c29ad8176
45be64ee-9738-499b-8152-c4eccc371183,e30d127b-5f95-4888-bb3c-4e421ea8db8a,8005121002096,ean13,true,open_dataset,0.7,open-food-facts-csv:2026-09-08:sha256=f72687ee8bc6522054fe69dbfda6b91902c16af1ec2e043cde27bc6c29ad8176
099491bf-c8e7-456f-83d2-52474ec9ffb5,9dbbf177-31ac-4ed6-8c1e-54db14b891f7,8410010800859,ean13,true,open_dataset,0.7,open-food-facts-csv:2026-09-08:sha256=f72687ee8bc6522054fe69dbfda6b91902c16af1ec2e043cde27bc6c29ad8176
22ed5e20-0839-45ab-b1d8-17115eb91a84,85d08d79-cee8-420e-b835-a0e7f1997d57,8410199026361,ean13,true,open_dataset,0.7,open-food-facts-csv:2026-09-08:sha256=f72687ee8bc6522054fe69dbfda6b91902c16af1ec2e043cde27bc6c29ad8176
e08732a5-2778-40fc-9cd6-0753d6ae1718,e5179ef3-47eb-415e-be47-0d87510ee9b5,8410270043638,ean13,true,open_dataset,0.7,open-food-facts-csv:2026-09-08:sha256=f72687ee8bc6522054fe69dbfda6b91902c16af1ec2e043cde27bc6c29ad8176
121f825c-1c52-4a07-bac6-2dc8b87aaf6d,1474d4c5-89bc-4310-9d5c-ac60b490ce88,8412170011434,ean13,true,open_dataset,0.7,open-food-facts-csv:2026-09-08:sha256=f72687ee8bc6522054fe69dbfda6b91902c16af1ec2e043cde27bc6c29ad8176
59914a98-56ae-4715-8b88-4d272ffec78b,fa8ce904-9db2-45c3-9b26-c14741b2b12e,8412170016682,ean13,true,open_dataset,0.7,open-food-facts-csv:2026-09-08:sha256=f72687ee8bc6522054fe69dbfda6b91902c16af1ec2e043cde27bc6c29ad8176
4519e8db-042c-4fb3-b989-5b2ee03eae9c,ca26b106-4a2f-4546-a2ab-7570a4a19e06,8412170025783,ean13,true,open_dataset,0.7,open-food-facts-csv:2026-09-08:sha256=f72687ee8bc6522054fe69dbfda6b91902c16af1ec2e043cde27bc6c29ad8176
3a1a0cee-ebba-4b20-bf93-20ef80a413e4,f09ecd9d-e7e6-403f-8d2b-8c11da7d753f,8412170025813,ean13,true,open_dataset,0.7,open-food-facts-csv:2026-09-08:sha256=f72687ee8bc6522054fe69dbfda6b91902c16af1ec2e043cde27bc6c29ad8176
4bb52058-bf65-4528-a81a-e2bb607c3456,e06745c6-9bb1-433d-b6f6-cab35c1ffa2d,8412170026469,ean13,true,open_dataset,0.7,open-food-facts-csv:2026-09-08:sha256=f72687ee8bc6522054fe69dbfda6b91902c16af1ec2e043cde27bc6c29ad8176
2239c333-dc2c-4531-872a-4457769e09df,96bfc679-c91f-410a-bd1e-a01be2499968,8412170026896,ean13,true,open_dataset,0.7,open-food-facts-csv:2026-09-08:sha256=f72687ee8bc6522054fe69dbfda6b91902c16af1ec2e043cde27bc6c29ad8176
e96359ef-82d3-4e97-8745-baac1fabb73a,3d8ca563-a765-4378-b297-3259062ff666,8412170029002,ean13,true,open_dataset,0.7,open-food-facts-csv:2026-09-08:sha256=f72687ee8bc6522054fe69dbfda6b91902c16af1ec2e043cde27bc6c29ad8176
8d4a942d-ca81-42e5-9f52-cd8b850ec927,78dcbcf6-adca-476c-ba59-481561f4b1f3,8413552046303,ean13,true,open_dataset,0.7,open-food-facts-csv:2026-09-08:sha256=f72687ee8bc6522054fe69dbfda6b91902c16af1ec2e043cde27bc6c29ad8176
7a621c6a-175e-4f29-98ca-38737e8f4cd0,354021a2-2bc6-4432-ade0-73c7ad6ecd89,8424793002140,ean13,true,open_dataset,0.7,open-food-facts-csv:2026-09-08:sha256=f72687ee8bc6522054fe69dbfda6b91902c16af1ec2e043cde27bc6c29ad8176
fab4d69f-eb4b-4b7c-93a2-cc8230c89a81,39073b9c-1dad-4659-bca8-872af02f7f6f,8434893000113,ean13,true,open_dataset,0.7,open-food-facts-csv:2026-09-08:sha256=f72687ee8bc6522054fe69dbfda6b91902c16af1ec2e043cde27bc6c29ad8176
0f09ac94-6c8a-4de4-95bb-2692ff66bd6e,c40a5c3f-7eb7-4ff1-a5e3-d822dbd62a11,8436025984216,ean13,true,open_dataset,0.7,open-food-facts-csv:2026-09-08:sha256=f72687ee8bc6522054fe69dbfda6b91902c16af1ec2e043cde27bc6c29ad8176
a34dfd44-3327-4782-97ba-4e00a9e8b2e0,5c77fbca-93de-46c6-a78c-79b6059ea836,8437003969744,ean13,true,open_dataset,0.7,open-food-facts-csv:2026-09-08:sha256=f72687ee8bc6522054fe69dbfda6b91902c16af1ec2e043cde27bc6c29ad8176
2e9eff23-76bd-4e5a-890e-560701f815a9,a016c8bd-523d-4b69-b1b8-b358f173aeb7,8437012555396,ean13,true,open_dataset,0.7,open-food-facts-csv:2026-09-08:sha256=f72687ee8bc6522054fe69dbfda6b91902c16af1ec2e043cde27bc6c29ad8176
9ac36ddc-546d-4ec1-a5e3-186aef8370f2,a055a7f0-139c-43f7-96df-7abdd305103a,8590081875106,ean13,true,open_dataset,0.7,open-food-facts-csv:2026-09-08:sha256=f72687ee8bc6522054fe69dbfda6b91902c16af1ec2e043cde27bc6c29ad8176
8bffbd1b-e249-4572-a56e-6ea835605b27,63f2608e-4e88-4d81-8f7c-eaf7011fa6d3,8690481022329,ean13,true,open_dataset,0.7,open-food-facts-csv:2026-09-08:sha256=f72687ee8bc6522054fe69dbfda6b91902c16af1ec2e043cde27bc6c29ad8176
94240dcf-5578-451c-8bea-ff5925fcba16,2e2e323c-7a6a-490f-8ba3-fad78a0d04e7,8691707588070,ean13,true,open_dataset,0.7,open-food-facts-csv:2026-09-08:sha256=f72687ee8bc6522054fe69dbfda6b91902c16af1ec2e043cde27bc6c29ad8176
16d04add-e03b-492b-8820-ea307b69d858,fab58ff1-9235-4a35-9d3c-e2fe9e620bc5,8719200453005,ean13,true,open_dataset,0.7,open-food-facts-csv:2026-09-08:sha256=f72687ee8bc6522054fe69dbfda6b91902c16af1ec2e043cde27bc6c29ad8176
977310b5-6736-4c64-b02b-f3c5eee1166a,a4d1c7b0-2cba-4743-8847-7aa6af154ee8,8719200453012,ean13,true,open_dataset,0.7,open-food-facts-csv:2026-09-08:sha256=f72687ee8bc6522054fe69dbfda6b91902c16af1ec2e043cde27bc6c29ad8176
0e6dc2d9-ebdc-499c-978f-afcceff3afc0,d6dadd2a-ef05-4a01-8328-9f9c2a20f729,8719200453043,ean13,true,open_dataset,0.7,open-food-facts-csv:2026-09-08:sha256=f72687ee8bc6522054fe69dbfda6b91902c16af1ec2e043cde27bc6c29ad8176
73da90db-5564-44d7-a01e-1f6b30e23ef6,227668ad-b92b-42c8-b565-3f301c64fe3e,8719200453074,ean13,true,open_dataset,0.7,open-food-facts-csv:2026-09-08:sha256=f72687ee8bc6522054fe69dbfda6b91902c16af1ec2e043cde27bc6c29ad8176
26ed91ca-961b-4377-8b1a-b04b25259445,f6409db2-b86f-4e5a-bef9-32bb06a035d2,8719200453685,ean13,true,open_dataset,0.7,open-food-facts-csv:2026-09-08:sha256=f72687ee8bc6522054fe69dbfda6b91902c16af1ec2e043cde27bc6c29ad8176
fa6bc1bf-bd94-4e1d-a313-41618c7f2896,1d5267c6-20d9-4ad7-b470-ea226959f6c1,8901393017137,ean13,true,open_dataset,0.7,open-food-facts-csv:2026-09-08:sha256=f72687ee8bc6522054fe69dbfda6b91902c16af1ec2e043cde27bc6c29ad8176
8f17e4d2-ea6f-4cc5-b31b-5d96e1e766e6,20b027a9-5b4a-4787-afa0-934f04ae2e47,8992741970549,ean13,true,open_dataset,0.7,open-food-facts-csv:2026-09-08:sha256=f72687ee8bc6522054fe69dbfda6b91902c16af1ec2e043cde27bc6c29ad8176
36c3171f-b1c2-498f-9d11-c1574886861a,b125220a-4153-47e6-ab6d-22752ad72800,9002490206666,ean13,true,open_dataset,0.7,open-food-facts-csv:2026-09-08:sha256=f72687ee8bc6522054fe69dbfda6b91902c16af1ec2e043cde27bc6c29ad8176
cf326bcc-dda4-474e-b6df-bbd8359c7d09,50cacdea-5f39-455c-a01c-7a7df07c5151,9760934210104,ean13,true,open_dataset,0.7,open-food-facts-csv:2026-09-08:sha256=f72687ee8bc6522054fe69dbfda6b91902c16af1ec2e043cde27bc6c29ad8176
