master_product_id,primary_barcode,barcode_type,name,brand,manufacturer,category_name,subcategory_name,package_size,package_unit,unit_type,description,source,verification_status,confidence_score,source_reference,image_source_key,image_license,image_attribution
01273c18-4eb7-4763-a0d6-dd9044c2a8bf,1003010037072,ean13,OMI Limonada,,,Bebidas,,,,unidad,,open_dataset,unverified,0.70,open-food-facts-csv:2026-09-08:sha256=f72687ee8bc6522054fe69dbfda6b91902c16af1ec2e043cde27bc6c29ad8176,,,
dcb0967f-7c71-4f77-be43-310d1823daf6,1004004038310,ean13,Natri Almendra,Natri,,Bebidas,,,,unidad,,open_dataset,unverified,0.70,open-food-facts-csv:2026-09-08:sha256=f72687ee8bc6522054fe69dbfda6b91902c16af1ec2e043cde27bc6c29ad8176,,,
2f4b1c12-371f-401b-b621-d2135b34bbad,1004005029027,ean13,Limonada de Coco Refresco,Kedeli,,Bebidas,,,,unidad,,open_dataset,unverified,0.70,open-food-facts-csv:2026-09-08:sha256=f72687ee8bc6522054fe69dbfda6b91902c16af1ec2e043cde27bc6c29ad8176,,,
ddea6075-3093-46eb-8854-27ddb4baf968,1006003026688,ean13,Harina de Trigo Fortificada Tradicional,Quicksy,,Alimentos,,,,unidad,,open_dataset,unverified,0.70,open-food-facts-csv:2026-09-08:sha256=f72687ee8bc6522054fe69dbfda6b91902c16af1ec2e043cde27bc6c29ad8176,,,
b1425107-c057-4bbd-96ae-0d079ba7841b,1006010019987,ean13,Arroz achocolatado,Fiocco,,Alimentos,,,,unidad,,open_dataset,unverified,0.70,open-food-facts-csv:2026-09-08:sha256=f72687ee8bc6522054fe69dbfda6b91902c16af1ec2e043cde27bc6c29ad8176,,,
68335d76-b452-4441-8631-8c2f9eca4d28,1006011031742,ean13,Cereal de Maíz y Quinua Sabor Miel,Fit-Graan,,Alimentos,,,,unidad,,open_dataset,unverified,0.70,open-food-facts-csv:2026-09-08:sha256=f72687ee8bc6522054fe69dbfda6b91902c16af1ec2e043cde27bc6c29ad8176,,,
d2811d8c-c03a-425b-9084-56eab3edcdb2,1006012031345,ean13,Barras de Cereal Fit-Graan,Fit-Graan,,Snacks y confitería,,,,unidad,,open_dataset,unverified,0.70,open-food-facts-csv:2026-09-08:sha256=f72687ee8bc6522054fe69dbfda6b91902c16af1ec2e043cde27bc6c29ad8176,,,
a1c108af-f320-4390-a029-98e060eda96f,1008002026614,ean13,Külfi helado gourmet chocolate,Külfi,,Snacks y confitería,,,,unidad,,open_dataset,unverified,0.70,open-food-facts-csv:2026-09-08:sha256=f72687ee8bc6522054fe69dbfda6b91902c16af1ec2e043cde27bc6c29ad8176,,,
f887d052-a1c3-4623-8807-9b9bc3cc5fcb,1009001019874,ean13,Atún Rallado en Aceite al Natural,El Navio,,Alimentos,,,,unidad,,open_dataset,unverified,0.70,open-food-facts-csv:2026-09-08:sha256=f72687ee8bc6522054fe69dbfda6b91902c16af1ec2e043cde27bc6c29ad8176,,,
239decfd-0c7a-4d3b-b9c0-04e976b0a55c,1011007027395,ean13,Crokan,Crokan,,Snacks y confitería,,,,unidad,,open_dataset,unverified,0.70,open-food-facts-csv:2026-09-08:sha256=f72687ee8bc6522054fe69dbfda6b91902c16af1ec2e043cde27bc6c29ad8176,,,
026b08dd-74d2-4c35-af9c-70c2745ed804,1011009039013,ean13,Meli Mellow Sabor a Vainilla,,,Snacks y confitería,,,,unidad,,open_dataset,unverified,0.70,open-food-facts-csv:2026-09-08:sha256=f72687ee8bc6522054fe69dbfda6b91902c16af1ec2e043cde27bc6c29ad8176,,,
6caeed4f-f5af-4b41-8f3d-dc6ec370287e,1011011031524,ean13,Barquillos con Crema de Chocolate,Nuzart,,Snacks y confitería,,,,unidad,,open_dataset,unverified,0.70,open-food-facts-csv:2026-09-08:sha256=f72687ee8bc6522054fe69dbfda6b91902c16af1ec2e043cde27bc6c29ad8176,,,
9c03ed45-953b-4b2a-8d97-23e685a687b5,1011011032415,ean13,Chalet Chocolate con Leche,Chalet,,Snacks y confitería,,,,unidad,,open_dataset,unverified,0.70,open-food-facts-csv:2026-09-08:sha256=f72687ee8bc6522054fe69dbfda6b91902c16af1ec2e043cde27bc6c29ad8176,,,
d553c107-d824-4cc0-b26a-f7d67bdf385b,1011011032736,ean13,Trufus,Muii,,Snacks y confitería,,,,unidad,,open_dataset,unverified,0.70,open-food-facts-csv:2026-09-08:sha256=f72687ee8bc6522054fe69dbfda6b91902c16af1ec2e043cde27bc6c29ad8176,,,
2f8dd768-355a-4ef4-8bec-a86e613488fc,1011015039694,ean13,Tradición 1915 Alfajor Chocolate,Tradición 1915,,Snacks y confitería,,,,unidad,,open_dataset,unverified,0.70,open-food-facts-csv:2026-09-08:sha256=f72687ee8bc6522054fe69dbfda6b91902c16af1ec2e043cde27bc6c29ad8176,,,
84722b39-ed02-42c2-953a-87231ebe5ce5,1014003013478,ean13,Yogurt Semidescremado con Trozos de Fruta Melocotón,Latti,,Alimentos,,,,unidad,,open_dataset,unverified,0.70,open-food-facts-csv:2026-09-08:sha256=f72687ee8bc6522054fe69dbfda6b91902c16af1ec2e043cde27bc6c29ad8176,,,
e2efb575-5775-4ebb-a38c-959ebd80da40,1014005040038,ean13,Leche en Polvo Entera,Latti,,Bebidas,,,,unidad,,open_dataset,unverified,0.70,open-food-facts-csv:2026-09-08:sha256=f72687ee8bc6522054fe69dbfda6b91902c16af1ec2e043cde27bc6c29ad8176,,,
bb04f92b-6491-472b-9566-2767c4075988,1014006016063,ean13,Leche UHT Deslactosada,Latti,,Bebidas,,,,unidad,,open_dataset,unverified,0.70,open-food-facts-csv:2026-09-08:sha256=f72687ee8bc6522054fe69dbfda6b91902c16af1ec2e043cde27bc6c29ad8176,,,
4b9cda1f-e276-4180-9b4c-4c587bd466b2,1014013028608,ean13,Leche Condensada Latti,Latti,,Alimentos,,,,unidad,,open_dataset,unverified,0.70,open-food-facts-csv:2026-09-08:sha256=f72687ee8bc6522054fe69dbfda6b91902c16af1ec2e043cde27bc6c29ad8176,,,
e11fdf64-2e31-4cc0-b484-44ace7777eb7,1014015032863,ean13,Yogurt Griego Latti Frutos Amarillos,Latti,,Alimentos,,,,unidad,,open_dataset,unverified,0.70,open-food-facts-csv:2026-09-08:sha256=f72687ee8bc6522054fe69dbfda6b91902c16af1ec2e043cde27bc6c29ad8176,,,
082adb30-a410-477a-8926-cbf1e0e1a8ad,1014018033690,ean13,Leche Descremada Deslactosada 0% Grasa,Latti,,Bebidas,,,,unidad,,open_dataset,unverified,0.70,open-food-facts-csv:2026-09-08:sha256=f72687ee8bc6522054fe69dbfda6b91902c16af1ec2e043cde27bc6c29ad8176,,,
13cc25ba-bb4a-4db5-b9c5-477cb07c180a,1014021014372,ean13,Queso en Tajadas Quesillo,Latti,,Alimentos,,,,unidad,,open_dataset,unverified,0.70,open-food-facts-csv:2026-09-08:sha256=f72687ee8bc6522054fe69dbfda6b91902c16af1ec2e043cde27bc6c29ad8176,,,
1284edf6-ce67-4aaf-9340-1e92d1587460,1014025040049,ean13,Vita Latti Yogur Descremado Light Fresa,Latti,,Alimentos,,,,unidad,,open_dataset,unverified,0.70,open-food-facts-csv:2026-09-08:sha256=f72687ee8bc6522054fe69dbfda6b91902c16af1ec2e043cde27bc6c29ad8176,,,
4ecc619f-0d93-4101-b8b8-f0e3af0cdba6,1016001027037,ean13,Pan Tajado,,,Alimentos,,,,unidad,,open_dataset,unverified,0.70,open-food-facts-csv:2026-09-08:sha256=f72687ee8bc6522054fe69dbfda6b91902c16af1ec2e043cde27bc6c29ad8176,,,
b58e5cc5-3bbf-42b2-b613-da018b1b2463,1016002014630,ean13,Ponqués,Horneaditos,,Snacks y confitería,,,,unidad,,open_dataset,unverified,0.70,open-food-facts-csv:2026-09-08:sha256=f72687ee8bc6522054fe69dbfda6b91902c16af1ec2e043cde27bc6c29ad8176,,,
2b5a538a-271e-4682-a66a-84ef229381d5,1016003015285,ean13,Tostaditas con mantequilla,Horneaditos,,Alimentos,,,,unidad,,open_dataset,unverified,0.70,open-food-facts-csv:2026-09-08:sha256=f72687ee8bc6522054fe69dbfda6b91902c16af1ec2e043cde27bc6c29ad8176,,,
2a57217e-5c3e-4259-96fc-f4d026a7fa05,1016003017203,ean13,tostadas con 7 granos,horneaditos,,Alimentos,,,,unidad,,open_dataset,unverified,0.70,open-food-facts-csv:2026-09-08:sha256=f72687ee8bc6522054fe69dbfda6b91902c16af1ec2e043cde27bc6c29ad8176,,,
cdbb3fa3-980a-44fc-8d9c-54e1db12cbb7,1016003018590,ean13,Pan Perro,Horneaditos,,Alimentos,,,,unidad,,open_dataset,unverified,0.70,open-food-facts-csv:2026-09-08:sha256=f72687ee8bc6522054fe69dbfda6b91902c16af1ec2e043cde27bc6c29ad8176,,,
1bc4b3cc-2510-4886-99ec-eaad2aaa0be5,1016003025673,ean13,Tostadas con ajo,Horneaditos,,Alimentos,,,,unidad,,open_dataset,unverified,0.70,open-food-facts-csv:2026-09-08:sha256=f72687ee8bc6522054fe69dbfda6b91902c16af1ec2e043cde27bc6c29ad8176,,,
d1e825ca-44b9-49fc-9c1f-5e6357687bb9,1016003117200,ean13,Tostadas con Frutos Rojos,Horneaditos,,Alimentos,,,,unidad,,open_dataset,unverified,0.70,open-food-facts-csv:2026-09-08:sha256=f72687ee8bc6522054fe69dbfda6b91902c16af1ec2e043cde27bc6c29ad8176,,,
c8f9d8d5-a5f1-4e36-94a2-ab1b2358b851,1018007017807,ean13,Maní Salado con Sal Marina,Nuthos,,Snacks y confitería,,,,unidad,,open_dataset,unverified,0.70,open-food-facts-csv:2026-09-08:sha256=f72687ee8bc6522054fe69dbfda6b91902c16af1ec2e043cde27bc6c29ad8176,,,
c8a64b77-d1ea-45ed-9dd3-8ddb1e8dffaf,1018007029541,ean13,Creamy Mash Peanut Butter,Creamy Mash,,Alimentos,,,,unidad,,open_dataset,unverified,0.70,open-food-facts-csv:2026-09-08:sha256=f72687ee8bc6522054fe69dbfda6b91902c16af1ec2e043cde27bc6c29ad8176,,,
59268c3c-a034-426a-8e85-214c79adf671,1018007031766,ean13,Nuthos Mezcla Salada,Nuthos,,Snacks y confitería,,,,unidad,,open_dataset,unverified,0.70,open-food-facts-csv:2026-09-08:sha256=f72687ee8bc6522054fe69dbfda6b91902c16af1ec2e043cde27bc6c29ad8176,,,
63a9a7c9-4da5-48af-a1c7-d7cb77112cc0,1018010023864,ean13,papas fritas kythos sabor limon,,,Snacks y confitería,,,,unidad,,open_dataset,unverified,0.70,open-food-facts-csv:2026-09-08:sha256=f72687ee8bc6522054fe69dbfda6b91902c16af1ec2e043cde27bc6c29ad8176,,,
b9fda7b1-541a-4477-a8af-a4f22f1b5002,1018010039445,ean13,Kythos Onditas Mayonesa,Kythos,,Snacks y confitería,,,,unidad,,open_dataset,unverified,0.70,open-food-facts-csv:2026-09-08:sha256=f72687ee8bc6522054fe69dbfda6b91902c16af1ec2e043cde27bc6c29ad8176,,,
ed0544d3-f772-4a33-9706-63093d5dc768,1019003031477,ean13,Mermelada Mora,Zev,,Alimentos,,,,unidad,,open_dataset,unverified,0.70,open-food-facts-csv:2026-09-08:sha256=f72687ee8bc6522054fe69dbfda6b91902c16af1ec2e043cde27bc6c29ad8176,,,
0f3a143e-229c-4289-9ac9-25deae4b6a59,1022002034394,ean13,Mezcla Choco Divertida,Nuthos,,Snacks y confitería,,,,unidad,,open_dataset,unverified,0.70,open-food-facts-csv:2026-09-08:sha256=f72687ee8bc6522054fe69dbfda6b91902c16af1ec2e043cde27bc6c29ad8176,,,
87faa122-e8a6-4701-8953-044dd3bd566e,1024001026349,ean13,Aceite de oliva,Castel de ferro,,Alimentos,,,,unidad,,open_dataset,unverified,0.70,open-food-facts-csv:2026-09-08:sha256=f72687ee8bc6522054fe69dbfda6b91902c16af1ec2e043cde27bc6c29ad8176,,,
588f9302-6dbe-4a89-8231-bb16a218f124,1024002018107,ean13,Esparcible 100% Vegetal con Sal. Rico Sabor a Mantequilla,Don Olio,,Alimentos,,,,unidad,,open_dataset,unverified,0.70,open-food-facts-csv:2026-09-08:sha256=f72687ee8bc6522054fe69dbfda6b91902c16af1ec2e043cde27bc6c29ad8176,,,
6abc3248-8720-42bb-b10d-c546c051fc76,1024002022661,ean13,Don Olio Esparcible a Base de Canola,Don Olio,,Alimentos,,,,unidad,,open_dataset,unverified,0.70,open-food-facts-csv:2026-09-08:sha256=f72687ee8bc6522054fe69dbfda6b91902c16af1ec2e043cde27bc6c29ad8176,,,
558e4e85-9dff-488d-aa9c-6774eec32114,1024004035409,ean13,Aceite de coco,,,Alimentos,,,,unidad,,open_dataset,unverified,0.70,open-food-facts-csv:2026-09-08:sha256=f72687ee8bc6522054fe69dbfda6b91902c16af1ec2e043cde27bc6c29ad8176,,,
e6a422ab-09d3-4753-9d0d-0dd814dea899,1025003038668,ean13,Arepa de maíz blanco con avena y chia,natri,,Alimentos,,,,unidad,,open_dataset,unverified,0.70,open-food-facts-csv:2026-09-08:sha256=f72687ee8bc6522054fe69dbfda6b91902c16af1ec2e043cde27bc6c29ad8176,,,
fbf6be57-ff74-4e5e-aa2a-fd9d3fdfbc58,1028006034613,ean13,Natri galletas rellenas,Natri,,Snacks y confitería,,,,unidad,,open_dataset,unverified,0.70,open-food-facts-csv:2026-09-08:sha256=f72687ee8bc6522054fe69dbfda6b91902c16af1ec2e043cde27bc6c29ad8176,,,
79af3c04-c156-410e-839c-d93957203fb9,13767143,ean8,Taeq Pita Bites Oregano y Sal Marina,Éxito,,Snacks y confitería,,,,unidad,,open_dataset,unverified,0.70,open-food-facts-csv:2026-09-08:sha256=f72687ee8bc6522054fe69dbfda6b91902c16af1ec2e043cde27bc6c29ad8176,,,
0e4a0a1a-9e0b-49ea-833b-2dc57ea7c664,1742459880084,ean13,Pan Tres Granos,Pan Factory,,Alimentos,,,,unidad,,open_dataset,unverified,0.70,open-food-facts-csv:2026-09-08:sha256=f72687ee8bc6522054fe69dbfda6b91902c16af1ec2e043cde27bc6c29ad8176,,,
b8cfac4d-9cc6-4b6b-9ec5-8ba640a4a23f,20245290,ean8,Noix de cajou,Alesto,,Snacks y confitería,,,,unidad,,open_dataset,unverified,0.70,open-food-facts-csv:2026-09-08:sha256=f72687ee8bc6522054fe69dbfda6b91902c16af1ec2e043cde27bc6c29ad8176,,,
8075307d-a6f9-482a-a9f6-ec09b2ada36d,2314011091796,ean13,Cono Robin Hood Choco Vainilla,Colombina,,Snacks y confitería,,,,unidad,,open_dataset,unverified,0.70,open-food-facts-csv:2026-09-08:sha256=f72687ee8bc6522054fe69dbfda6b91902c16af1ec2e043cde27bc6c29ad8176,,,
e9fd6cb8-b7dd-4b8d-9993-d4e7dcc7d52a,2503894038503,ean13,Pan Integral,,,Alimentos,,,,unidad,,open_dataset,unverified,0.70,open-food-facts-csv:2026-09-08:sha256=f72687ee8bc6522054fe69dbfda6b91902c16af1ec2e043cde27bc6c29ad8176,,,
818f9702-fc9a-48d4-8105-679195c0fbbb,3222476926821,ean13,Muesli Croustillant Chocolat Caramel,Casino,,Alimentos,,,,unidad,,open_dataset,unverified,0.70,open-food-facts-csv:2026-09-08:sha256=f72687ee8bc6522054fe69dbfda6b91902c16af1ec2e043cde27bc6c29ad8176,,,
15636bca-1768-481e-9401-1963cf6426e7,3248650186294,ean13,Miettes de thon à l'huile de tournesol,Monoprix,,Alimentos,,,,unidad,,open_dataset,unverified,0.70,open-food-facts-csv:2026-09-08:sha256=f72687ee8bc6522054fe69dbfda6b91902c16af1ec2e043cde27bc6c29ad8176,,,
6523a3a8-2e58-44a8-9640-c0b74f5fff63,3350031631283,ean13,Conchiglie tricolore extrudées au bronze,Monoprix,,Alimentos,,,,unidad,,open_dataset,unverified,0.70,open-food-facts-csv:2026-09-08:sha256=f72687ee8bc6522054fe69dbfda6b91902c16af1ec2e043cde27bc6c29ad8176,,,
08f9b432-29d2-4c4c-ad28-25019395b771,3492390013413,ean13,Mermelada de fresa,St. Dalfour,,Alimentos,,,,unidad,,open_dataset,unverified,0.70,open-food-facts-csv:2026-09-08:sha256=f72687ee8bc6522054fe69dbfda6b91902c16af1ec2e043cde27bc6c29ad8176,,,
8327cfb4-5ceb-4a09-a6ff-2b76d256f455,3747127361443,ean13,Salchicha pechuga de pollo,Pietran,,Alimentos,,,,unidad,,open_dataset,unverified,0.70,open-food-facts-csv:2026-09-08:sha256=f72687ee8bc6522054fe69dbfda6b91902c16af1ec2e043cde27bc6c29ad8176,,,
9e8ad3ed-6968-4d5e-af45-f61b7c8010a5,4068261049820,ean13,Almond drink,My way,,Bebidas,,,,unidad,,open_dataset,unverified,0.70,open-food-facts-csv:2026-09-08:sha256=f72687ee8bc6522054fe69dbfda6b91902c16af1ec2e043cde27bc6c29ad8176,,,
cd26d300-3088-4337-b538-a7d5b8ab0044,4716009773505,ean13,Granola,Carolina,,Alimentos,,,,unidad,,open_dataset,unverified,0.70,open-food-facts-csv:2026-09-08:sha256=f72687ee8bc6522054fe69dbfda6b91902c16af1ec2e043cde27bc6c29ad8176,,,
5b36ecd9-c911-47a6-8a9d-68c493438c19,4751001582595,ean13,РИГА ГОЛД ШПРОТЫ В ТОМАТНОМ СОУСЕ,,,Alimentos,,,,unidad,,open_dataset,unverified,0.70,open-food-facts-csv:2026-09-08:sha256=f72687ee8bc6522054fe69dbfda6b91902c16af1ec2e043cde27bc6c29ad8176,,,
6674232f-2159-419d-9f2b-9c1b9fb7aae4,4897036691953,ean13,Monster Cuba-Libre,Monster,,Bebidas,,,,unidad,,open_dataset,unverified,0.70,open-food-facts-csv:2026-09-08:sha256=f72687ee8bc6522054fe69dbfda6b91902c16af1ec2e043cde27bc6c29ad8176,,,
47dfa97d-54b4-4dda-8fa0-897f67dd3bee,5285002192204,ean13,Instant Whipping Cream,,,Alimentos,,,,unidad,,open_dataset,unverified,0.70,open-food-facts-csv:2026-09-08:sha256=f72687ee8bc6522054fe69dbfda6b91902c16af1ec2e043cde27bc6c29ad8176,,,
568a483c-48d8-4fae-9f35-8e1975837486,5704279880084,ean13,Pan Tres Granos,La original,,Alimentos,,,,unidad,,open_dataset,unverified,0.70,open-food-facts-csv:2026-09-08:sha256=f72687ee8bc6522054fe69dbfda6b91902c16af1ec2e043cde27bc6c29ad8176,,,
cee72af4-469e-487a-b07e-8d5de0b85e98,5707402063590,ean13,Aceite de oliva virgen extra,Frescampo,,Alimentos,,,,unidad,,open_dataset,unverified,0.70,open-food-facts-csv:2026-09-08:sha256=f72687ee8bc6522054fe69dbfda6b91902c16af1ec2e043cde27bc6c29ad8176,,,
4fe97b8b-4098-4ab0-826f-bc575b39303b,5906750800295,ean13,removedor de maquillaje bifasico,delia cosmetics,,Cuidado personal,,,,unidad,,open_dataset,unverified,0.70,open-food-facts-csv:2026-09-08:sha256=f72687ee8bc6522054fe69dbfda6b91902c16af1ec2e043cde27bc6c29ad8176,,,
8e35fb93-5360-4ddf-a77f-837a26cdaa88,5906974015727,ean13,100% Fresa,Rapsodia,,Alimentos,,,,unidad,,open_dataset,unverified,0.70,open-food-facts-csv:2026-09-08:sha256=f72687ee8bc6522054fe69dbfda6b91902c16af1ec2e043cde27bc6c29ad8176,,,
4a82c2dd-9394-482d-975e-537814708d29,5907517809308,ean13,Hummus clásico,,,Alimentos,,,,unidad,,open_dataset,unverified,0.70,open-food-facts-csv:2026-09-08:sha256=f72687ee8bc6522054fe69dbfda6b91902c16af1ec2e043cde27bc6c29ad8176,,,
2e96d2fe-a853-4e2b-9009-3eaea6921353,7024777112929,ean13,Kumis Algarra,Algarra,,Alimentos,,,,unidad,,open_dataset,unverified,0.70,open-food-facts-csv:2026-09-08:sha256=f72687ee8bc6522054fe69dbfda6b91902c16af1ec2e043cde27bc6c29ad8176,,,
b130dbac-6d29-4832-9db3-f277b01063bf,7101307968581,ean13,Comarrico Macarrón Queso,Comarrico,,Alimentos,,,,unidad,,open_dataset,unverified,0.70,open-food-facts-csv:2026-09-08:sha256=f72687ee8bc6522054fe69dbfda6b91902c16af1ec2e043cde27bc6c29ad8176,,,
23a520d5-37fa-4a81-9a21-a3b9fe82b9bf,7102007218303,ean13,Chocolatina Jet,Compañia Nacional de Chocolates,,Snacks y confitería,,,,unidad,,open_dataset,unverified,0.70,open-food-facts-csv:2026-09-08:sha256=f72687ee8bc6522054fe69dbfda6b91902c16af1ec2e043cde27bc6c29ad8176,,,
827bcf28-6ae2-4c96-85bc-ed8e98ca7ecf,74227808,ean8,PIAZZA - FRESA,Colombina S.A,,Snacks y confitería,,,,unidad,,open_dataset,unverified,0.70,open-food-facts-csv:2026-09-08:sha256=f72687ee8bc6522054fe69dbfda6b91902c16af1ec2e043cde27bc6c29ad8176,,,
9c686346-a12a-4688-b0be-606be8177e8b,7441001609893,ean13,Helado Lácteo Fresa,Dos Pinos,,Snacks y confitería,,,,unidad,,open_dataset,unverified,0.70,open-food-facts-csv:2026-09-08:sha256=f72687ee8bc6522054fe69dbfda6b91902c16af1ec2e043cde27bc6c29ad8176,,,
d69c0942-3729-4f92-b112-59ca3febb777,7500810001295,ean13,takis fuego,Takis,,Snacks y confitería,,,,unidad,,open_dataset,unverified,0.70,open-food-facts-csv:2026-09-08:sha256=f72687ee8bc6522054fe69dbfda6b91902c16af1ec2e043cde27bc6c29ad8176,,,
8f7e5970-6383-4141-abce-5ea5738e51b0,7500810001301,ean13,Takis Original,,,Snacks y confitería,,,,unidad,,open_dataset,unverified,0.70,open-food-facts-csv:2026-09-08:sha256=f72687ee8bc6522054fe69dbfda6b91902c16af1ec2e043cde27bc6c29ad8176,,,
9d8c40c2-0f2d-4ab2-b401-8cdf518366e3,7501006559002,ean13,ACT II sabor Natural,ACT II,,Snacks y confitería,,,,unidad,,open_dataset,unverified,0.70,open-food-facts-csv:2026-09-08:sha256=f72687ee8bc6522054fe69dbfda6b91902c16af1ec2e043cde27bc6c29ad8176,,,
6bc83316-2349-44ab-9483-9a8a55c1ff5f,7501006559026,ean13,Act II sabor Mantequilla Extra,Act II,,Snacks y confitería,,,,unidad,,open_dataset,unverified,0.70,open-food-facts-csv:2026-09-08:sha256=f72687ee8bc6522054fe69dbfda6b91902c16af1ec2e043cde27bc6c29ad8176,,,
8cd8b43c-87c0-4276-a271-5e478d90ca97,7501008012376,ean13,Choco Krispis Pops,"Choco Krispis,Kellogg's",,Alimentos,,,,unidad,,open_dataset,unverified,0.70,open-food-facts-csv:2026-09-08:sha256=f72687ee8bc6522054fe69dbfda6b91902c16af1ec2e043cde27bc6c29ad8176,,,
919bc3cd-1543-444f-ab09-eb364b04762a,7501008075364,ean13,Special K Finesse,Kellogs/Alpina,,Alimentos,,,,unidad,,open_dataset,unverified,0.70,open-food-facts-csv:2026-09-08:sha256=f72687ee8bc6522054fe69dbfda6b91902c16af1ec2e043cde27bc6c29ad8176,,,
a5c5c2d2-882c-4373-995b-c4762e41405f,7501058626424,ean13,Klim Deslactosado 1+,Nestlé,,Bebidas,,,,unidad,,open_dataset,unverified,0.70,open-food-facts-csv:2026-09-08:sha256=f72687ee8bc6522054fe69dbfda6b91902c16af1ec2e043cde27bc6c29ad8176,,,
eeee188c-240a-4d57-a8e6-7ded37c576f6,7501058637710,ean13,NAN OPTIPRO 2,"Optipro,NAN,Nestlé",,Bebidas,,,,unidad,,open_dataset,unverified,0.70,open-food-facts-csv:2026-09-08:sha256=f72687ee8bc6522054fe69dbfda6b91902c16af1ec2e043cde27bc6c29ad8176,,,
b62d0697-72b4-481e-a9a2-2f77ef309501,7501059275539,ean13,Capuchino clasico,"Nescafé,Nestlé",,Bebidas,,,,unidad,,open_dataset,unverified,0.70,open-food-facts-csv:2026-09-08:sha256=f72687ee8bc6522054fe69dbfda6b91902c16af1ec2e043cde27bc6c29ad8176,,,
44c10005-b67a-480d-89b6-c345c15b64f4,7501059284470,ean13,Cheerios miel,Nestle,,Alimentos,,,,unidad,,open_dataset,unverified,0.70,open-food-facts-csv:2026-09-08:sha256=f72687ee8bc6522054fe69dbfda6b91902c16af1ec2e043cde27bc6c29ad8176,,,
e3e07e84-2b86-480c-a065-e48aa8f7e137,7501639309821,ean13,Bebida de almendras GÜD Sin azúcar,GÜD,,Bebidas,,,,unidad,,open_dataset,unverified,0.70,open-food-facts-csv:2026-09-08:sha256=f72687ee8bc6522054fe69dbfda6b91902c16af1ec2e043cde27bc6c29ad8176,,,
86bbfd11-179b-4640-a140-3f1ad881f257,7501639309838,ean13,Güd Original,Güd,,Bebidas,,,,unidad,,open_dataset,unverified,0.70,open-food-facts-csv:2026-09-08:sha256=f72687ee8bc6522054fe69dbfda6b91902c16af1ec2e043cde27bc6c29ad8176,,,
b6b8d429-73ac-4223-9cd1-3bdd9b296881,7502246442376,ean13,Fire Kids Sandia,Dulces Karla,,Snacks y confitería,,,,unidad,,open_dataset,unverified,0.70,open-food-facts-csv:2026-09-08:sha256=f72687ee8bc6522054fe69dbfda6b91902c16af1ec2e043cde27bc6c29ad8176,,,
5ae82004-f79a-43fd-9190-ff3bb54aaf52,7502316493284,ean13,Suero Rehidratante,Electrolit,,Bebidas,,,,unidad,,open_dataset,unverified,0.70,open-food-facts-csv:2026-09-08:sha256=f72687ee8bc6522054fe69dbfda6b91902c16af1ec2e043cde27bc6c29ad8176,,,
57a8aabc-9350-4f04-802f-f9d200367830,75027988,ean8,Bon o Bon chocolate,,,Snacks y confitería,,,,unidad,,open_dataset,unverified,0.70,open-food-facts-csv:2026-09-08:sha256=f72687ee8bc6522054fe69dbfda6b91902c16af1ec2e043cde27bc6c29ad8176,,,
e705b5e0-d485-4655-b9aa-309f7583c3e9,7506105606053,ean13,Trident Menta,Trident,,Snacks y confitería,,,,unidad,,open_dataset,unverified,0.70,open-food-facts-csv:2026-09-08:sha256=f72687ee8bc6522054fe69dbfda6b91902c16af1ec2e043cde27bc6c29ad8176,,,
e7ec28a5-20e5-484a-afec-cbe333b11a0a,7506105606077,ean13,Trident Freshmint,Trident,,Snacks y confitería,,,,unidad,,open_dataset,unverified,0.70,open-food-facts-csv:2026-09-08:sha256=f72687ee8bc6522054fe69dbfda6b91902c16af1ec2e043cde27bc6c29ad8176,,,
019f1982-956a-4493-bfa0-5daa7dba6cf4,7590011151110,ean13,Oreo Original,"Nabisco,Oreo",,Snacks y confitería,,,,unidad,,open_dataset,unverified,0.70,open-food-facts-csv:2026-09-08:sha256=f72687ee8bc6522054fe69dbfda6b91902c16af1ec2e043cde27bc6c29ad8176,,,
c1129a81-81a3-4539-8446-f280d305932d,7590011251100,ean13,Oreo Original,Oreos,,Snacks y confitería,,,,unidad,,open_dataset,unverified,0.70,open-food-facts-csv:2026-09-08:sha256=f72687ee8bc6522054fe69dbfda6b91902c16af1ec2e043cde27bc6c29ad8176,,,
9c00dc2e-6864-41d5-a309-83df980a5d17,7613030979456,ean13,Chocapic,Nestlé,,Alimentos,,,,unidad,,open_dataset,unverified,0.70,open-food-facts-csv:2026-09-08:sha256=f72687ee8bc6522054fe69dbfda6b91902c16af1ec2e043cde27bc6c29ad8176,,,
58ce9bfe-cbf2-45a2-b9be-deddcf255e40,7613031154111,ean13,Nescafé Gold,"Nescafé,Gold,Nestlé",,Bebidas,,,,unidad,,open_dataset,unverified,0.70,open-food-facts-csv:2026-09-08:sha256=f72687ee8bc6522054fe69dbfda6b91902c16af1ec2e043cde27bc6c29ad8176,,,
09386c91-180c-4553-a910-0dae83f158dc,7613033972720,ean13,Nestum 5 Cereales,"Nestlé,Nestum",,Alimentos,,,,unidad,,open_dataset,unverified,0.70,open-food-facts-csv:2026-09-08:sha256=f72687ee8bc6522054fe69dbfda6b91902c16af1ec2e043cde27bc6c29ad8176,,,
d0623604-f222-486b-a832-4fc38fcd7f55,7613034648808,ean13,Chocapic,"Nestlé,Chocapic",,Alimentos,,,,unidad,,open_dataset,unverified,0.70,open-food-facts-csv:2026-09-08:sha256=f72687ee8bc6522054fe69dbfda6b91902c16af1ec2e043cde27bc6c29ad8176,,,
338bfb75-c203-4bb2-ae63-fcd052b9b27b,7613287354952,ean13,Trix conejitos con Marshmallows,"Nestlé,Trix",,Alimentos,,,,unidad,,open_dataset,unverified,0.70,open-food-facts-csv:2026-09-08:sha256=f72687ee8bc6522054fe69dbfda6b91902c16af1ec2e043cde27bc6c29ad8176,,,
16d9be05-0b2b-4e86-82b3-48ba90a4e3f4,7622201389895,ean13,RITZ Sandwich sabor a queso,Nabisco,,Snacks y confitería,,,,unidad,,open_dataset,unverified,0.70,open-food-facts-csv:2026-09-08:sha256=f72687ee8bc6522054fe69dbfda6b91902c16af1ec2e043cde27bc6c29ad8176,,,
5f0806ad-39f5-4ce0-8517-f9d4e7a4f456,7622201720063,ean13,Club Social Integral,Club Social,,Snacks y confitería,,,,unidad,,open_dataset,unverified,0.70,open-food-facts-csv:2026-09-08:sha256=f72687ee8bc6522054fe69dbfda6b91902c16af1ec2e043cde27bc6c29ad8176,,,
2a1e6210-6cbb-4888-8de3-824b6d2e79f7,7622201776459,ean13,Halls Limón y Miel,Halls,,Snacks y confitería,,,,unidad,,open_dataset,unverified,0.70,open-food-facts-csv:2026-09-08:sha256=f72687ee8bc6522054fe69dbfda6b91902c16af1ec2e043cde27bc6c29ad8176,,,
c249de31-1f30-4cc0-9ad7-24cfde77a9ca,7622201801229,ean13,Trident Splash Pepermint Swirl,Trident,,Snacks y confitería,,,,unidad,,open_dataset,unverified,0.70,open-food-facts-csv:2026-09-08:sha256=f72687ee8bc6522054fe69dbfda6b91902c16af1ec2e043cde27bc6c29ad8176,,,
8311dbca-f49a-44d0-ba45-9b8631e38c40,7622210427045,ean13,Cherry-Lyptus,Halls,,Snacks y confitería,,,,unidad,,open_dataset,unverified,0.70,open-food-facts-csv:2026-09-08:sha256=f72687ee8bc6522054fe69dbfda6b91902c16af1ec2e043cde27bc6c29ad8176,,,
fc42bf20-42f7-4706-b25d-a27ff99e97cd,7622210633842,ean13,Mini Oreo,"Nabisco,Oreo",,Snacks y confitería,,,,unidad,,open_dataset,unverified,0.70,open-food-facts-csv:2026-09-08:sha256=f72687ee8bc6522054fe69dbfda6b91902c16af1ec2e043cde27bc6c29ad8176,,,
c7b4d360-7e7c-4bda-8427-cdc9b8c8e65a,7622210666024,ean13,Club Social Integral con Linaza & Maca,"Nabisco,Club Social",,Snacks y confitería,,,,unidad,,open_dataset,unverified,0.70,open-food-facts-csv:2026-09-08:sha256=f72687ee8bc6522054fe69dbfda6b91902c16af1ec2e043cde27bc6c29ad8176,,,
691c4e14-0c16-42c7-8bac-3529712fb56c,7622210854209,ean13,Club Social Multicereales,"Nabisco,Club Social",,Snacks y confitería,,,,unidad,,open_dataset,unverified,0.70,open-food-facts-csv:2026-09-08:sha256=f72687ee8bc6522054fe69dbfda6b91902c16af1ec2e043cde27bc6c29ad8176,,,
46ffff1f-27d8-46d4-a167-740f3e161fca,7622300116521,ean13,Galletas RITZ,"Nabisco,Ritz",,Snacks y confitería,,,,unidad,,open_dataset,unverified,0.70,open-food-facts-csv:2026-09-08:sha256=f72687ee8bc6522054fe69dbfda6b91902c16af1ec2e043cde27bc6c29ad8176,,,
9e1930dc-2712-42c8-9b9d-ed537d0dd4fb,7622300117184,ean13,Hony Bran,Nabisco,,Snacks y confitería,,,,unidad,,open_dataset,unverified,0.70,open-food-facts-csv:2026-09-08:sha256=f72687ee8bc6522054fe69dbfda6b91902c16af1ec2e043cde27bc6c29ad8176,,,
9bad4193-2773-425d-bf00-593bf0d211a0,7622300117207,ean13,Hony Bran,"Hony Bran, Nabisco",,Snacks y confitería,,,,unidad,,open_dataset,unverified,0.70,open-food-facts-csv:2026-09-08:sha256=f72687ee8bc6522054fe69dbfda6b91902c16af1ec2e043cde27bc6c29ad8176,,,
ca9d5483-1ae2-4966-adfc-0316a2bab83c,7622300124526,ean13,RITZ Sandwitch sabor a Queso,"Ritz,Nabisco",,Snacks y confitería,,,,unidad,,open_dataset,unverified,0.70,open-food-facts-csv:2026-09-08:sha256=f72687ee8bc6522054fe69dbfda6b91902c16af1ec2e043cde27bc6c29ad8176,,,
46a68318-7bf0-4583-84c1-a7f08efa7509,7622300212230,ean13,Ritz,,,Snacks y confitería,,,,unidad,,open_dataset,unverified,0.70,open-food-facts-csv:2026-09-08:sha256=f72687ee8bc6522054fe69dbfda6b91902c16af1ec2e043cde27bc6c29ad8176,,,
fe4bf068-47db-4f2e-a989-e836b571c0c2,7622300258061,ean13,Club Social Queso,Nabisco,,Snacks y confitería,,,,unidad,,open_dataset,unverified,0.70,open-food-facts-csv:2026-09-08:sha256=f72687ee8bc6522054fe69dbfda6b91902c16af1ec2e043cde27bc6c29ad8176,,,
76da509b-3158-4f37-a577-16adb86c6638,7622300758943,ean13,Club Social Sabores,"Nabisco,Club Social",,Snacks y confitería,,,,unidad,,open_dataset,unverified,0.70,open-food-facts-csv:2026-09-08:sha256=f72687ee8bc6522054fe69dbfda6b91902c16af1ec2e043cde27bc6c29ad8176,,,
df5e465d-bb72-4b43-aab7-e2b6259b4b66,7700025002074,ean13,dulce de mora,castilla,,Alimentos,,,,unidad,,open_dataset,unverified,0.70,open-food-facts-csv:2026-09-08:sha256=f72687ee8bc6522054fe69dbfda6b91902c16af1ec2e043cde27bc6c29ad8176,,,
6c2f66a9-864c-46d9-98e0-743c54d47eae,7700304000906,ean13,Queso mozzarella en bloque,Latti,,Alimentos,,,,unidad,,open_dataset,unverified,0.70,open-food-facts-csv:2026-09-08:sha256=f72687ee8bc6522054fe69dbfda6b91902c16af1ec2e043cde27bc6c29ad8176,,,
cc91811a-8f80-40b0-9905-b334482adc44,7700304011285,ean13,cafe tradicional,viejo molino,,Bebidas,,,,unidad,,open_dataset,unverified,0.70,open-food-facts-csv:2026-09-08:sha256=f72687ee8bc6522054fe69dbfda6b91902c16af1ec2e043cde27bc6c29ad8176,,,
7b431d87-ebc7-43fc-89af-d88c7d42384a,7700304029631,ean13,Pan Tajado Multigranos,natri,,Alimentos,,,,unidad,,open_dataset,unverified,0.70,open-food-facts-csv:2026-09-08:sha256=f72687ee8bc6522054fe69dbfda6b91902c16af1ec2e043cde27bc6c29ad8176,,,
549ca6a2-9efa-4e38-8256-3609d28e437c,7700304067688,ean13,Maní con Pasas,Nuthos,,Snacks y confitería,,,,unidad,,open_dataset,unverified,0.70,open-food-facts-csv:2026-09-08:sha256=f72687ee8bc6522054fe69dbfda6b91902c16af1ec2e043cde27bc6c29ad8176,,,
82201bb9-3d5e-4372-8bd4-0ed43ecd6117,7700304070107,ean13,Tostadas de maíz,Natri,,Alimentos,,,,unidad,,open_dataset,unverified,0.70,open-food-facts-csv:2026-09-08:sha256=f72687ee8bc6522054fe69dbfda6b91902c16af1ec2e043cde27bc6c29ad8176,,,
dc8e6920-2f7d-44db-8b2f-dcf377d07b49,7700304070169,ean13,Latti Latti,PDL SA,,Bebidas,,,,unidad,,open_dataset,unverified,0.70,open-food-facts-csv:2026-09-08:sha256=f72687ee8bc6522054fe69dbfda6b91902c16af1ec2e043cde27bc6c29ad8176,,,
966832e8-c85a-462c-9e15-6d0f0e8b9367,7700304082513,ean13,Atún En Agua,Carlo Forte,,Alimentos,,,,unidad,,open_dataset,unverified,0.70,open-food-facts-csv:2026-09-08:sha256=f72687ee8bc6522054fe69dbfda6b91902c16af1ec2e043cde27bc6c29ad8176,,,
bb140e95-7078-4665-8bae-13fe768008f8,7700304084159,ean13,Latti Leche Semidescremada Deslactosada,Latti,,Bebidas,,,,unidad,,open_dataset,unverified,0.70,open-food-facts-csv:2026-09-08:sha256=f72687ee8bc6522054fe69dbfda6b91902c16af1ec2e043cde27bc6c29ad8176,,,
e69d0254-b328-4dcd-a1d3-9e53d3602543,7700304086481,ean13,SALSA DE TOMATE | SABOR ORIGINAL,ZEV,,Alimentos,,,,unidad,,open_dataset,unverified,0.70,open-food-facts-csv:2026-09-08:sha256=f72687ee8bc6522054fe69dbfda6b91902c16af1ec2e043cde27bc6c29ad8176,,,
6446fd2d-9863-42b5-bc2c-704a83cc23c5,7700304095032,ean13,White Crown Soda,,,Bebidas,,,,unidad,,open_dataset,unverified,0.70,open-food-facts-csv:2026-09-08:sha256=f72687ee8bc6522054fe69dbfda6b91902c16af1ec2e043cde27bc6c29ad8176,,,
f0ebd622-bc63-4b57-a00d-685ea245da7a,7700304105809,ean13,El Estío Premium,El Estío,,Alimentos,,,,unidad,,open_dataset,unverified,0.70,open-food-facts-csv:2026-09-08:sha256=f72687ee8bc6522054fe69dbfda6b91902c16af1ec2e043cde27bc6c29ad8176,,,
f5ebc4a5-bf14-4785-9012-1fab2a32d0f9,7700304109722,ean13,Queso Mozzarella en Tajadas,Latti,,Alimentos,,,,unidad,,open_dataset,unverified,0.70,open-food-facts-csv:2026-09-08:sha256=f72687ee8bc6522054fe69dbfda6b91902c16af1ec2e043cde27bc6c29ad8176,,,
3b68cd90-f804-4c5d-aec4-a0e28678a3b9,7700304112609,ean13,mayonesa,zev,,Alimentos,,,,unidad,,open_dataset,unverified,0.70,open-food-facts-csv:2026-09-08:sha256=f72687ee8bc6522054fe69dbfda6b91902c16af1ec2e043cde27bc6c29ad8176,,,
103aeebb-ad1b-4a1e-8666-88ed5a36fc12,7700304165162,ean13,Parmessan Chese,Latti,,Alimentos,,,,unidad,,open_dataset,unverified,0.70,open-food-facts-csv:2026-09-08:sha256=f72687ee8bc6522054fe69dbfda6b91902c16af1ec2e043cde27bc6c29ad8176,,,
be64f4bd-f5c0-47bb-b61f-739c40d33e75,7700304185368,ean13,Avena En Hojuelas,Fit Graan,,Alimentos,,,,unidad,,open_dataset,unverified,0.70,open-food-facts-csv:2026-09-08:sha256=f72687ee8bc6522054fe69dbfda6b91902c16af1ec2e043cde27bc6c29ad8176,,,
383e081c-9f2d-44cc-b720-293c2a373938,7700304189731,ean13,Imata Mezcla de aceites vegetales,Imata,,Alimentos,,,,unidad,,open_dataset,unverified,0.70,open-food-facts-csv:2026-09-08:sha256=f72687ee8bc6522054fe69dbfda6b91902c16af1ec2e043cde27bc6c29ad8176,,,
46ebb2c5-955d-4eeb-90fd-00234efe1811,7700304199686,ean13,Quesillo queso en tajadas,latti,,Alimentos,,,,unidad,,open_dataset,unverified,0.70,open-food-facts-csv:2026-09-08:sha256=f72687ee8bc6522054fe69dbfda6b91902c16af1ec2e043cde27bc6c29ad8176,,,
602cef5f-384c-4c5e-839f-0aa9706a8733,7700304202294,ean13,Bebida de almendtas,Natri,,Bebidas,,,,unidad,,open_dataset,unverified,0.70,open-food-facts-csv:2026-09-08:sha256=f72687ee8bc6522054fe69dbfda6b91902c16af1ec2e043cde27bc6c29ad8176,,,
3b5b6181-581c-4e38-b951-db15d8a70124,7700304205998,ean13,PARFAIT,,,Alimentos,,,,unidad,,open_dataset,unverified,0.70,open-food-facts-csv:2026-09-08:sha256=f72687ee8bc6522054fe69dbfda6b91902c16af1ec2e043cde27bc6c29ad8176,,,
9620f396-858b-494f-bbb2-241b672e0397,7700304229697,ean13,Latti Bebida Láctea Melocotón,Latti,,Alimentos,,,,unidad,,open_dataset,unverified,0.70,open-food-facts-csv:2026-09-08:sha256=f72687ee8bc6522054fe69dbfda6b91902c16af1ec2e043cde27bc6c29ad8176,,,
f3f4ca5e-a4e9-46d8-bc15-9bc7e3ee1017,7700304239436,ean13,Fit-Graan Cereal Granola de Frutos Rojos,Fit-Graan,,Alimentos,,,,unidad,,open_dataset,unverified,0.70,open-food-facts-csv:2026-09-08:sha256=f72687ee8bc6522054fe69dbfda6b91902c16af1ec2e043cde27bc6c29ad8176,,,
6aad9f1f-6246-44be-a87a-c785bcc07cde,7700304249718,ean13,Queso Sabanero en Tajadas,Latti,,Alimentos,,,,unidad,,open_dataset,unverified,0.70,open-food-facts-csv:2026-09-08:sha256=f72687ee8bc6522054fe69dbfda6b91902c16af1ec2e043cde27bc6c29ad8176,,,
3a4cef12-4e55-4521-b1de-d55261859ef6,7700304265374,ean13,Fit graan,D1,,Bebidas,,,,unidad,,open_dataset,unverified,0.70,open-food-facts-csv:2026-09-08:sha256=f72687ee8bc6522054fe69dbfda6b91902c16af1ec2e043cde27bc6c29ad8176,,,
72318599-69d9-4745-8aeb-65f3dba5bd79,7700304275687,ean13,Queso Mozzarella en Tajadas,,,Alimentos,,,,unidad,,open_dataset,unverified,0.70,open-food-facts-csv:2026-09-08:sha256=f72687ee8bc6522054fe69dbfda6b91902c16af1ec2e043cde27bc6c29ad8176,,,
469e21ed-4419-440a-b071-69ee2d590fc3,7700304281770,ean13,Carlo Forte conservas de pescado en salsa de tomate,Sardinas del Pacífico SARDIPAC S.A.,,Alimentos,,,,unidad,,open_dataset,unverified,0.70,open-food-facts-csv:2026-09-08:sha256=f72687ee8bc6522054fe69dbfda6b91902c16af1ec2e043cde27bc6c29ad8176,,,
54d3a700-7313-47de-bb50-871200595f72,7700304289882,ean13,Queso Reducido en Grasa Latti,Vita Latti,,Alimentos,,,,unidad,,open_dataset,unverified,0.70,open-food-facts-csv:2026-09-08:sha256=f72687ee8bc6522054fe69dbfda6b91902c16af1ec2e043cde27bc6c29ad8176,,,
1f09dd0c-db52-41e3-a937-12c9ef5fbea0,7700304297245,ean13,latti leche semidescremada,,,Bebidas,,,,unidad,,open_dataset,unverified,0.70,open-food-facts-csv:2026-09-08:sha256=f72687ee8bc6522054fe69dbfda6b91902c16af1ec2e043cde27bc6c29ad8176,,,
545309c1-115a-4ab5-b0d8-46c881e9a7d1,7700304336289,ean13,Vitta Latti Descremado Light Melocotón,Latti,,Alimentos,,,,unidad,,open_dataset,unverified,0.70,open-food-facts-csv:2026-09-08:sha256=f72687ee8bc6522054fe69dbfda6b91902c16af1ec2e043cde27bc6c29ad8176,,,
9b1ee9e1-4e6a-499a-8675-3f7ecae32af0,7700304349395,ean13,Mayochipotle,Mash,,Alimentos,,,,unidad,,open_dataset,unverified,0.70,open-food-facts-csv:2026-09-08:sha256=f72687ee8bc6522054fe69dbfda6b91902c16af1ec2e043cde27bc6c29ad8176,,,
75cb03b8-fb95-4e28-b871-d0f9dd0efa53,7700304356058,ean13,Proteina De Banano,natri,,Bebidas,,,,unidad,,open_dataset,unverified,0.70,open-food-facts-csv:2026-09-08:sha256=f72687ee8bc6522054fe69dbfda6b91902c16af1ec2e043cde27bc6c29ad8176,,,
018b2cf1-eea2-45e6-8cef-daa8dd069bdd,7700304360604,ean13,Atún rallado - El Navío,El Navío,,Alimentos,,,,unidad,,open_dataset,unverified,0.70,open-food-facts-csv:2026-09-08:sha256=f72687ee8bc6522054fe69dbfda6b91902c16af1ec2e043cde27bc6c29ad8176,,,
edc39f7a-8474-4bf8-9557-0767a1c780fb,7700304364725,ean13,Te helado frutos rojos,Eistee,,Bebidas,,,,unidad,,open_dataset,unverified,0.70,open-food-facts-csv:2026-09-08:sha256=f72687ee8bc6522054fe69dbfda6b91902c16af1ec2e043cde27bc6c29ad8176,,,
650eca49-8411-4507-9662-eb20f465588f,7700304375318,ean13,Arroz,albar,,Alimentos,,,,unidad,,open_dataset,unverified,0.70,open-food-facts-csv:2026-09-08:sha256=f72687ee8bc6522054fe69dbfda6b91902c16af1ec2e043cde27bc6c29ad8176,,,
38d94bdf-d762-4727-a5e5-d15b6aa0b376,7700304378074,ean13,Latti Crema de Leche,Latti,,Alimentos,,,,unidad,,open_dataset,unverified,0.70,open-food-facts-csv:2026-09-08:sha256=f72687ee8bc6522054fe69dbfda6b91902c16af1ec2e043cde27bc6c29ad8176,,,
5883156c-3da8-4d0c-aed8-b377646da1e9,7700304379989,ean13,Whole Milk,Latti,,Bebidas,,,,unidad,,open_dataset,unverified,0.70,open-food-facts-csv:2026-09-08:sha256=f72687ee8bc6522054fe69dbfda6b91902c16af1ec2e043cde27bc6c29ad8176,,,
cf6051fc-995a-4d96-a596-27e0a8371367,7700304387687,ean13,Mostaza,Zev,,Alimentos,,,,unidad,,open_dataset,unverified,0.70,open-food-facts-csv:2026-09-08:sha256=f72687ee8bc6522054fe69dbfda6b91902c16af1ec2e043cde27bc6c29ad8176,,,
51fbab26-6655-4d03-9765-a0203ddc478a,7700304396139,ean13,BEBETO BERRIES,MEYVE SULU FRUIT JUICE,,Snacks y confitería,,,,unidad,,open_dataset,unverified,0.70,open-food-facts-csv:2026-09-08:sha256=f72687ee8bc6522054fe69dbfda6b91902c16af1ec2e043cde27bc6c29ad8176,,,
c1b0cd87-0e98-49ff-bf78-4823a8906abd,7700304407965,ean13,Vita Latti Yogurt Descremado Light en Calorías,Latti,,Alimentos,,,,unidad,,open_dataset,unverified,0.70,open-food-facts-csv:2026-09-08:sha256=f72687ee8bc6522054fe69dbfda6b91902c16af1ec2e043cde27bc6c29ad8176,,,
3dbf61b4-bddc-4044-a127-49c8629e1da8,7700304422920,ean13,Jugo de naranja,,,Bebidas,,,,unidad,,open_dataset,unverified,0.70,open-food-facts-csv:2026-09-08:sha256=f72687ee8bc6522054fe69dbfda6b91902c16af1ec2e043cde27bc6c29ad8176,,,
8b63fdf2-6669-43d5-a5ac-ecc8fbbf1f35,7700304471683,ean13,Salsa barbecue,MASH,,Alimentos,,,,unidad,,open_dataset,unverified,0.70,open-food-facts-csv:2026-09-08:sha256=f72687ee8bc6522054fe69dbfda6b91902c16af1ec2e043cde27bc6c29ad8176,,,
dcb14469-1b0f-47b9-b1fb-35aa843317e5,7700304472123,ean13,Mini Chocohorneaditos,Horneaditos,,Snacks y confitería,,,,unidad,,open_dataset,unverified,0.70,open-food-facts-csv:2026-09-08:sha256=f72687ee8bc6522054fe69dbfda6b91902c16af1ec2e043cde27bc6c29ad8176,,,
47be9b93-3e9c-4f62-aff4-89dad1a617f6,7700304483266,ean13,Tortillas de harina de trigo integral,natri,,Alimentos,,,,unidad,,open_dataset,unverified,0.70,open-food-facts-csv:2026-09-08:sha256=f72687ee8bc6522054fe69dbfda6b91902c16af1ec2e043cde27bc6c29ad8176,,,
1d421c33-5d08-41ef-af78-fa38d2b65b79,7700304490134,ean13,Parfait Yogurt Griego + Granola,latti,,Alimentos,,,,unidad,,open_dataset,unverified,0.70,open-food-facts-csv:2026-09-08:sha256=f72687ee8bc6522054fe69dbfda6b91902c16af1ec2e043cde27bc6c29ad8176,,,
a847c125-fa38-4029-a30e-4a8123694a5c,7700304530601,ean13,Barquillos Rellenos De Crema De Vainilla,Nuzart,,Snacks y confitería,,,,unidad,,open_dataset,unverified,0.70,open-food-facts-csv:2026-09-08:sha256=f72687ee8bc6522054fe69dbfda6b91902c16af1ec2e043cde27bc6c29ad8176,,,
ab169d0a-2826-455e-9704-dbca60040163,7700304530724,ean13,Vinagre Balsámico De Modena,Deliziare,,Alimentos,,,,unidad,,open_dataset,unverified,0.70,open-food-facts-csv:2026-09-08:sha256=f72687ee8bc6522054fe69dbfda6b91902c16af1ec2e043cde27bc6c29ad8176,,,
d4d93828-3eb4-4e92-9307-034aa79cd3e4,7700304535392,ean13,Mezcla de frutos secos Midday Sun,Natri,,Snacks y confitería,,,,unidad,,open_dataset,unverified,0.70,open-food-facts-csv:2026-09-08:sha256=f72687ee8bc6522054fe69dbfda6b91902c16af1ec2e043cde27bc6c29ad8176,,,
5692bb4e-ff8e-4202-9624-76203d12ae9a,7700304538645,ean13,Yogurt bio defense,Latti,,Alimentos,,,,unidad,,open_dataset,unverified,0.70,open-food-facts-csv:2026-09-08:sha256=f72687ee8bc6522054fe69dbfda6b91902c16af1ec2e043cde27bc6c29ad8176,,,
98c352e7-4b83-498f-89bb-6427b5c34899,7700304562879,ean13,Agua Saborizada OMI,OMI,,Bebidas,,,,unidad,,open_dataset,unverified,0.70,open-food-facts-csv:2026-09-08:sha256=f72687ee8bc6522054fe69dbfda6b91902c16af1ec2e043cde27bc6c29ad8176,,,
764ef394-25c5-47c4-9686-3fd1fb0a82a1,7700304573622,ean13,Bebidas de Almendras Sin Azúcar Añadida,Natri,,Bebidas,,,,unidad,,open_dataset,unverified,0.70,open-food-facts-csv:2026-09-08:sha256=f72687ee8bc6522054fe69dbfda6b91902c16af1ec2e043cde27bc6c29ad8176,,,
efd8bf5c-13f5-48b6-8699-20003fdd56ad,7700304582914,ean13,Queso Crema,latti,,Alimentos,,,,unidad,,open_dataset,unverified,0.70,open-food-facts-csv:2026-09-08:sha256=f72687ee8bc6522054fe69dbfda6b91902c16af1ec2e043cde27bc6c29ad8176,,,
4da614d0-7c1c-4bb8-9c43-f695a4fc467d,7700304627561,ean13,Vita Latti Yogurt Griego Entero Natural,VitaLatti,,Alimentos,,,,unidad,,open_dataset,unverified,0.70,open-food-facts-csv:2026-09-08:sha256=f72687ee8bc6522054fe69dbfda6b91902c16af1ec2e043cde27bc6c29ad8176,,,
8aae9a09-d6eb-47b0-ad50-dfd91432b1bf,7700304640843,ean13,Spaguetti,Deliziare,,Alimentos,,,,unidad,,open_dataset,unverified,0.70,open-food-facts-csv:2026-09-08:sha256=f72687ee8bc6522054fe69dbfda6b91902c16af1ec2e043cde27bc6c29ad8176,,,
cb562ed2-8df9-4b57-822c-a4eb87c3387e,7700304646586,ean13,Crema de mani,D1,,Alimentos,,,,unidad,,open_dataset,unverified,0.70,open-food-facts-csv:2026-09-08:sha256=f72687ee8bc6522054fe69dbfda6b91902c16af1ec2e043cde27bc6c29ad8176,,,
ce8c2dec-fdb2-40e6-90a9-a845e05b5228,7700304652532,ean13,Natri Expandidos de Maíz y Quinoa Sabor a Finas Hierbas,Natri,,Snacks y confitería,,,,unidad,,open_dataset,unverified,0.70,open-food-facts-csv:2026-09-08:sha256=f72687ee8bc6522054fe69dbfda6b91902c16af1ec2e043cde27bc6c29ad8176,,,
047c15a9-d036-494c-94b5-492817e8b753,7700304666058,ean13,Bebidas almendras,Almondee,,Bebidas,,,,unidad,,open_dataset,unverified,0.70,open-food-facts-csv:2026-09-08:sha256=f72687ee8bc6522054fe69dbfda6b91902c16af1ec2e043cde27bc6c29ad8176,,,
7d5cf07b-bca7-45c6-9c09-e3083ed250b4,7700304708017,ean13,Topping Mediterraneo,natri,,Alimentos,,,,unidad,,open_dataset,unverified,0.70,open-food-facts-csv:2026-09-08:sha256=f72687ee8bc6522054fe69dbfda6b91902c16af1ec2e043cde27bc6c29ad8176,,,
61e96122-da97-410e-b4ea-874f18d9e5f6,7700304711130,ean13,Ghee,D1,,Alimentos,,,,unidad,,open_dataset,unverified,0.70,open-food-facts-csv:2026-09-08:sha256=f72687ee8bc6522054fe69dbfda6b91902c16af1ec2e043cde27bc6c29ad8176,,,
e2bc5fa4-963a-4fcc-991d-148b39cc8579,7700304716753,ean13,Vita Latti Yogurt Descremado Melocotón,Latti,,Alimentos,,,,unidad,,open_dataset,unverified,0.70,open-food-facts-csv:2026-09-08:sha256=f72687ee8bc6522054fe69dbfda6b91902c16af1ec2e043cde27bc6c29ad8176,,,
e8db9f65-1a92-4553-bd77-f7e50f769284,7700304740529,ean13,Cereal Granola de Frutos Rojos,FIT GRAAN,,Alimentos,,,,unidad,,open_dataset,unverified,0.70,open-food-facts-csv:2026-09-08:sha256=f72687ee8bc6522054fe69dbfda6b91902c16af1ec2e043cde27bc6c29ad8176,,,
b8ad5efd-c032-41a7-8c83-d7dfb526f4f4,7700304750788,ean13,Mezcla crunchy,Nuthos,,Alimentos,,,,unidad,,open_dataset,unverified,0.70,open-food-facts-csv:2026-09-08:sha256=f72687ee8bc6522054fe69dbfda6b91902c16af1ec2e043cde27bc6c29ad8176,,,
916ab892-d131-4355-8b83-b2e83b875d21,7700304751891,ean13,Latti Leche Descremada 0 Grasa,Latti,,Bebidas,,,,unidad,,open_dataset,unverified,0.70,open-food-facts-csv:2026-09-08:sha256=f72687ee8bc6522054fe69dbfda6b91902c16af1ec2e043cde27bc6c29ad8176,,,
91753cdd-91a6-487d-844f-20bdc4328c95,7700304787951,ean13,Atún Aceite Oliva D1,Carlo Forte,,Alimentos,,,,unidad,,open_dataset,unverified,0.70,open-food-facts-csv:2026-09-08:sha256=f72687ee8bc6522054fe69dbfda6b91902c16af1ec2e043cde27bc6c29ad8176,,,
332e1f5b-88ac-4aa4-9035-af6e88f38ffe,7700304802609,ean13,Hojuelas integrales precocida de avena,FIT GRAAN,,Alimentos,,,,unidad,,open_dataset,unverified,0.70,open-food-facts-csv:2026-09-08:sha256=f72687ee8bc6522054fe69dbfda6b91902c16af1ec2e043cde27bc6c29ad8176,,,
e362a4f9-1d04-40b0-8889-b9a8bc8e1443,7700304814640,ean13,CRÖKAN Galletas Integrales con Avena | Uvas y Ciruelas Pasas,"Koba Colombia,Crökan",,Snacks y confitería,,,,unidad,,open_dataset,unverified,0.70,open-food-facts-csv:2026-09-08:sha256=f72687ee8bc6522054fe69dbfda6b91902c16af1ec2e043cde27bc6c29ad8176,,,
421cec58-b98a-4934-9765-3093fe4a8e46,7700304817573,ean13,7700304817573,,,Bebidas,,,,unidad,,open_dataset,unverified,0.70,open-food-facts-csv:2026-09-08:sha256=f72687ee8bc6522054fe69dbfda6b91902c16af1ec2e043cde27bc6c29ad8176,,,
a0744f95-51d4-4a48-b018-faead997a6ee,7700304853724,ean13,Onditas Sabor Mayonesa,Kythos,,Snacks y confitería,,,,unidad,,open_dataset,unverified,0.70,open-food-facts-csv:2026-09-08:sha256=f72687ee8bc6522054fe69dbfda6b91902c16af1ec2e043cde27bc6c29ad8176,,,
eb37fc03-58a8-45cf-913d-696eb12d9765,7700304881031,ean13,Barquillos de Chocolate. Galletas wafferr,Nuzzart,,Snacks y confitería,,,,unidad,,open_dataset,unverified,0.70,open-food-facts-csv:2026-09-08:sha256=f72687ee8bc6522054fe69dbfda6b91902c16af1ec2e043cde27bc6c29ad8176,,,
6aeea4d5-d740-497f-b747-2ad85644c441,7700304886708,ean13,Tostadas Multicereales,natri,,Alimentos,,,,unidad,,open_dataset,unverified,0.70,open-food-facts-csv:2026-09-08:sha256=f72687ee8bc6522054fe69dbfda6b91902c16af1ec2e043cde27bc6c29ad8176,,,
0f3a082c-5c01-4e30-88bb-3fb0eda6a3f1,7700304905539,ean13,Palito con queso,,,Snacks y confitería,,,,unidad,,open_dataset,unverified,0.70,open-food-facts-csv:2026-09-08:sha256=f72687ee8bc6522054fe69dbfda6b91902c16af1ec2e043cde27bc6c29ad8176,,,
4f54ead0-cd0f-4ff8-989b-fff012d931e0,7700304942213,ean13,Kythos Sabor a Limón,Kythos,,Snacks y confitería,,,,unidad,,open_dataset,unverified,0.70,open-food-facts-csv:2026-09-08:sha256=f72687ee8bc6522054fe69dbfda6b91902c16af1ec2e043cde27bc6c29ad8176,,,
19977427-bab1-4f73-bb02-ed02c8140483,7700304944446,ean13,Nuthos Maíz Gigante del Cusco,Nuthos,,Alimentos,,,,unidad,,open_dataset,unverified,0.70,open-food-facts-csv:2026-09-08:sha256=f72687ee8bc6522054fe69dbfda6b91902c16af1ec2e043cde27bc6c29ad8176,,,
efb4d924-c1e1-4c17-acb2-01c81a95056f,7700304986682,ean13,Crökan Frutos Rojos,Crökan,,Snacks y confitería,,,,unidad,,open_dataset,unverified,0.70,open-food-facts-csv:2026-09-08:sha256=f72687ee8bc6522054fe69dbfda6b91902c16af1ec2e043cde27bc6c29ad8176,,,
17faf4db-0c47-45ea-a862-14e04c0b66db,7700304989812,ean13,Fit-Graan Cereal de Maíz y Quinoa Sabor a Miel,Fit-Graan,,Alimentos,,,,unidad,,open_dataset,unverified,0.70,open-food-facts-csv:2026-09-08:sha256=f72687ee8bc6522054fe69dbfda6b91902c16af1ec2e043cde27bc6c29ad8176,,,
64940900-5954-4bff-bda3-41be912309a0,7700304999866,ean13,"Yogurt Griego Entero, Sin Dulce",Vitalatti,,Alimentos,,,,unidad,,open_dataset,unverified,0.70,open-food-facts-csv:2026-09-08:sha256=f72687ee8bc6522054fe69dbfda6b91902c16af1ec2e043cde27bc6c29ad8176,,,
68752f38-8bef-4500-9c81-5d765808794c,7700540998531,ean13,Latti Latti Fresa,Latti,,Alimentos,,,,unidad,,open_dataset,unverified,0.70,open-food-facts-csv:2026-09-08:sha256=f72687ee8bc6522054fe69dbfda6b91902c16af1ec2e043cde27bc6c29ad8176,,,
9c4a8c4b-5497-49f9-af3d-b23e968c7ac0,7700591060546,ean13,Chipsy z plantana solone,turbana,,Snacks y confitería,,,,unidad,,open_dataset,unverified,0.70,open-food-facts-csv:2026-09-08:sha256=f72687ee8bc6522054fe69dbfda6b91902c16af1ec2e043cde27bc6c29ad8176,,,
6e1ae2e0-0dc7-4738-bb6f-2f65c0130a29,7700591062137,ean13,Turbana Chips de Plátano Con Sal,Turbana,,Snacks y confitería,,,,unidad,,open_dataset,unverified,0.70,open-food-facts-csv:2026-09-08:sha256=f72687ee8bc6522054fe69dbfda6b91902c16af1ec2e043cde27bc6c29ad8176,,,
92365320-f484-445d-9519-5145f1ee0155,7700591070101,ean13,Turbanana,Turbana,,Alimentos,,,,unidad,,open_dataset,unverified,0.70,open-food-facts-csv:2026-09-08:sha256=f72687ee8bc6522054fe69dbfda6b91902c16af1ec2e043cde27bc6c29ad8176,,,
8736917b-2a4e-46af-a6eb-c3205744bea9,7700591593006,ean13,Chips de plátano maduro con sal marina,Turbana,,Snacks y confitería,,,,unidad,,open_dataset,unverified,0.70,open-food-facts-csv:2026-09-08:sha256=f72687ee8bc6522054fe69dbfda6b91902c16af1ec2e043cde27bc6c29ad8176,,,
103a9704-d011-4f90-ad7a-80ecef6feada,7700600372493,ean13,Lattu,Alimentos del valle,,Bebidas,,,,unidad,,open_dataset,unverified,0.70,open-food-facts-csv:2026-09-08:sha256=f72687ee8bc6522054fe69dbfda6b91902c16af1ec2e043cde27bc6c29ad8176,,,
76638e4d-0524-411b-8751-f29acdd5fcce,7700604039767,ean13,"Alimento lácteo fermentado, con dulce, con salsa sabor a melocotón",parmalat,,Bebidas,,,,unidad,,open_dataset,unverified,0.70,open-food-facts-csv:2026-09-08:sha256=f72687ee8bc6522054fe69dbfda6b91902c16af1ec2e043cde27bc6c29ad8176,,,
0a6ff68d-be42-4e5f-897e-f6bab022903a,7700604042842,ean13,Leche Semidescremada Deslactosada Parmalat,Parmalat,,Bebidas,,,,unidad,,open_dataset,unverified,0.70,open-food-facts-csv:2026-09-08:sha256=f72687ee8bc6522054fe69dbfda6b91902c16af1ec2e043cde27bc6c29ad8176,,,
bce95699-0283-4721-b2ba-345e63e42065,7700604049223,ean13,Leche Entera,Parmalat,,Bebidas,,,,unidad,,open_dataset,unverified,0.70,open-food-facts-csv:2026-09-08:sha256=f72687ee8bc6522054fe69dbfda6b91902c16af1ec2e043cde27bc6c29ad8176,,,
a4313d19-1f3d-437d-a6b9-a04bf6ad3c09,7700604051851,ean13,Yogur Manzana Verde,,,Alimentos,,,,unidad,,open_dataset,unverified,0.70,open-food-facts-csv:2026-09-08:sha256=f72687ee8bc6522054fe69dbfda6b91902c16af1ec2e043cde27bc6c29ad8176,,,
f4c10d72-a80b-43b8-b898-a5cff35299ba,7700618020454,ean13,Alamar Atún Rallado en Agua,Grupo Alimenticio del Atlántico,,Alimentos,,,,unidad,,open_dataset,unverified,0.70,open-food-facts-csv:2026-09-08:sha256=f72687ee8bc6522054fe69dbfda6b91902c16af1ec2e043cde27bc6c29ad8176,,,
af4c3069-3edc-4d09-9d2f-1cf636aa4231,7700619980207,ean13,Jamón de pavo Casablanca S.A.,Casablanca S.A.,,Alimentos,,,,unidad,,open_dataset,unverified,0.70,open-food-facts-csv:2026-09-08:sha256=f72687ee8bc6522054fe69dbfda6b91902c16af1ec2e043cde27bc6c29ad8176,,,
485e9b56-469a-434d-a0b3-4bfe3344f6b3,7700798036139,ean13,Arroz Excelso,Pinillar,,Alimentos,,,,unidad,,open_dataset,unverified,0.70,open-food-facts-csv:2026-09-08:sha256=f72687ee8bc6522054fe69dbfda6b91902c16af1ec2e043cde27bc6c29ad8176,,,
d49b0846-c91d-443b-aa7b-d42f2a4a3b4c,7700798036849,ean13,arros valle grande,valle Grande,,Alimentos,,,,unidad,,open_dataset,unverified,0.70,open-food-facts-csv:2026-09-08:sha256=f72687ee8bc6522054fe69dbfda6b91902c16af1ec2e043cde27bc6c29ad8176,,,
73214efa-0192-40ee-9f15-31682dd41118,7701001071091,ean13,Taeq Arroz Integral,Taeq,,Alimentos,,,,unidad,,open_dataset,unverified,0.70,open-food-facts-csv:2026-09-08:sha256=f72687ee8bc6522054fe69dbfda6b91902c16af1ec2e043cde27bc6c29ad8176,,,
96c546fc-ebf3-47d0-bf16-6d0b84e448c6,7701001079240,ean13,Leche Entera,Éxito,,Bebidas,,,,unidad,,open_dataset,unverified,0.70,open-food-facts-csv:2026-09-08:sha256=f72687ee8bc6522054fe69dbfda6b91902c16af1ec2e043cde27bc6c29ad8176,,,
64857792-98e1-4962-b6f5-f7dbf19c68c8,7701001079264,ean13,leche semidescremada y deslactosada,Exito,,Bebidas,,,,unidad,,open_dataset,unverified,0.70,open-food-facts-csv:2026-09-08:sha256=f72687ee8bc6522054fe69dbfda6b91902c16af1ec2e043cde27bc6c29ad8176,,,
ef30b827-8168-43a8-af4b-ce0023f48fd1,7701001079639,ean13,Agua Con Gas,Éxito,,Bebidas,,,,unidad,,open_dataset,unverified,0.70,open-food-facts-csv:2026-09-08:sha256=f72687ee8bc6522054fe69dbfda6b91902c16af1ec2e043cde27bc6c29ad8176,,,
767ce1c5-30e5-4801-bc26-c84a7f245d4a,7701001088679,ean13,Taeq aceite de oliva extravirgen,Taeq,,Alimentos,,,,unidad,,open_dataset,unverified,0.70,open-food-facts-csv:2026-09-08:sha256=f72687ee8bc6522054fe69dbfda6b91902c16af1ec2e043cde27bc6c29ad8176,,,
a6132e97-544a-4b8e-92a1-c1629bf516c6,7701001090221,ean13,Lomitos de Atún en Agua,Taeq,,Alimentos,,,,unidad,,open_dataset,unverified,0.70,open-food-facts-csv:2026-09-08:sha256=f72687ee8bc6522054fe69dbfda6b91902c16af1ec2e043cde27bc6c29ad8176,,,
a4bf602f-b8a3-4ae7-8e96-9c99615a7d00,7701001092515,ean13,Corn Flakes,Carulla,,Alimentos,,,,unidad,,open_dataset,unverified,0.70,open-food-facts-csv:2026-09-08:sha256=f72687ee8bc6522054fe69dbfda6b91902c16af1ec2e043cde27bc6c29ad8176,,,
329fa93b-2b4e-488d-a786-b5552c921c96,7701001093086,ean13,Éxito Granola Coco,,,Alimentos,,,,unidad,,open_dataset,unverified,0.70,open-food-facts-csv:2026-09-08:sha256=f72687ee8bc6522054fe69dbfda6b91902c16af1ec2e043cde27bc6c29ad8176,,,
0a04681b-07cc-491e-b54a-eb13d937ea83,7701001097459,ean13,Margarina de Soya con Sal,Éxito,,Alimentos,,,,unidad,,open_dataset,unverified,0.70,open-food-facts-csv:2026-09-08:sha256=f72687ee8bc6522054fe69dbfda6b91902c16af1ec2e043cde27bc6c29ad8176,,,
ded9f986-b719-4a7b-ad0d-75cb98e0eec4,7701001642390,ean13,Galletas wafer vainilla,Taeq,,Snacks y confitería,,,,unidad,,open_dataset,unverified,0.70,open-food-facts-csv:2026-09-08:sha256=f72687ee8bc6522054fe69dbfda6b91902c16af1ec2e043cde27bc6c29ad8176,,,
ceeee5a4-fa3f-4386-aef9-3dd6285090cf,7701001648439,ean13,queso mozzarela tajado,exito,,Alimentos,,,,unidad,,open_dataset,unverified,0.70,open-food-facts-csv:2026-09-08:sha256=f72687ee8bc6522054fe69dbfda6b91902c16af1ec2e043cde27bc6c29ad8176,,,
5b9743f2-667d-4ec3-ac8f-0c150f07a2d5,7701001652979,ean13,Taeq Cuadritos de Avena,Éxito,,Alimentos,,,,unidad,,open_dataset,unverified,0.70,open-food-facts-csv:2026-09-08:sha256=f72687ee8bc6522054fe69dbfda6b91902c16af1ec2e043cde27bc6c29ad8176,,,
59d1a64b-a957-45a7-9ec0-4804c7d27466,7701001661414,ean13,Pan Artesanal,Éxito,,Alimentos,,,,unidad,,open_dataset,unverified,0.70,open-food-facts-csv:2026-09-08:sha256=f72687ee8bc6522054fe69dbfda6b91902c16af1ec2e043cde27bc6c29ad8176,,,
0b5f19bc-e38f-437d-b509-9ec156f36258,7701001662244,ean13,Taeq Pasta Multicereal Sedani,Éxito,,Alimentos,,,,unidad,,open_dataset,unverified,0.70,open-food-facts-csv:2026-09-08:sha256=f72687ee8bc6522054fe69dbfda6b91902c16af1ec2e043cde27bc6c29ad8176,,,
af0d13d0-7680-43d2-8f8e-c1c14031fe23,7701001682495,ean13,yogurt light en calorias,taeq,,Alimentos,,,,unidad,,open_dataset,unverified,0.70,open-food-facts-csv:2026-09-08:sha256=f72687ee8bc6522054fe69dbfda6b91902c16af1ec2e043cde27bc6c29ad8176,,,
a6edbfdf-a728-4425-aaaf-a3d64480ee92,7701001687995,ean13,Taeq Crema de Maní,Éxito,,Alimentos,,,,unidad,,open_dataset,unverified,0.70,open-food-facts-csv:2026-09-08:sha256=f72687ee8bc6522054fe69dbfda6b91902c16af1ec2e043cde27bc6c29ad8176,,,
de6c2126-9c99-4dea-8ca3-e0248445cae5,7701001736419,ean13,Tortillas Integrales,Taeq,,Alimentos,,,,unidad,,open_dataset,unverified,0.70,open-food-facts-csv:2026-09-08:sha256=f72687ee8bc6522054fe69dbfda6b91902c16af1ec2e043cde27bc6c29ad8176,,,
a28cd646-27d1-49ab-8f90-7f9fcf95463d,7701001767963,ean13,Papitas de limón,Frescampo,,Alimentos,,,,unidad,,open_dataset,unverified,0.70,open-food-facts-csv:2026-09-08:sha256=f72687ee8bc6522054fe69dbfda6b91902c16af1ec2e043cde27bc6c29ad8176,,,
1d570d8f-dbde-4a7c-a576-650ff72544d8,7701001768489,ean13,Maicitos Dulces,Frescampo,,Alimentos,,,,unidad,,open_dataset,unverified,0.70,open-food-facts-csv:2026-09-08:sha256=f72687ee8bc6522054fe69dbfda6b91902c16af1ec2e043cde27bc6c29ad8176,,,
70eccba7-dae5-47f8-91d0-b2d16cdf87a8,7701001773551,ean13,bebida de almendras,Taeq,,Bebidas,,,,unidad,,open_dataset,unverified,0.70,open-food-facts-csv:2026-09-08:sha256=f72687ee8bc6522054fe69dbfda6b91902c16af1ec2e043cde27bc6c29ad8176,,,
a0a29027-6c97-4932-8350-a7c4830c5a4d,7701001788227,ean13,Taeq Barra con Proteína Sabor a Chocolate,Taeq,,Snacks y confitería,,,,unidad,,open_dataset,unverified,0.70,open-food-facts-csv:2026-09-08:sha256=f72687ee8bc6522054fe69dbfda6b91902c16af1ec2e043cde27bc6c29ad8176,,,
b72a887f-a9fc-4ace-ab71-265973bd4343,7701001799247,ean13,Chicharrón,Frescampo,,Snacks y confitería,,,,unidad,,open_dataset,unverified,0.70,open-food-facts-csv:2026-09-08:sha256=f72687ee8bc6522054fe69dbfda6b91902c16af1ec2e043cde27bc6c29ad8176,,,
f95858a2-06b3-47cd-b314-27959388ba94,7701001841915,ean13,Té,Taeq,,Bebidas,,,,unidad,,open_dataset,unverified,0.70,open-food-facts-csv:2026-09-08:sha256=f72687ee8bc6522054fe69dbfda6b91902c16af1ec2e043cde27bc6c29ad8176,,,
94ae04a8-b3c7-4bb3-a130-1988f54d794f,7701001844497,ean13,crispetas sal marina,Taeq,,Snacks y confitería,,,,unidad,,open_dataset,unverified,0.70,open-food-facts-csv:2026-09-08:sha256=f72687ee8bc6522054fe69dbfda6b91902c16af1ec2e043cde27bc6c29ad8176,,,
380ddac3-dc39-48f9-bdce-f725c7890688,7701001915876,ean13,Yogurt Griego Natural,Taeq,,Alimentos,,,,unidad,,open_dataset,unverified,0.70,open-food-facts-csv:2026-09-08:sha256=f72687ee8bc6522054fe69dbfda6b91902c16af1ec2e043cde27bc6c29ad8176,,,
bf21a683-0aa4-4606-93c7-0a5cf1295049,7701001920818,ean13,Taeq Tostadas de Arroz con Quinoa,Taeq,,Snacks y confitería,,,,unidad,,open_dataset,unverified,0.70,open-food-facts-csv:2026-09-08:sha256=f72687ee8bc6522054fe69dbfda6b91902c16af1ec2e043cde27bc6c29ad8176,,,
c0df88b4-af17-4feb-af06-b993b6454332,7701001925974,ean13,Granola De Coco,Éxito,,Alimentos,,,,unidad,,open_dataset,unverified,0.70,open-food-facts-csv:2026-09-08:sha256=f72687ee8bc6522054fe69dbfda6b91902c16af1ec2e043cde27bc6c29ad8176,,,
196ec2da-e4a1-440d-9b5f-50435bb8df4e,7701001962344,ean13,Mermelada Frutos Rojos,Taeq,,Alimentos,,,,unidad,,open_dataset,unverified,0.70,open-food-facts-csv:2026-09-08:sha256=f72687ee8bc6522054fe69dbfda6b91902c16af1ec2e043cde27bc6c29ad8176,,,
cb4ed71d-8230-478c-b4da-8fa3ce5873a4,7701002010860,ean13,Yogurt Griego Sin Azúcares Añadidos,taeq,,Alimentos,,,,unidad,,open_dataset,unverified,0.70,open-food-facts-csv:2026-09-08:sha256=f72687ee8bc6522054fe69dbfda6b91902c16af1ec2e043cde27bc6c29ad8176,,,
979bb304-11df-46fb-9f7d-038cebdb56fc,7701002046944,ean13,Galletas Con Avena Quinoa Y Chocolate,Taeq,,Snacks y confitería,,,,unidad,,open_dataset,unverified,0.70,open-food-facts-csv:2026-09-08:sha256=f72687ee8bc6522054fe69dbfda6b91902c16af1ec2e043cde27bc6c29ad8176,,,
b9c2e8d5-71ff-4e41-83b9-e64e3c2fb618,7701002085271,ean13,Agua Sin Gas,Frescampo,,Bebidas,,,,unidad,,open_dataset,unverified,0.70,open-food-facts-csv:2026-09-08:sha256=f72687ee8bc6522054fe69dbfda6b91902c16af1ec2e043cde27bc6c29ad8176,,,
0d8808b7-2d8c-42b9-ad49-3801639599a2,7701008012493,ean13,Miel de Abejas,Olímpica,,Alimentos,,,,unidad,,open_dataset,unverified,0.70,open-food-facts-csv:2026-09-08:sha256=f72687ee8bc6522054fe69dbfda6b91902c16af1ec2e043cde27bc6c29ad8176,,,
1ee807c5-13c6-4833-987c-3ce480f58e8e,7701008505629,ean13,Medalla de Oro Salsa de Tomate,Olímpica,,Alimentos,,,,unidad,,open_dataset,unverified,0.70,open-food-facts-csv:2026-09-08:sha256=f72687ee8bc6522054fe69dbfda6b91902c16af1ec2e043cde27bc6c29ad8176,,,
c13b972f-37da-4805-9b2e-84a26bbc1252,7701008505636,ean13,Mayonesa,,,Alimentos,,,,unidad,,open_dataset,unverified,0.70,open-food-facts-csv:2026-09-08:sha256=f72687ee8bc6522054fe69dbfda6b91902c16af1ec2e043cde27bc6c29ad8176,,,
af59df4d-18a1-463d-8145-8a6899800e43,7701008597389,ean13,arepa de maíz blanco,medalla de oro,,Alimentos,,,,unidad,,open_dataset,unverified,0.70,open-food-facts-csv:2026-09-08:sha256=f72687ee8bc6522054fe69dbfda6b91902c16af1ec2e043cde27bc6c29ad8176,,,
20aa2e38-06ec-43ef-a6d6-593f30a14e5a,7701008625372,ean13,Café Instantáneo en Polvo,Medalla de Oro,,Bebidas,,,,unidad,,open_dataset,unverified,0.70,open-food-facts-csv:2026-09-08:sha256=f72687ee8bc6522054fe69dbfda6b91902c16af1ec2e043cde27bc6c29ad8176,,,
19626d7c-bd0b-40a1-a402-c68957d728d6,7701008628274,ean13,LECHE Ultra Alta Temperatura UAT (UHT) Larga Vida ENTERA,,,Bebidas,,,,unidad,,open_dataset,unverified,0.70,open-food-facts-csv:2026-09-08:sha256=f72687ee8bc6522054fe69dbfda6b91902c16af1ec2e043cde27bc6c29ad8176,,,
d7d0216f-07aa-473f-ac85-91d3685e3cfe,7701008628779,ean13,Medalla de Oro Trozos de Atun en Agua,,,Alimentos,,,,unidad,,open_dataset,unverified,0.70,open-food-facts-csv:2026-09-08:sha256=f72687ee8bc6522054fe69dbfda6b91902c16af1ec2e043cde27bc6c29ad8176,,,
e8a431ff-76fd-49ba-86b8-9bad45dae1d3,7701008629240,ean13,harina de trigo,,,Alimentos,,,,unidad,,open_dataset,unverified,0.70,open-food-facts-csv:2026-09-08:sha256=f72687ee8bc6522054fe69dbfda6b91902c16af1ec2e043cde27bc6c29ad8176,,,
e91e08d2-4bc1-42c4-8ba2-a192dc4d6626,7701008838062,ean13,Yogurt Griego Natural Semidescremado,Yia Life,,Alimentos,,,,unidad,,open_dataset,unverified,0.70,open-food-facts-csv:2026-09-08:sha256=f72687ee8bc6522054fe69dbfda6b91902c16af1ec2e043cde27bc6c29ad8176,,,
312a6fdb-bfe4-4b4f-97d8-fbcd1de54e2f,7701009129350,ean13,Café Instantáneo en Polvo,Colsubsidio,,Bebidas,,,,unidad,,open_dataset,unverified,0.70,open-food-facts-csv:2026-09-08:sha256=f72687ee8bc6522054fe69dbfda6b91902c16af1ec2e043cde27bc6c29ad8176,,,
54e99009-d2c8-46d9-9491-675d419c71ea,7701009132947,ean13,Té Negro,Colsubsidio,,Bebidas,,,,unidad,,open_dataset,unverified,0.70,open-food-facts-csv:2026-09-08:sha256=f72687ee8bc6522054fe69dbfda6b91902c16af1ec2e043cde27bc6c29ad8176,,,
55fc05c5-db91-4b78-bcc0-b8291d3db998,77010148,ean8,Chocolate con leche,Jet,,Snacks y confitería,,,,unidad,,open_dataset,unverified,0.70,open-food-facts-csv:2026-09-08:sha256=f72687ee8bc6522054fe69dbfda6b91902c16af1ec2e043cde27bc6c29ad8176,,,
7fb5237d-8f35-4b19-b4b4-b891f6c55860,7701018006932,ean13,Margarina esparcible con sal,Practis,,Alimentos,,,,unidad,,open_dataset,unverified,0.70,open-food-facts-csv:2026-09-08:sha256=f72687ee8bc6522054fe69dbfda6b91902c16af1ec2e043cde27bc6c29ad8176,,,
38455310-69af-4c8b-baf6-d21c73cb1a26,7701023414050,ean13,Agua Mineral con Gas,Alkosto,,Bebidas,,,,unidad,,open_dataset,unverified,0.70,open-food-facts-csv:2026-09-08:sha256=f72687ee8bc6522054fe69dbfda6b91902c16af1ec2e043cde27bc6c29ad8176,,,
1d534e55-cfcd-4f8d-a4bd-65aa34f05b8b,7701023539241,ean13,Lomitos de Atún en Agua,Alkosto,,Alimentos,,,,unidad,,open_dataset,unverified,0.70,open-food-facts-csv:2026-09-08:sha256=f72687ee8bc6522054fe69dbfda6b91902c16af1ec2e043cde27bc6c29ad8176,,,
03ee7270-650b-47d7-b9b8-63bfa56ccaf3,7701023603454,ean13,manu sin sal,Alkosto,,Snacks y confitería,,,,unidad,,open_dataset,unverified,0.70,open-food-facts-csv:2026-09-08:sha256=f72687ee8bc6522054fe69dbfda6b91902c16af1ec2e043cde27bc6c29ad8176,,,
4c4d2820-7aea-43e3-82ab-5d8f26d8bbca,7701101242049,ean13,Zenú Salchichas Viena,Nutresa,,Alimentos,,,,unidad,,open_dataset,unverified,0.70,open-food-facts-csv:2026-09-08:sha256=f72687ee8bc6522054fe69dbfda6b91902c16af1ec2e043cde27bc6c29ad8176,,,
3ad9ff5b-74fa-4391-87ac-b3a2398446b6,7701101247266,ean13,Salchicha premium,Ranchera,,Alimentos,,,,unidad,,open_dataset,unverified,0.70,open-food-facts-csv:2026-09-08:sha256=f72687ee8bc6522054fe69dbfda6b91902c16af1ec2e043cde27bc6c29ad8176,,,
876919ac-367c-4535-be58-78b34c7fbac1,7701101247488,ean13,Chorizo de Cerdo Tipo Santarrosano,Zenú,,Alimentos,,,,unidad,,open_dataset,unverified,0.70,open-food-facts-csv:2026-09-08:sha256=f72687ee8bc6522054fe69dbfda6b91902c16af1ec2e043cde27bc6c29ad8176,,,
125f627a-ab2d-4609-ae3b-5a1083c1bfc4,7701101280645,ean13,Jamón sanduche,Zenú,,Alimentos,,,,unidad,,open_dataset,unverified,0.70,open-food-facts-csv:2026-09-08:sha256=f72687ee8bc6522054fe69dbfda6b91902c16af1ec2e043cde27bc6c29ad8176,,,
a0c42edb-c880-4ed7-8f98-fa0ec88e5b39,7701101356081,ean13,Pietran Jamón de Cerdo,Nutresa,,Alimentos,,,,unidad,,open_dataset,unverified,0.70,open-food-facts-csv:2026-09-08:sha256=f72687ee8bc6522054fe69dbfda6b91902c16af1ec2e043cde27bc6c29ad8176,,,
7acfca0b-3ac8-4dc8-aa5d-81c4e4ce2695,7701101356180,ean13,Pietrán Salchicha Pechuga de Pollo,Nutresa,,Alimentos,,,,unidad,,open_dataset,unverified,0.70,open-food-facts-csv:2026-09-08:sha256=f72687ee8bc6522054fe69dbfda6b91902c16af1ec2e043cde27bc6c29ad8176,,,
32a16c69-7355-4b6b-a4ff-cacc121ea8f8,7701101356234,ean13,Salchichas Ranchera,Nutresa,,Alimentos,,,,unidad,,open_dataset,unverified,0.70,open-food-facts-csv:2026-09-08:sha256=f72687ee8bc6522054fe69dbfda6b91902c16af1ec2e043cde27bc6c29ad8176,,,
27d2b597-7143-446e-bacc-9f901ca00f8e,7701101358009,ean13,Chorizo de Cerdo Tipo Santarrosano,Zenu,,Alimentos,,,,unidad,,open_dataset,unverified,0.70,open-food-facts-csv:2026-09-08:sha256=f72687ee8bc6522054fe69dbfda6b91902c16af1ec2e043cde27bc6c29ad8176,,,
763e3c8d-890e-493a-95fb-2e37f752726c,7701101358061,ean13,jamón de cerdo pietran,Nutresa,,Alimentos,,,,unidad,,open_dataset,unverified,0.70,open-food-facts-csv:2026-09-08:sha256=f72687ee8bc6522054fe69dbfda6b91902c16af1ec2e043cde27bc6c29ad8176,,,
eda09f41-e3a9-49e4-bf41-af37ef78c3f4,7701101358139,ean13,Maiz Dulce,Zenú,,Alimentos,,,,unidad,,open_dataset,unverified,0.70,open-food-facts-csv:2026-09-08:sha256=f72687ee8bc6522054fe69dbfda6b91902c16af1ec2e043cde27bc6c29ad8176,,,
4aed96c4-ee8c-4790-8ab1-757c3f2f9425,7701101358207,ean13,Veggie desmechado,Pietrán,,Alimentos,,,,unidad,,open_dataset,unverified,0.70,open-food-facts-csv:2026-09-08:sha256=f72687ee8bc6522054fe69dbfda6b91902c16af1ec2e043cde27bc6c29ad8176,,,
78508177-dbb9-4bd4-8955-6b6195a2aac1,7701101359594,ean13,Atun En Agua,Zenú,,Alimentos,,,,unidad,,open_dataset,unverified,0.70,open-food-facts-csv:2026-09-08:sha256=f72687ee8bc6522054fe69dbfda6b91902c16af1ec2e043cde27bc6c29ad8176,,,
c3bb4ed4-6246-4223-a736-882a4fe35981,7701101361443,ean13,Salchicha Pechuga De Pollo,Pietrán,,Alimentos,,,,unidad,,open_dataset,unverified,0.70,open-food-facts-csv:2026-09-08:sha256=f72687ee8bc6522054fe69dbfda6b91902c16af1ec2e043cde27bc6c29ad8176,,,
e7141c4d-a252-45ed-bec7-50aa869443f9,7701362009610,ean13,Achiras de Tradición,Juan Valdez Café,,Snacks y confitería,,,,unidad,,open_dataset,unverified,0.70,open-food-facts-csv:2026-09-08:sha256=f72687ee8bc6522054fe69dbfda6b91902c16af1ec2e043cde27bc6c29ad8176,,,
8709a789-a8b5-4681-a7e8-809c5cac5995,7701362014881,ean13,Dulce de Leche,Juan Valdez,,Bebidas,,,,unidad,,open_dataset,unverified,0.70,open-food-facts-csv:2026-09-08:sha256=f72687ee8bc6522054fe69dbfda6b91902c16af1ec2e043cde27bc6c29ad8176,,,
b45eab68-ae4c-40c5-b613-b3159a77d31f,7701362014904,ean13,Avellana,Juan Valdez,,Bebidas,,,,unidad,,open_dataset,unverified,0.70,open-food-facts-csv:2026-09-08:sha256=f72687ee8bc6522054fe69dbfda6b91902c16af1ec2e043cde27bc6c29ad8176,,,
eef62b32-e37e-4348-93d7-8753aa1cdb21,7701961015258,ean13,Tostadas Integrales,Rolly,,Alimentos,,,,unidad,,open_dataset,unverified,0.70,open-food-facts-csv:2026-09-08:sha256=f72687ee8bc6522054fe69dbfda6b91902c16af1ec2e043cde27bc6c29ad8176,,,
b25eca2a-28ee-4889-8a8c-6e5ebaa03eb7,7702001011308,ean13,Cremosino,Alpina,,Alimentos,,,,unidad,,open_dataset,unverified,0.70,open-food-facts-csv:2026-09-08:sha256=f72687ee8bc6522054fe69dbfda6b91902c16af1ec2e043cde27bc6c29ad8176,,,
f353964e-becf-4c45-af80-c1a69ce467d8,7702001011452,ean13,Queso Holandés Tajado,Alpina,,Alimentos,,,,unidad,,open_dataset,unverified,0.70,open-food-facts-csv:2026-09-08:sha256=f72687ee8bc6522054fe69dbfda6b91902c16af1ec2e043cde27bc6c29ad8176,,,
46998487-e94e-43bb-998f-81dab7031e78,7702001044450,ean13,Alpin Fresa,Alpina,,Bebidas,,,,unidad,,open_dataset,unverified,0.70,open-food-facts-csv:2026-09-08:sha256=f72687ee8bc6522054fe69dbfda6b91902c16af1ec2e043cde27bc6c29ad8176,,,
bf3dbf44-2aec-4bef-9b3e-2d7795ed01d5,7702001047178,ean13,YOGO YOGO PREMIO,,,Alimentos,,,,unidad,,open_dataset,unverified,0.70,open-food-facts-csv:2026-09-08:sha256=f72687ee8bc6522054fe69dbfda6b91902c16af1ec2e043cde27bc6c29ad8176,,,
780884ae-7c41-42cb-bd8f-09c564f81417,7702001048076,ean13,Kumis El Original,alpina,,Bebidas,,,,unidad,,open_dataset,unverified,0.70,open-food-facts-csv:2026-09-08:sha256=f72687ee8bc6522054fe69dbfda6b91902c16af1ec2e043cde27bc6c29ad8176,,,
a6a1125d-fbfb-4a0e-a4b4-e4be89e65280,7702001049097,ean13,Regeneris Fresa,Alpina,,Alimentos,,,,unidad,,open_dataset,unverified,0.70,open-food-facts-csv:2026-09-08:sha256=f72687ee8bc6522054fe69dbfda6b91902c16af1ec2e043cde27bc6c29ad8176,,,
61e2a90b-df23-4967-9996-0cfedcb53c45,7702001050147,ean13,Maxilitro Leche Descremada,Alpina,,Bebidas,,,,unidad,,open_dataset,unverified,0.70,open-food-facts-csv:2026-09-08:sha256=f72687ee8bc6522054fe69dbfda6b91902c16af1ec2e043cde27bc6c29ad8176,,,
2313b80b-4827-4799-9767-f1d225d6fd81,7702001086023,ean13,Bon Yurt Zucaritas,Alpina,,Alimentos,,,,unidad,,open_dataset,unverified,0.70,open-food-facts-csv:2026-09-08:sha256=f72687ee8bc6522054fe69dbfda6b91902c16af1ec2e043cde27bc6c29ad8176,,,
02c21b1a-dcd7-4899-84cc-e6bf4efbd8f3,7702001100057,ean13,Alpinito,Alpina,,Alimentos,,,,unidad,,open_dataset,unverified,0.70,open-food-facts-csv:2026-09-08:sha256=f72687ee8bc6522054fe69dbfda6b91902c16af1ec2e043cde27bc6c29ad8176,,,
f5499b6f-d89d-4af9-867c-89ce8d34783a,7702001114054,ean13,Leche Actilife,Alpina,,Bebidas,,,,unidad,,open_dataset,unverified,0.70,open-food-facts-csv:2026-09-08:sha256=f72687ee8bc6522054fe69dbfda6b91902c16af1ec2e043cde27bc6c29ad8176,,,
f16189ac-cdd6-427c-a78a-73ab1b52e901,7702001121755,ean13,Queso Mozarella Alpina,Alpina,,Alimentos,,,,unidad,,open_dataset,unverified,0.70,open-food-facts-csv:2026-09-08:sha256=f72687ee8bc6522054fe69dbfda6b91902c16af1ec2e043cde27bc6c29ad8176,,,
0767cae7-a173-4e06-93c8-7dd81cb15126,7702001124763,ean13,Bon Yurt Piazza,Alpina,,Bebidas,,,,unidad,,open_dataset,unverified,0.70,open-food-facts-csv:2026-09-08:sha256=f72687ee8bc6522054fe69dbfda6b91902c16af1ec2e043cde27bc6c29ad8176,,,
30d13faa-6a39-4b16-84df-662df2cb223b,7702001148523,ean13,Baby Gü Compota de Frutas Mixtas,Alpina,,Alimentos,,,,unidad,,open_dataset,unverified,0.70,open-food-facts-csv:2026-09-08:sha256=f72687ee8bc6522054fe69dbfda6b91902c16af1ec2e043cde27bc6c29ad8176,,,
abaaccca-91e3-4f29-9d03-9d958aa6876e,7702001148561,ean13,Baby Gu,,,Bebidas,,,,unidad,,open_dataset,unverified,0.70,open-food-facts-csv:2026-09-08:sha256=f72687ee8bc6522054fe69dbfda6b91902c16af1ec2e043cde27bc6c29ad8176,,,
fa504918-d390-43ed-ad58-c7922be4afe2,7702001157280,ean13,Griego Piña y Coco,Alpina,,Alimentos,,,,unidad,,open_dataset,unverified,0.70,open-food-facts-csv:2026-09-08:sha256=f72687ee8bc6522054fe69dbfda6b91902c16af1ec2e043cde27bc6c29ad8176,,,
ae9860ba-ca0b-4af8-a2af-903d42c0e503,7702001161287,ean13,Oatnestly Cashew Drinks,Oatnestly,,Bebidas,,,,unidad,,open_dataset,unverified,0.70,open-food-facts-csv:2026-09-08:sha256=f72687ee8bc6522054fe69dbfda6b91902c16af1ec2e043cde27bc6c29ad8176,,,
06344002-8d44-4925-8d96-950b710db6b6,7702001162543,ean13,Yox con Mentalis Manzana Verde,Alpina,,Alimentos,,,,unidad,,open_dataset,unverified,0.70,open-food-facts-csv:2026-09-08:sha256=f72687ee8bc6522054fe69dbfda6b91902c16af1ec2e043cde27bc6c29ad8176,,,
af17bfb2-1f10-4ead-9136-70bc33739def,7702001162550,ean13,Yox con Mentalis Frutos Rojos,Alpina,,Alimentos,,,,unidad,,open_dataset,unverified,0.70,open-food-facts-csv:2026-09-08:sha256=f72687ee8bc6522054fe69dbfda6b91902c16af1ec2e043cde27bc6c29ad8176,,,
e0e042c9-d357-443f-a7c4-ee38a60ddc97,7702001167302,ean13,Applause Sabor a Maracuyá,Alpina,,Alimentos,,,,unidad,,open_dataset,unverified,0.70,open-food-facts-csv:2026-09-08:sha256=f72687ee8bc6522054fe69dbfda6b91902c16af1ec2e043cde27bc6c29ad8176,,,
4911be9a-aa95-4611-af75-2790d6ee1d0f,7702004013484,ean13,Pony Malta,PONY,,Bebidas,,,,unidad,,open_dataset,unverified,0.70,open-food-facts-csv:2026-09-08:sha256=f72687ee8bc6522054fe69dbfda6b91902c16af1ec2e043cde27bc6c29ad8176,,,
9d125917-2c51-4100-8696-7c73ba1e7cba,7702004013668,ean13,Pony Malta Mini,Bavaria,,Bebidas,,,,unidad,,open_dataset,unverified,0.70,open-food-facts-csv:2026-09-08:sha256=f72687ee8bc6522054fe69dbfda6b91902c16af1ec2e043cde27bc6c29ad8176,,,
faf0a8a8-bfea-41cf-8f32-b937f63c93f1,7702004025784,ean13,Pony Malta GL,Bavaria,,Bebidas,,,,unidad,,open_dataset,unverified,0.70,open-food-facts-csv:2026-09-08:sha256=f72687ee8bc6522054fe69dbfda6b91902c16af1ec2e043cde27bc6c29ad8176,,,
b7595cc1-a967-4c60-b95e-137256429e0b,7702007001303,ean13,La Especial Mani con Sal,la especial,,Snacks y confitería,,,,unidad,,open_dataset,unverified,0.70,open-food-facts-csv:2026-09-08:sha256=f72687ee8bc6522054fe69dbfda6b91902c16af1ec2e043cde27bc6c29ad8176,,,
22b646f9-32db-4ca2-9f5b-e63e4c867e86,7702007004533,ean13,Dark amargo,Chocolate Santander,,Snacks y confitería,,,,unidad,,open_dataset,unverified,0.70,open-food-facts-csv:2026-09-08:sha256=f72687ee8bc6522054fe69dbfda6b91902c16af1ec2e043cde27bc6c29ad8176,,,
1711bdb1-f5c7-49e5-bd95-82b2009657f8,7702007005714,ean13,Chocolate Jet,Nutresa,,Snacks y confitería,,,,unidad,,open_dataset,unverified,0.70,open-food-facts-csv:2026-09-08:sha256=f72687ee8bc6522054fe69dbfda6b91902c16af1ec2e043cde27bc6c29ad8176,,,
e80b89fb-40e8-4b40-b23a-e134cbd4ca9a,7702007036558,ean13,Tosh Granola Crunchy Almendras,Nutresa,,Alimentos,,,,unidad,,open_dataset,unverified,0.70,open-food-facts-csv:2026-09-08:sha256=f72687ee8bc6522054fe69dbfda6b91902c16af1ec2e043cde27bc6c29ad8176,,,
9ef3261a-d7f4-4479-9a4b-b67e9550f9a4,7702007036565,ean13,Granola Crunchy Almendras,Tosh,,Alimentos,,,,unidad,,open_dataset,unverified,0.70,open-food-facts-csv:2026-09-08:sha256=f72687ee8bc6522054fe69dbfda6b91902c16af1ec2e043cde27bc6c29ad8176,,,
14afe57a-0b1f-4d89-bee5-7e048ea17f5b,7702007036572,ean13,Tosh Granola Crunchy Manzana,Nutresa,,Alimentos,,,,unidad,,open_dataset,unverified,0.70,open-food-facts-csv:2026-09-08:sha256=f72687ee8bc6522054fe69dbfda6b91902c16af1ec2e043cde27bc6c29ad8176,,,
b4478652-ea47-458d-a36c-af1823fb2314,7702007041279,ean13,Corona Mezcla para Pancakes,Corona,,Alimentos,,,,unidad,,open_dataset,unverified,0.70,open-food-facts-csv:2026-09-08:sha256=f72687ee8bc6522054fe69dbfda6b91902c16af1ec2e043cde27bc6c29ad8176,,,
c88ad1bf-7011-4efa-a6c5-673b915aea34,7702007043433,ean13,Corona Vainilla,Nutresa,,Snacks y confitería,,,,unidad,,open_dataset,unverified,0.70,open-food-facts-csv:2026-09-08:sha256=f72687ee8bc6522054fe69dbfda6b91902c16af1ec2e043cde27bc6c29ad8176,,,
d9bf53d8-4468-4711-a9cb-17ccecea952b,7702007044133,ean13,Jumbo DOTS,Nutresa,,Snacks y confitería,,,,unidad,,open_dataset,unverified,0.70,open-food-facts-csv:2026-09-08:sha256=f72687ee8bc6522054fe69dbfda6b91902c16af1ec2e043cde27bc6c29ad8176,,,
43347616-7941-48db-bd42-9994dc0e68f1,7702007045383,ean13,barra de granola yogurt griego,Nutresa,,Snacks y confitería,,,,unidad,,open_dataset,unverified,0.70,open-food-facts-csv:2026-09-08:sha256=f72687ee8bc6522054fe69dbfda6b91902c16af1ec2e043cde27bc6c29ad8176,,,
0d3a9867-7f79-4068-ad68-c2a1abe58b15,7702007045390,ean13,Tosh Barras Yogurt Griego Frutos Rojos,TOSH,,Snacks y confitería,,,,unidad,,open_dataset,unverified,0.70,open-food-facts-csv:2026-09-08:sha256=f72687ee8bc6522054fe69dbfda6b91902c16af1ec2e043cde27bc6c29ad8176,,,
6a0d1029-67c6-4f2d-a1dc-c234cee9f163,7702007046144,ean13,Jet Burbujas,Jet burbujas,,Snacks y confitería,,,,unidad,,open_dataset,unverified,0.70,open-food-facts-csv:2026-09-08:sha256=f72687ee8bc6522054fe69dbfda6b91902c16af1ec2e043cde27bc6c29ad8176,,,
e647aeb1-af68-45b8-a4ca-5726e0a060bb,7702007051438,ean13,chocolate instantaneo,corona,,Bebidas,,,,unidad,,open_dataset,unverified,0.70,open-food-facts-csv:2026-09-08:sha256=f72687ee8bc6522054fe69dbfda6b91902c16af1ec2e043cde27bc6c29ad8176,,,
43287ad3-58c5-4eb7-8535-a4f41babc444,7702007054972,ean13,Chocolate Corona Delicatto,Nutresa,,Snacks y confitería,,,,unidad,,open_dataset,unverified,0.70,open-food-facts-csv:2026-09-08:sha256=f72687ee8bc6522054fe69dbfda6b91902c16af1ec2e043cde27bc6c29ad8176,,,
d035a6ea-2b09-42ae-80f1-1b536e2022c6,7702007055269,ean13,Mani Limon Pimienta,Nutresa,,Snacks y confitería,,,,unidad,,open_dataset,unverified,0.70,open-food-facts-csv:2026-09-08:sha256=f72687ee8bc6522054fe69dbfda6b91902c16af1ec2e043cde27bc6c29ad8176,,,
3d8a02c5-9389-4956-9ec4-ec8dc9f887ec,7702007056617,ean13,Jet Crema,Nutresa,,Snacks y confitería,,,,unidad,,open_dataset,unverified,0.70,open-food-facts-csv:2026-09-08:sha256=f72687ee8bc6522054fe69dbfda6b91902c16af1ec2e043cde27bc6c29ad8176,,,
12e14e4b-6fd8-4346-a1af-5efda4e8abd0,7702007057553,ean13,La Especial Choco Arándanos,Nutresa,,Snacks y confitería,,,,unidad,,open_dataset,unverified,0.70,open-food-facts-csv:2026-09-08:sha256=f72687ee8bc6522054fe69dbfda6b91902c16af1ec2e043cde27bc6c29ad8176,,,
e99a1c2e-c833-485c-8835-07f65a9c00c5,7702007061154,ean13,Burbu jet cookies and cream,,,Snacks y confitería,,,,unidad,,open_dataset,unverified,0.70,open-food-facts-csv:2026-09-08:sha256=f72687ee8bc6522054fe69dbfda6b91902c16af1ec2e043cde27bc6c29ad8176,,,
def0ed82-9842-4550-bcc8-0edca830781c,7702007062588,ean13,La Especial Maní Kraks,Nutresa,,Snacks y confitería,,,,unidad,,open_dataset,unverified,0.70,open-food-facts-csv:2026-09-08:sha256=f72687ee8bc6522054fe69dbfda6b91902c16af1ec2e043cde27bc6c29ad8176,,,
35950484-30f4-46fd-aabb-c1fd8a4f7809,7702007063622,ean13,Tosh Fresa,Nutresa,,Snacks y confitería,,,,unidad,,open_dataset,unverified,0.70,open-food-facts-csv:2026-09-08:sha256=f72687ee8bc6522054fe69dbfda6b91902c16af1ec2e043cde27bc6c29ad8176,,,
fedad554-8bf1-4d28-9acd-da4d7b40bce0,7702007063639,ean13,Tosh Barra Fresa,Nutresa,,Snacks y confitería,,,,unidad,,open_dataset,unverified,0.70,open-food-facts-csv:2026-09-08:sha256=f72687ee8bc6522054fe69dbfda6b91902c16af1ec2e043cde27bc6c29ad8176,,,
4a262b76-1406-40ae-aa4c-b00fca04aa3e,7702007063660,ean13,Tosh Barra Chocolate,TOSH,,Snacks y confitería,,,,unidad,,open_dataset,unverified,0.70,open-food-facts-csv:2026-09-08:sha256=f72687ee8bc6522054fe69dbfda6b91902c16af1ec2e043cde27bc6c29ad8176,,,
b2a5a0e9-1725-4385-8fbf-c992df651563,7702007063677,ean13,Tosh Barra de Cereal Chocolate,Nutresa,,Snacks y confitería,,,,unidad,,open_dataset,unverified,0.70,open-food-facts-csv:2026-09-08:sha256=f72687ee8bc6522054fe69dbfda6b91902c16af1ec2e043cde27bc6c29ad8176,,,
96d81ed9-ae08-4f09-9d1c-da5a8e61c1df,7702007063691,ean13,Tosh Maní y Pasas,Nutresa,,Snacks y confitería,,,,unidad,,open_dataset,unverified,0.70,open-food-facts-csv:2026-09-08:sha256=f72687ee8bc6522054fe69dbfda6b91902c16af1ec2e043cde27bc6c29ad8176,,,
6bc015ec-87c5-4793-b906-36788d4c6b38,7702007065329,ean13,Barra de cereal con nueces y arándanos Tosh,Nutresa,,Snacks y confitería,,,,unidad,,open_dataset,unverified,0.70,open-food-facts-csv:2026-09-08:sha256=f72687ee8bc6522054fe69dbfda6b91902c16af1ec2e043cde27bc6c29ad8176,,,
8a3edf8f-8768-4c1c-b182-fc06c5727a76,7702007090314,ean13,Chocolatina Jumbo Sabor Mimos,Jumbo,,Snacks y confitería,,,,unidad,,open_dataset,unverified,0.70,open-food-facts-csv:2026-09-08:sha256=f72687ee8bc6522054fe69dbfda6b91902c16af1ec2e043cde27bc6c29ad8176,,,
a257a849-b211-4469-b2b2-394c7ae535bf,7702007205503,ean13,La Especial Tradicional,Nutresa,,Snacks y confitería,,,,unidad,,open_dataset,unverified,0.70,open-food-facts-csv:2026-09-08:sha256=f72687ee8bc6522054fe69dbfda6b91902c16af1ec2e043cde27bc6c29ad8176,,,
3b045ae8-2682-41ab-8931-5ef107d9a39c,7702007224023,ean13,Jet Wafer,Compañía Nacional de Chocolates,,Snacks y confitería,,,,unidad,,open_dataset,unverified,0.70,open-food-facts-csv:2026-09-08:sha256=f72687ee8bc6522054fe69dbfda6b91902c16af1ec2e043cde27bc6c29ad8176,,,
cab13166-4c31-413c-af9f-0ca405db34a6,7702007224160,ean13,Wafer Jet,Nutresa,,Snacks y confitería,,,,unidad,,open_dataset,unverified,0.70,open-food-facts-csv:2026-09-08:sha256=f72687ee8bc6522054fe69dbfda6b91902c16af1ec2e043cde27bc6c29ad8176,,,
61b32a29-8373-45dd-b2a7-ddc49bd45104,7702011003157,ean13,Barquillo chocolate,Colombina,,Snacks y confitería,,,,unidad,,open_dataset,unverified,0.70,open-food-facts-csv:2026-09-08:sha256=f72687ee8bc6522054fe69dbfda6b91902c16af1ec2e043cde27bc6c29ad8176,,,
f636d542-e865-4791-a4a0-07da569ae215,7702011025739,ean13,Galletas crakeñas saltin,Colombina,,Snacks y confitería,,,,unidad,,open_dataset,unverified,0.70,open-food-facts-csv:2026-09-08:sha256=f72687ee8bc6522054fe69dbfda6b91902c16af1ec2e043cde27bc6c29ad8176,,,
7aa8fca8-319f-407d-815b-0dddfc8a4b5a,7702011039293,ean13,Choco Break,Colombina,,Snacks y confitería,,,,unidad,,open_dataset,unverified,0.70,open-food-facts-csv:2026-09-08:sha256=f72687ee8bc6522054fe69dbfda6b91902c16af1ec2e043cde27bc6c29ad8176,,,
545836c4-1fcd-41a9-8c2e-8c49e306ed15,7702011048561,ean13,Barquillo arequipe,Colombina,,Snacks y confitería,,,,unidad,,open_dataset,unverified,0.70,open-food-facts-csv:2026-09-08:sha256=f72687ee8bc6522054fe69dbfda6b91902c16af1ec2e043cde27bc6c29ad8176,,,
ea88efaf-5d28-4c6d-ad0f-f8b4d5eeff2f,7702011074294,ean13,Grissly Gomas Splash Acid,Colombina,,Snacks y confitería,,,,unidad,,open_dataset,unverified,0.70,open-food-facts-csv:2026-09-08:sha256=f72687ee8bc6522054fe69dbfda6b91902c16af1ec2e043cde27bc6c29ad8176,,,
2383594f-0ce6-4750-b865-023d9249ca3e,7702011074652,ean13,Grissly Gomas Choco Splash,Colombina,,Snacks y confitería,,,,unidad,,open_dataset,unverified,0.70,open-food-facts-csv:2026-09-08:sha256=f72687ee8bc6522054fe69dbfda6b91902c16af1ec2e043cde27bc6c29ad8176,,,
ab75d2c4-f81a-49b2-9f11-8bd3e0f2d461,7702011092779,ean13,Fruly Limón,Colombina,,Snacks y confitería,,,,unidad,,open_dataset,unverified,0.70,open-food-facts-csv:2026-09-08:sha256=f72687ee8bc6522054fe69dbfda6b91902c16af1ec2e043cde27bc6c29ad8176,,,
5850bec6-f1ba-44c0-834a-d71e24bdb824,7702011117892,ean13,Helado Artesanal Cookies and Cream,Robin Hood,,Snacks y confitería,,,,unidad,,open_dataset,unverified,0.70,open-food-facts-csv:2026-09-08:sha256=f72687ee8bc6522054fe69dbfda6b91902c16af1ec2e043cde27bc6c29ad8176,,,
736e1dd3-a520-47fa-a0b1-2c1adf325f84,7702011123725,ean13,Millows Corazón,Colombina,,Snacks y confitería,,,,unidad,,open_dataset,unverified,0.70,open-food-facts-csv:2026-09-08:sha256=f72687ee8bc6522054fe69dbfda6b91902c16af1ec2e043cde27bc6c29ad8176,,,
3db8a046-1e9b-4d73-ac31-8525d9b504b0,7702011147813,ean13,Surtido,"Bon Bon Bum, Colombina",,Snacks y confitería,,,,unidad,,open_dataset,unverified,0.70,open-food-facts-csv:2026-09-08:sha256=f72687ee8bc6522054fe69dbfda6b91902c16af1ec2e043cde27bc6c29ad8176,,,
08b8629a-3b75-4d43-aace-7598eee3978f,7702011203861,ean13,Crakeñas Oliva y Orégano,"Colombina,Crakeñas",,Snacks y confitería,,,,unidad,,open_dataset,unverified,0.70,open-food-facts-csv:2026-09-08:sha256=f72687ee8bc6522054fe69dbfda6b91902c16af1ec2e043cde27bc6c29ad8176,,,
9bb6e0dd-9807-474e-8039-d82f0f9b95c4,7702011213891,ean13,Choc Melos,Colombina,,Snacks y confitería,,,,unidad,,open_dataset,unverified,0.70,open-food-facts-csv:2026-09-08:sha256=f72687ee8bc6522054fe69dbfda6b91902c16af1ec2e043cde27bc6c29ad8176,,,
80263874-a484-4849-b39c-80657b525bf7,7702011273215,ean13,Navideñas,Colombina,,Snacks y confitería,,,,unidad,,open_dataset,unverified,0.70,open-food-facts-csv:2026-09-08:sha256=f72687ee8bc6522054fe69dbfda6b91902c16af1ec2e043cde27bc6c29ad8176,,,
a1d10ab2-e1de-4f46-a5e8-04a6e96f7973,7702011275332,ean13,Galleta Avena & Granola,Colombina,,Snacks y confitería,,,,unidad,,open_dataset,unverified,0.70,open-food-facts-csv:2026-09-08:sha256=f72687ee8bc6522054fe69dbfda6b91902c16af1ec2e043cde27bc6c29ad8176,,,
d10e515a-c7cb-4bf6-9d85-ab126d3b2c69,7702011276438,ean13,Wafer Bridge Mousse de Limón,Colombina,,Snacks y confitería,,,,unidad,,open_dataset,unverified,0.70,open-food-facts-csv:2026-09-08:sha256=f72687ee8bc6522054fe69dbfda6b91902c16af1ec2e043cde27bc6c29ad8176,,,
f7f548eb-ab46-40f9-a8de-54f70a32c965,7702011277077,ean13,Barquillo choco leche,Colombina,,Snacks y confitería,,,,unidad,,open_dataset,unverified,0.70,open-food-facts-csv:2026-09-08:sha256=f72687ee8bc6522054fe69dbfda6b91902c16af1ec2e043cde27bc6c29ad8176,,,
42f574ec-7121-4d8c-97c4-83afb6727866,7702011277589,ean13,Galletas con relleno sabor a mora MOMENTS,Colombina,,Snacks y confitería,,,,unidad,,open_dataset,unverified,0.70,open-food-facts-csv:2026-09-08:sha256=f72687ee8bc6522054fe69dbfda6b91902c16af1ec2e043cde27bc6c29ad8176,,,
8e0ce021-4608-48c3-9afc-fd60e9a9ebb6,7702011279903,ean13,Assorted Cookies Merry Christmas,,,Snacks y confitería,,,,unidad,,open_dataset,unverified,0.70,open-food-facts-csv:2026-09-08:sha256=f72687ee8bc6522054fe69dbfda6b91902c16af1ec2e043cde27bc6c29ad8176,,,
154a79d8-92ab-42ff-a6b2-a2ce90dd5f5e,7702014597714,ean13,Arveja con Zanahoria,San Jorge,,Alimentos,,,,unidad,,open_dataset,unverified,0.70,open-food-facts-csv:2026-09-08:sha256=f72687ee8bc6522054fe69dbfda6b91902c16af1ec2e043cde27bc6c29ad8176,,,
912d8c57-2836-44aa-9cce-9c5da5f11dc4,7702014620269,ean13,Mayonesa,San Jorge,,Alimentos,,,,unidad,,open_dataset,unverified,0.70,open-food-facts-csv:2026-09-08:sha256=f72687ee8bc6522054fe69dbfda6b91902c16af1ec2e043cde27bc6c29ad8176,,,
b3a4028a-9fab-49d1-862e-4fa9c41a86ca,7702014632057,ean13,Mostaza,San Jorge,,Alimentos,,,,unidad,,open_dataset,unverified,0.70,open-food-facts-csv:2026-09-08:sha256=f72687ee8bc6522054fe69dbfda6b91902c16af1ec2e043cde27bc6c29ad8176,,,
5e0f2542-eae8-4c85-b255-22da1c64fdfe,7702014639513,ean13,San Jorge Mermelada de Frutos Rojos,Levapan,,Alimentos,,,,unidad,,open_dataset,unverified,0.70,open-food-facts-csv:2026-09-08:sha256=f72687ee8bc6522054fe69dbfda6b91902c16af1ec2e043cde27bc6c29ad8176,,,
b07d98d0-4af9-42a8-b4be-7200364cedb0,7702014640052,ean13,Mermelada Mora,San jorge,,Alimentos,,,,unidad,,open_dataset,unverified,0.70,open-food-facts-csv:2026-09-08:sha256=f72687ee8bc6522054fe69dbfda6b91902c16af1ec2e043cde27bc6c29ad8176,,,
df5bf9f1-6540-417a-a546-11c11aff720a,7702020011228,ean13,Harina De Teigo Fortificada,Haz De Oros,,Alimentos,,,,unidad,,open_dataset,unverified,0.70,open-food-facts-csv:2026-09-08:sha256=f72687ee8bc6522054fe69dbfda6b91902c16af1ec2e043cde27bc6c29ad8176,,,
af797062-246c-474a-96e5-ef51d78f2f10,7702020017831,ean13,Canola Life,Harinera del Valle,,Alimentos,,,,unidad,,open_dataset,unverified,0.70,open-food-facts-csv:2026-09-08:sha256=f72687ee8bc6522054fe69dbfda6b91902c16af1ec2e043cde27bc6c29ad8176,,,
c469e91a-2fdc-4e44-916c-ba2ca27f2eba,7702020021432,ean13,Haz de Oros Mezcla Lista para Pancakes Crepes y Waffles Avena,Harinera del Valle,,Alimentos,,,,unidad,,open_dataset,unverified,0.70,open-food-facts-csv:2026-09-08:sha256=f72687ee8bc6522054fe69dbfda6b91902c16af1ec2e043cde27bc6c29ad8176,,,
ce66dc17-9335-49ee-a6bb-c8777decb5ab,7702020050005,ean13,canola life,canola life,,Alimentos,,,,unidad,,open_dataset,unverified,0.70,open-food-facts-csv:2026-09-08:sha256=f72687ee8bc6522054fe69dbfda6b91902c16af1ec2e043cde27bc6c29ad8176,,,
83239721-c7b6-4355-84e8-cd56065a8b47,7702020060325,ean13,Tornillo,Pugliese,,Alimentos,,,,unidad,,open_dataset,unverified,0.70,open-food-facts-csv:2026-09-08:sha256=f72687ee8bc6522054fe69dbfda6b91902c16af1ec2e043cde27bc6c29ad8176,,,
cd283da8-6ef7-4135-8e53-d59060f71c22,7702020101691,ean13,Brownie mamamia,,,Snacks y confitería,,,,unidad,,open_dataset,unverified,0.70,open-food-facts-csv:2026-09-08:sha256=f72687ee8bc6522054fe69dbfda6b91902c16af1ec2e043cde27bc6c29ad8176,,,
3ce060f2-b39f-4ba9-9982-bc30d8b77c74,7702020112017,ean13,spaghetti,La Muñeca,,Alimentos,,,,unidad,,open_dataset,unverified,0.70,open-food-facts-csv:2026-09-08:sha256=f72687ee8bc6522054fe69dbfda6b91902c16af1ec2e043cde27bc6c29ad8176,,,
4c7bfd32-3c1c-45e6-8c7d-2373d642199f,7702020112055,ean13,Cabello de angel,La Muñeca,,Alimentos,,,,unidad,,open_dataset,unverified,0.70,open-food-facts-csv:2026-09-08:sha256=f72687ee8bc6522054fe69dbfda6b91902c16af1ec2e043cde27bc6c29ad8176,,,
ed3c9b49-9a3f-436a-be34-9f8b647ae26e,7702020112062,ean13,Ducales,Nutresa,,Snacks y confitería,,,,unidad,,open_dataset,unverified,0.70,open-food-facts-csv:2026-09-08:sha256=f72687ee8bc6522054fe69dbfda6b91902c16af1ec2e043cde27bc6c29ad8176,,,
cff79edd-29ae-4c3f-9cb3-a0c8a066cc99,7702020212021,ean13,Harina de Maíz Amarillo Extrafina,Doñarepa,,Alimentos,,,,unidad,,open_dataset,unverified,0.70,open-food-facts-csv:2026-09-08:sha256=f72687ee8bc6522054fe69dbfda6b91902c16af1ec2e043cde27bc6c29ad8176,,,
6efb3d1d-fcda-4777-a01d-9eb19360f429,7702024007067,ean13,deditos,Nestlé,,Snacks y confitería,,,,unidad,,open_dataset,unverified,0.70,open-food-facts-csv:2026-09-08:sha256=f72687ee8bc6522054fe69dbfda6b91902c16af1ec2e043cde27bc6c29ad8176,,,
42100870-2d8e-4a15-abd5-ce5a9058435f,7702024034605,ean13,Klim clásica x 360 gr,Nestlé,,Bebidas,,,,unidad,,open_dataset,unverified,0.70,open-food-facts-csv:2026-09-08:sha256=f72687ee8bc6522054fe69dbfda6b91902c16af1ec2e043cde27bc6c29ad8176,,,
bb54cc5d-83dc-4448-b8b2-b923356a082f,7702024040446,ean13,cafe soluble Nescafe,Nescafe,,Bebidas,,,,unidad,,open_dataset,unverified,0.70,open-food-facts-csv:2026-09-08:sha256=f72687ee8bc6522054fe69dbfda6b91902c16af1ec2e043cde27bc6c29ad8176,,,
f2cb04c2-1892-43ae-b024-891ae84e3369,7702024066101,ean13,Nescafe Tradición,Nestlé,,Bebidas,,,,unidad,,open_dataset,unverified,0.70,open-food-facts-csv:2026-09-08:sha256=f72687ee8bc6522054fe69dbfda6b91902c16af1ec2e043cde27bc6c29ad8176,,,
f7c38bbb-fd7c-4183-9dd3-effe0d574c12,7702024067528,ean13,Klim FortiGrow,Nestlé,,Bebidas,,,,unidad,,open_dataset,unverified,0.70,open-food-facts-csv:2026-09-08:sha256=f72687ee8bc6522054fe69dbfda6b91902c16af1ec2e043cde27bc6c29ad8176,,,
e6e2f4d2-d137-4371-9838-a9d1206755aa,7702024068310,ean13,Cocosette x 8 und,Nestlé,,Snacks y confitería,,,,unidad,,open_dataset,unverified,0.70,open-food-facts-csv:2026-09-08:sha256=f72687ee8bc6522054fe69dbfda6b91902c16af1ec2e043cde27bc6c29ad8176,,,
dd437ce9-72fa-498c-9cad-f5fe0841c5de,7702024069539,ean13,Nescafé Tradicción,"Nescafé,Nestlé",,Bebidas,,,,unidad,,open_dataset,unverified,0.70,open-food-facts-csv:2026-09-08:sha256=f72687ee8bc6522054fe69dbfda6b91902c16af1ec2e043cde27bc6c29ad8176,,,
d8069035-0fc1-4967-bafc-2d9d69c8fed8,7702024134916,ean13,Saltinas Queso Crema & Cebolla,Nestlé,,Snacks y confitería,,,,unidad,,open_dataset,unverified,0.70,open-food-facts-csv:2026-09-08:sha256=f72687ee8bc6522054fe69dbfda6b91902c16af1ec2e043cde27bc6c29ad8176,,,
f8f9d07b-d09b-4d85-a3d2-5768873e9278,7702024339281,ean13,Nescafé Fina selección,Nestlé,,Bebidas,,,,unidad,,open_dataset,unverified,0.70,open-food-facts-csv:2026-09-08:sha256=f72687ee8bc6522054fe69dbfda6b91902c16af1ec2e043cde27bc6c29ad8176,,,
125e9053-0c05-458c-9c73-2a4ad1ad85d6,7702024393887,ean13,Chocapic,Chocapic,,Alimentos,,,,unidad,,open_dataset,unverified,0.70,open-food-facts-csv:2026-09-08:sha256=f72687ee8bc6522054fe69dbfda6b91902c16af1ec2e043cde27bc6c29ad8176,,,
2eb3471f-07a3-4d8e-a7cd-6b851470cdf3,7702024666998,ean13,Saltinas Integrales,Nestlé,,Snacks y confitería,,,,unidad,,open_dataset,unverified,0.70,open-food-facts-csv:2026-09-08:sha256=f72687ee8bc6522054fe69dbfda6b91902c16af1ec2e043cde27bc6c29ad8176,,,
4da122bb-e460-4bcf-a664-3a4f22c60338,7702024718727,ean13,Cocosette pague 7 lleve 8,,,Snacks y confitería,,,,unidad,,open_dataset,unverified,0.70,open-food-facts-csv:2026-09-08:sha256=f72687ee8bc6522054fe69dbfda6b91902c16af1ec2e043cde27bc6c29ad8176,,,
815bd2d3-f0d7-4aa2-a5e4-d1b531114b97,7702024785033,ean13,El Rodeo,Nestle,,Bebidas,,,,unidad,,open_dataset,unverified,0.70,open-food-facts-csv:2026-09-08:sha256=f72687ee8bc6522054fe69dbfda6b91902c16af1ec2e043cde27bc6c29ad8176,,,
1e573f26-16bd-450d-b749-1e51dbaef1e7,7702024796268,ean13,Klim Amor Natural,Nestlé,,Bebidas,,,,unidad,,open_dataset,unverified,0.70,open-food-facts-csv:2026-09-08:sha256=f72687ee8bc6522054fe69dbfda6b91902c16af1ec2e043cde27bc6c29ad8176,,,
abb80329-186c-409d-af6d-9e74b326807c,7702025100279,ean13,Chocolate,"Tosh,Nutresa,Noel",,Snacks y confitería,,,,unidad,,open_dataset,unverified,0.70,open-food-facts-csv:2026-09-08:sha256=f72687ee8bc6522054fe69dbfda6b91902c16af1ec2e043cde27bc6c29ad8176,,,
cd941a2d-d2fc-43a2-b323-79bc9a92557d,7702025100293,ean13,Tosh Chocolate,Nutresa,,Snacks y confitería,,,,unidad,,open_dataset,unverified,0.70,open-food-facts-csv:2026-09-08:sha256=f72687ee8bc6522054fe69dbfda6b91902c16af1ec2e043cde27bc6c29ad8176,,,
86d60f7c-305c-4a17-803c-1cacf028a33f,7702025103379,ean13,Cremadas Vainilla,"Tosh,Nutresa",,Snacks y confitería,,,,unidad,,open_dataset,unverified,0.70,open-food-facts-csv:2026-09-08:sha256=f72687ee8bc6522054fe69dbfda6b91902c16af1ec2e043cde27bc6c29ad8176,,,
f9889186-d2a0-4c3e-abee-2c6f5b7159c8,7702025110445,ean13,Mini Chips,Nutresa,,Snacks y confitería,,,,unidad,,open_dataset,unverified,0.70,open-food-facts-csv:2026-09-08:sha256=f72687ee8bc6522054fe69dbfda6b91902c16af1ec2e043cde27bc6c29ad8176,,,
2ae79da4-816f-4f04-b43b-cc7ae9ee2698,7702025110698,ean13,Saltin Noel Integral,Noel,,Snacks y confitería,,,,unidad,,open_dataset,unverified,0.70,open-food-facts-csv:2026-09-08:sha256=f72687ee8bc6522054fe69dbfda6b91902c16af1ec2e043cde27bc6c29ad8176,,,
972382c8-28f0-429e-9afc-6e8a2178887c,7702025118311,ean13,Galletas Tipo Leche,"Noel, Nutresa",,Snacks y confitería,,,,unidad,,open_dataset,unverified,0.70,open-food-facts-csv:2026-09-08:sha256=f72687ee8bc6522054fe69dbfda6b91902c16af1ec2e043cde27bc6c29ad8176,,,
c7644f0a-e29b-4881-b471-0cc3a7e39e1a,7702025120048,ean13,Carve,Nutresa,,Alimentos,,,,unidad,,open_dataset,unverified,0.70,open-food-facts-csv:2026-09-08:sha256=f72687ee8bc6522054fe69dbfda6b91902c16af1ec2e043cde27bc6c29ad8176,,,
796535cf-f03d-4546-b5dd-c9771fd0b35f,7702025120307,ean13,Carve,Noel,,Alimentos,,,,unidad,,open_dataset,unverified,0.70,open-food-facts-csv:2026-09-08:sha256=f72687ee8bc6522054fe69dbfda6b91902c16af1ec2e043cde27bc6c29ad8176,,,
80606dfe-6fd8-4fd9-a206-cd8ecebba5ac,7702025123445,ean13,Galleta multicereal,Nutresa,,Snacks y confitería,,,,unidad,,open_dataset,unverified,0.70,open-food-facts-csv:2026-09-08:sha256=f72687ee8bc6522054fe69dbfda6b91902c16af1ec2e043cde27bc6c29ad8176,,,
55643117-d238-47a2-ac93-67360f3171ff,7702025123452,ean13,Tosh Fusion de Cereales,Nutresa,,Snacks y confitería,,,,unidad,,open_dataset,unverified,0.70,open-food-facts-csv:2026-09-08:sha256=f72687ee8bc6522054fe69dbfda6b91902c16af1ec2e043cde27bc6c29ad8176,,,
be29635c-83b2-4fa7-b50a-143e36d9abdc,7702025131426,ean13,Crackers,Noel,,Snacks y confitería,,,,unidad,,open_dataset,unverified,0.70,open-food-facts-csv:2026-09-08:sha256=f72687ee8bc6522054fe69dbfda6b91902c16af1ec2e043cde27bc6c29ad8176,,,
5cc2a4ef-e94e-4e61-8b19-dbc457e7f622,7702025131662,ean13,Tosh Triangulitos de Arroz con Tomates Secos y Parmesano,Nutresa,,Snacks y confitería,,,,unidad,,open_dataset,unverified,0.70,open-food-facts-csv:2026-09-08:sha256=f72687ee8bc6522054fe69dbfda6b91902c16af1ec2e043cde27bc6c29ad8176,,,
280b48fd-0794-4043-8f8e-0912d54cf93b,7702025135486,ean13,Galleta integral con 9 grants,TOSH,,Snacks y confitería,,,,unidad,,open_dataset,unverified,0.70,open-food-facts-csv:2026-09-08:sha256=f72687ee8bc6522054fe69dbfda6b91902c16af1ec2e043cde27bc6c29ad8176,,,
92b54aac-7f6a-4bb5-a055-0b58b8bf11ef,7702025136735,ean13,Galleta,Festival,,Snacks y confitería,,,,unidad,,open_dataset,unverified,0.70,open-food-facts-csv:2026-09-08:sha256=f72687ee8bc6522054fe69dbfda6b91902c16af1ec2e043cde27bc6c29ad8176,,,
1d2b5a6f-3ab5-4b7d-a9ad-60e1136f53a9,7702025137282,ean13,Noel Galletas Finas con Chocolate,Noel,,Snacks y confitería,,,,unidad,,open_dataset,unverified,0.70,open-food-facts-csv:2026-09-08:sha256=f72687ee8bc6522054fe69dbfda6b91902c16af1ec2e043cde27bc6c29ad8176,,,
22292a15-bb18-41a3-a1b0-bae4f596261a,7702025137619,ean13,Dux Rellenas Sabor a Queso Blanco,Nutresa,,Snacks y confitería,,,,unidad,,open_dataset,unverified,0.70,open-food-facts-csv:2026-09-08:sha256=f72687ee8bc6522054fe69dbfda6b91902c16af1ec2e043cde27bc6c29ad8176,,,
b711676a-ad30-4ebf-ba4a-9ae5ac5bb119,7702025141920,ean13,Galleta de coco,Festival Noel,,Snacks y confitería,,,,unidad,,open_dataset,unverified,0.70,open-food-facts-csv:2026-09-08:sha256=f72687ee8bc6522054fe69dbfda6b91902c16af1ec2e043cde27bc6c29ad8176,,,
6c56a2b7-7219-413a-a05b-03e0a1ea043f,7702025142446,ean13,Galletas Festival Recreo,Noel,,Snacks y confitería,,,,unidad,,open_dataset,unverified,0.70,open-food-facts-csv:2026-09-08:sha256=f72687ee8bc6522054fe69dbfda6b91902c16af1ec2e043cde27bc6c29ad8176,,,
403ce50a-2c0d-4b6a-baa1-23280a005c8f,7702025142460,ean13,"Tosh Estilo Artesanal Galletas de Arroz, Chía, Quinua, Chocolate y Almendras",Nutresa,,Snacks y confitería,,,,unidad,,open_dataset,unverified,0.70,open-food-facts-csv:2026-09-08:sha256=f72687ee8bc6522054fe69dbfda6b91902c16af1ec2e043cde27bc6c29ad8176,,,
c3e8ccee-437f-4c8f-9b45-4744a54012b1,7702025142477,ean13,Tosh Estilo Artesanal Arándanos y Acaí,Nutresa,,Snacks y confitería,,,,unidad,,open_dataset,unverified,0.70,open-food-facts-csv:2026-09-08:sha256=f72687ee8bc6522054fe69dbfda6b91902c16af1ec2e043cde27bc6c29ad8176,,,
b907a780-ff8b-4f7d-827f-0dc2ce17a371,7702025142484,ean13,Tosh Artesanal Arándanos y Açaí,Nutresa,,Snacks y confitería,,,,unidad,,open_dataset,unverified,0.70,open-food-facts-csv:2026-09-08:sha256=f72687ee8bc6522054fe69dbfda6b91902c16af1ec2e043cde27bc6c29ad8176,,,
f7c74aa5-069e-483f-a193-cbbe54da9aee,7702025142910,ean13,MiniChips,Festival,,Snacks y confitería,,,,unidad,,open_dataset,unverified,0.70,open-food-facts-csv:2026-09-08:sha256=f72687ee8bc6522054fe69dbfda6b91902c16af1ec2e043cde27bc6c29ad8176,,,
e341a253-1074-4a30-8230-3879a2fe8fd4,7702025143054,ean13,Tosh Galletas Yogurt y Fresas,TOSH,,Snacks y confitería,,,,unidad,,open_dataset,unverified,0.70,open-food-facts-csv:2026-09-08:sha256=f72687ee8bc6522054fe69dbfda6b91902c16af1ec2e043cde27bc6c29ad8176,,,
5d5d67a9-67c3-4a6f-a3b8-14e0b2f33358,7702025144228,ean13,Tosh Mix de Vegetales,Nutresa,,Snacks y confitería,,,,unidad,,open_dataset,unverified,0.70,open-food-facts-csv:2026-09-08:sha256=f72687ee8bc6522054fe69dbfda6b91902c16af1ec2e043cde27bc6c29ad8176,,,
12864c5c-e740-41fd-b8ad-5415aa2695ed,7702025144266,ean13,Festival Recreo,"Noel,Festival,Nutresa",,Snacks y confitería,,,,unidad,,open_dataset,unverified,0.70,open-food-facts-csv:2026-09-08:sha256=f72687ee8bc6522054fe69dbfda6b91902c16af1ec2e043cde27bc6c29ad8176,,,
4ca5bcfe-9716-4c19-abc1-b7b1cd9e0265,7702025144624,ean13,Kibo Chips de Lentejas Cebolla Maui,KiboFoods,,Snacks y confitería,,,,unidad,,open_dataset,unverified,0.70,open-food-facts-csv:2026-09-08:sha256=f72687ee8bc6522054fe69dbfda6b91902c16af1ec2e043cde27bc6c29ad8176,,,
d640487d-7a9f-4d27-ad0c-f0539cbd5f18,7702025145157,ean13,Tosh Pita Chips Champiñones y Pimienta,Nutresa,,Snacks y confitería,,,,unidad,,open_dataset,unverified,0.70,open-food-facts-csv:2026-09-08:sha256=f72687ee8bc6522054fe69dbfda6b91902c16af1ec2e043cde27bc6c29ad8176,,,
aa976b47-0e04-4cd0-bf35-2b77365c7c19,7702025145164,ean13,Pita chips,Tosh,,Snacks y confitería,,,,unidad,,open_dataset,unverified,0.70,open-food-facts-csv:2026-09-08:sha256=f72687ee8bc6522054fe69dbfda6b91902c16af1ec2e043cde27bc6c29ad8176,,,
ee150c07-e80f-4fa0-be7f-ad036b278c3a,7702025145300,ean13,Kibo Chips de Lentejas,Kibo,,Snacks y confitería,,,,unidad,,open_dataset,unverified,0.70,open-food-facts-csv:2026-09-08:sha256=f72687ee8bc6522054fe69dbfda6b91902c16af1ec2e043cde27bc6c29ad8176,,,
9f0c2685-7ec6-44b7-9a5a-2ec2ecb3bead,7702025147069,ean13,Galletas wafer tosh sin azucar,Tosh,,Snacks y confitería,,,,unidad,,open_dataset,unverified,0.70,open-food-facts-csv:2026-09-08:sha256=f72687ee8bc6522054fe69dbfda6b91902c16af1ec2e043cde27bc6c29ad8176,,,
1bc2c830-046f-4250-b62c-dea92b3fddfe,7702025147588,ean13,Ducales Provocación Cookies and Cream,Noel,,Snacks y confitería,,,,unidad,,open_dataset,unverified,0.70,open-food-facts-csv:2026-09-08:sha256=f72687ee8bc6522054fe69dbfda6b91902c16af1ec2e043cde27bc6c29ad8176,,,
6d732962-655e-4640-936a-ab0b14cba0d8,7702025148028,ean13,Wafers choco avellanas,Noel,,Snacks y confitería,,,,unidad,,open_dataset,unverified,0.70,open-food-facts-csv:2026-09-08:sha256=f72687ee8bc6522054fe69dbfda6b91902c16af1ec2e043cde27bc6c29ad8176,,,
067b4881-4e3e-4596-9854-93071630cba0,7702025148363,ean13,Crackers 4 cereales - Fusión de Cereales,Tosh,,Snacks y confitería,,,,unidad,,open_dataset,unverified,0.70,open-food-facts-csv:2026-09-08:sha256=f72687ee8bc6522054fe69dbfda6b91902c16af1ec2e043cde27bc6c29ad8176,,,
3887072f-0505-4b1c-8989-64cb36055afb,7702025148455,ean13,Galletas con salvado y miel,TOSH,,Snacks y confitería,,,,unidad,,open_dataset,unverified,0.70,open-food-facts-csv:2026-09-08:sha256=f72687ee8bc6522054fe69dbfda6b91902c16af1ec2e043cde27bc6c29ad8176,,,
293f728b-5ace-4b1d-bb69-6c69d3589710,7702025185375,ean13,Dux Integral,"Noel,Nutresa,Dux",,Snacks y confitería,,,,unidad,,open_dataset,unverified,0.70,open-food-facts-csv:2026-09-08:sha256=f72687ee8bc6522054fe69dbfda6b91902c16af1ec2e043cde27bc6c29ad8176,,,
4ac61d4f-b1cb-46bb-a5f1-ba97073a6473,7702025186440,ean13,Noel Wafers Vainilla,Nutresa,,Snacks y confitería,,,,unidad,,open_dataset,unverified,0.70,open-food-facts-csv:2026-09-08:sha256=f72687ee8bc6522054fe69dbfda6b91902c16af1ec2e043cde27bc6c29ad8176,,,
f69f94f1-4128-4f1e-9eac-b3f99e34780b,7702025186464,ean13,noel wafers,noel,,Snacks y confitería,,,,unidad,,open_dataset,unverified,0.70,open-food-facts-csv:2026-09-08:sha256=f72687ee8bc6522054fe69dbfda6b91902c16af1ec2e043cde27bc6c29ad8176,,,
dfb2a798-4359-4d2a-845b-3a4d535cd292,7702025186921,ean13,Dux Original,"Noel,Nutresa",,Snacks y confitería,,,,unidad,,open_dataset,unverified,0.70,open-food-facts-csv:2026-09-08:sha256=f72687ee8bc6522054fe69dbfda6b91902c16af1ec2e043cde27bc6c29ad8176,,,
a9a9bf0c-4db4-4c6e-9986-e380a8018351,7702025189243,ean13,Saltín Noel Integral,"Noel, Nutresa, Saltín",,Snacks y confitería,,,,unidad,,open_dataset,unverified,0.70,open-food-facts-csv:2026-09-08:sha256=f72687ee8bc6522054fe69dbfda6b91902c16af1ec2e043cde27bc6c29ad8176,,,
d47ca99f-ee38-41a2-8ae3-fed61e93736c,7702026207632,ean13,Mayonesa,"La Constancia,Colombina",,Alimentos,,,,unidad,,open_dataset,unverified,0.70,open-food-facts-csv:2026-09-08:sha256=f72687ee8bc6522054fe69dbfda6b91902c16af1ec2e043cde27bc6c29ad8176,,,
9b1a1347-d24d-49d5-a19a-3b1e977a3908,7702028021472,ean13,Esparcible Gustosita,Diana,,Alimentos,,,,unidad,,open_dataset,unverified,0.70,open-food-facts-csv:2026-09-08:sha256=f72687ee8bc6522054fe69dbfda6b91902c16af1ec2e043cde27bc6c29ad8176,,,
36f56f2e-3157-4668-bab7-8e34cfd0c876,7702028021625,ean13,Margarina Gustosita,Gustosita,,Alimentos,,,,unidad,,open_dataset,unverified,0.70,open-food-facts-csv:2026-09-08:sha256=f72687ee8bc6522054fe69dbfda6b91902c16af1ec2e043cde27bc6c29ad8176,,,
95cfc2cd-43ce-476d-b436-22b54486b0e5,7702032005031,ean13,Cappuccino Mocca,"Colcafé,Nutresa",,Bebidas,,,,unidad,,open_dataset,unverified,0.70,open-food-facts-csv:2026-09-08:sha256=f72687ee8bc6522054fe69dbfda6b91902c16af1ec2e043cde27bc6c29ad8176,,,
6c029eef-7efc-480c-af4c-9b469786e056,7702032104369,ean13,Intenso Granulado,"Colcafé, Nutresa",,Bebidas,,,,unidad,,open_dataset,unverified,0.70,open-food-facts-csv:2026-09-08:sha256=f72687ee8bc6522054fe69dbfda6b91902c16af1ec2e043cde27bc6c29ad8176,,,
31f2fe8d-14d8-4255-9abd-6dfb0f83f483,7702032108572,ean13,Colcafé Coffee Crem,Nutresa,,Bebidas,,,,unidad,,open_dataset,unverified,0.70,open-food-facts-csv:2026-09-08:sha256=f72687ee8bc6522054fe69dbfda6b91902c16af1ec2e043cde27bc6c29ad8176,,,
cd906c60-cfed-47ec-aa99-0119c61993bb,7702032109890,ean13,BastiYá,Colcafé,,Bebidas,,,,unidad,,open_dataset,unverified,0.70,open-food-facts-csv:2026-09-08:sha256=f72687ee8bc6522054fe69dbfda6b91902c16af1ec2e043cde27bc6c29ad8176,,,
720d062b-1040-46e8-8bed-54579b029096,7702032111022,ean13,Cafe,,,Bebidas,,,,unidad,,open_dataset,unverified,0.70,open-food-facts-csv:2026-09-08:sha256=f72687ee8bc6522054fe69dbfda6b91902c16af1ec2e043cde27bc6c29ad8176,,,
e7283d92-6cca-4caa-b642-21a656bd5e74,7702032253111,ean13,Colcafé Clásico,Nutresa,,Bebidas,,,,unidad,,open_dataset,unverified,0.70,open-food-facts-csv:2026-09-08:sha256=f72687ee8bc6522054fe69dbfda6b91902c16af1ec2e043cde27bc6c29ad8176,,,
1ce43309-3ab2-4c5e-ba47-e8d5ad9c22e5,7702032253869,ean13,3 en 1,"Colcafé,Nutresa",,Bebidas,,,,unidad,,open_dataset,unverified,0.70,open-food-facts-csv:2026-09-08:sha256=f72687ee8bc6522054fe69dbfda6b91902c16af1ec2e043cde27bc6c29ad8176,,,
f0b9cacb-beb8-43b6-bb07-c934cc90fe35,7702032553778,ean13,Cappuccino Vainilla,"Colcafé,Nutresa",,Bebidas,,,,unidad,,open_dataset,unverified,0.70,open-food-facts-csv:2026-09-08:sha256=f72687ee8bc6522054fe69dbfda6b91902c16af1ec2e043cde27bc6c29ad8176,,,
36b6315c-fa77-471d-9bf4-ff6f272c488f,7702040007003,ean13,Café Águila Roja,Águila Roja,,Bebidas,,,,unidad,,open_dataset,unverified,0.70,open-food-facts-csv:2026-09-08:sha256=f72687ee8bc6522054fe69dbfda6b91902c16af1ec2e043cde27bc6c29ad8176,,,
a553eb69-fd84-466e-8351-15341259dffa,7702047021934,ean13,salsa de mostaza,FRUCO,,Alimentos,,,,unidad,,open_dataset,unverified,0.70,open-food-facts-csv:2026-09-08:sha256=f72687ee8bc6522054fe69dbfda6b91902c16af1ec2e043cde27bc6c29ad8176,,,
3a3ab1e0-3cc9-4ebe-b982-fe04ffc187dc,7702047039168,ean13,Maizena Súperalimentos Granola y Nueces del Brasil,Maizena,,Alimentos,,,,unidad,,open_dataset,unverified,0.70,open-food-facts-csv:2026-09-08:sha256=f72687ee8bc6522054fe69dbfda6b91902c16af1ec2e043cde27bc6c29ad8176,,,
a54fb1ef-a40a-4d8c-b5eb-18124fa4430f,7702047039175,ean13,Maizena Súperalimentos Granola Frutos del Bosque Fresas y Arándanos,Maizena,,Alimentos,,,,unidad,,open_dataset,unverified,0.70,open-food-facts-csv:2026-09-08:sha256=f72687ee8bc6522054fe69dbfda6b91902c16af1ec2e043cde27bc6c29ad8176,,,
d31bcac5-5a3c-442f-b905-49083761dd9b,7702047039892,ean13,Mayonesa Fruco | 480 g,Fruco,,Alimentos,,,,unidad,,open_dataset,unverified,0.70,open-food-facts-csv:2026-09-08:sha256=f72687ee8bc6522054fe69dbfda6b91902c16af1ec2e043cde27bc6c29ad8176,,,
fca3d4c7-5c1d-437d-9753-e605ffa6c5a2,7702047039991,ean13,Maizena Multicereal Infantil,Maizena,,Alimentos,,,,unidad,,open_dataset,unverified,0.70,open-food-facts-csv:2026-09-08:sha256=f72687ee8bc6522054fe69dbfda6b91902c16af1ec2e043cde27bc6c29ad8176,,,
36de108d-b52e-4ef9-94c2-598806c0abd9,7702047040539,ean13,Salsa De Tomate,Fruco,,Alimentos,,,,unidad,,open_dataset,unverified,0.70,open-food-facts-csv:2026-09-08:sha256=f72687ee8bc6522054fe69dbfda6b91902c16af1ec2e043cde27bc6c29ad8176,,,
5c83430f-debc-41d3-a77e-fb42f18369e4,7702047040843,ean13,Galletas de Navidad Sabor a Chocolate y Vainilla,Maizena,,Snacks y confitería,,,,unidad,,open_dataset,unverified,0.70,open-food-facts-csv:2026-09-08:sha256=f72687ee8bc6522054fe69dbfda6b91902c16af1ec2e043cde27bc6c29ad8176,,,
5b295b0b-ff53-4e93-9cf2-3d1b3eabf271,7702061455104,ean13,Vinagre Blanco,Al' Fresco,,Alimentos,,,,unidad,,open_dataset,unverified,0.70,open-food-facts-csv:2026-09-08:sha256=f72687ee8bc6522054fe69dbfda6b91902c16af1ec2e043cde27bc6c29ad8176,,,
bc241d38-658c-4f10-9ec1-a58b386b6771,7702084137520,ean13,P.A.N. Harina De Maiz Blanco,PAN,,Alimentos,,,,unidad,,open_dataset,unverified,0.70,open-food-facts-csv:2026-09-08:sha256=f72687ee8bc6522054fe69dbfda6b91902c16af1ec2e043cde27bc6c29ad8176,,,
ab1df4e0-1a51-4e3c-a950-4ed503c4449e,7702084137551,ean13,PAN Mezcla para Preparar Arepas de Choclo,Alimentos Polar,,Alimentos,,,,unidad,,open_dataset,unverified,0.70,open-food-facts-csv:2026-09-08:sha256=f72687ee8bc6522054fe69dbfda6b91902c16af1ec2e043cde27bc6c29ad8176,,,
a54b8fe0-0a6c-4228-baf1-39476fc1985f,7702084137575,ean13,Harina de maíz amarillo precocida PAN,,,Alimentos,,,,unidad,,open_dataset,unverified,0.70,open-food-facts-csv:2026-09-08:sha256=f72687ee8bc6522054fe69dbfda6b91902c16af1ec2e043cde27bc6c29ad8176,,,
50ec4a6f-546b-439d-806e-765454e42ca7,7702084137858,ean13,Pan Harina Integral,Alimentos Polar,,Alimentos,,,,unidad,,open_dataset,unverified,0.70,open-food-facts-csv:2026-09-08:sha256=f72687ee8bc6522054fe69dbfda6b91902c16af1ec2e043cde27bc6c29ad8176,,,
b5a2c551-5dd2-429a-915d-4bdc2af06756,7702084137988,ean13,PAN Semillas Nutritivas,Alimentos Polar,,Alimentos,,,,unidad,,open_dataset,unverified,0.70,open-food-facts-csv:2026-09-08:sha256=f72687ee8bc6522054fe69dbfda6b91902c16af1ec2e043cde27bc6c29ad8176,,,
9a3c2eeb-114e-430d-ad79-1de666063dfc,7702085001769,ean13,spaghetti integral multicereal,Doria,,Alimentos,,,,unidad,,open_dataset,unverified,0.70,open-food-facts-csv:2026-09-08:sha256=f72687ee8bc6522054fe69dbfda6b91902c16af1ec2e043cde27bc6c29ad8176,,,
bc09f734-9ddc-4560-9d94-71ec5062b9b4,7702085001974,ean13,Pasta Conchas,Doria,,Alimentos,,,,unidad,,open_dataset,unverified,0.70,open-food-facts-csv:2026-09-08:sha256=f72687ee8bc6522054fe69dbfda6b91902c16af1ec2e043cde27bc6c29ad8176,,,
3483d2f7-debd-4f73-a6bf-d6547d270323,7702085002926,ean13,Doria Spaghetti Sin Gluten,Doria,,Alimentos,,,,unidad,,open_dataset,unverified,0.70,open-food-facts-csv:2026-09-08:sha256=f72687ee8bc6522054fe69dbfda6b91902c16af1ec2e043cde27bc6c29ad8176,,,
aa3e1518-4d3e-4ff4-97ed-0db234403ffe,7702085002933,ean13,Doria Tornillos Sin Gluten,Doria,,Alimentos,,,,unidad,,open_dataset,unverified,0.70,open-food-facts-csv:2026-09-08:sha256=f72687ee8bc6522054fe69dbfda6b91902c16af1ec2e043cde27bc6c29ad8176,,,
faf8dd2f-c63f-4db8-992d-20fbeb5cb861,7702085003503,ean13,Kibo Spaghetti con Proteína de Arveja,KiboFoods,,Alimentos,,,,unidad,,open_dataset,unverified,0.70,open-food-facts-csv:2026-09-08:sha256=f72687ee8bc6522054fe69dbfda6b91902c16af1ec2e043cde27bc6c29ad8176,,,
be9bb8a6-5b1a-42d5-b10e-682b6d0990c6,7702085003916,ean13,Vinagre Balsámico Di Modena,Monticello,,Alimentos,,,,unidad,,open_dataset,unverified,0.70,open-food-facts-csv:2026-09-08:sha256=f72687ee8bc6522054fe69dbfda6b91902c16af1ec2e043cde27bc6c29ad8176,,,
49399e02-dae4-49da-9d0c-b26f5d5048b9,7702085012499,ean13,Doria Tornillos con Verduras,Nutresa,,Alimentos,,,,unidad,,open_dataset,unverified,0.70,open-food-facts-csv:2026-09-08:sha256=f72687ee8bc6522054fe69dbfda6b91902c16af1ec2e043cde27bc6c29ad8176,,,
1a36dff9-b079-4549-b4bf-64e99e2a25d2,7702085021842,ean13,Monticello Aceite de Oliva Extra Virgen,Monticello,,Alimentos,,,,unidad,,open_dataset,unverified,0.70,open-food-facts-csv:2026-09-08:sha256=f72687ee8bc6522054fe69dbfda6b91902c16af1ec2e043cde27bc6c29ad8176,,,
735b450d-6b6b-4cfc-b378-2b08c3f7d2bb,7702085243022,ean13,Spaghetti,Monticello,,Alimentos,,,,unidad,,open_dataset,unverified,0.70,open-food-facts-csv:2026-09-08:sha256=f72687ee8bc6522054fe69dbfda6b91902c16af1ec2e043cde27bc6c29ad8176,,,
e38d48fe-ea54-43ed-92dd-3925dc8f79dc,7702090016369,ean13,Hit Frutas Tropicales,"Hit,Postobón",,Bebidas,,,,unidad,,open_dataset,unverified,0.70,open-food-facts-csv:2026-09-08:sha256=f72687ee8bc6522054fe69dbfda6b91902c16af1ec2e043cde27bc6c29ad8176,,,
47748376-bfbb-4eb1-97a9-c94982ee8bcd,7702090016482,ean13,Bebida Gaseosa Hipinto,Postobón,,Bebidas,,,,unidad,,open_dataset,unverified,0.70,open-food-facts-csv:2026-09-08:sha256=f72687ee8bc6522054fe69dbfda6b91902c16af1ec2e043cde27bc6c29ad8176,,,
c0f07b01-e732-411f-80b2-d19f1b465f5e,7702090020847,ean13,Bretaña,Postobón,,Bebidas,,,,unidad,,open_dataset,unverified,0.70,open-food-facts-csv:2026-09-08:sha256=f72687ee8bc6522054fe69dbfda6b91902c16af1ec2e043cde27bc6c29ad8176,,,
bf0d4fe6-00d9-4022-9258-acf33c2ba1c7,7702090020922,ean13,Canada Dry Ginger Ale,CANADA DRY,,Bebidas,,,,unidad,,open_dataset,unverified,0.70,open-food-facts-csv:2026-09-08:sha256=f72687ee8bc6522054fe69dbfda6b91902c16af1ec2e043cde27bc6c29ad8176,,,
bc6a147d-8508-4136-b54b-35a82e56e060,7702090022711,ean13,Agua Pet 600,Postobon S.A,,Bebidas,,,,unidad,,open_dataset,unverified,0.70,open-food-facts-csv:2026-09-08:sha256=f72687ee8bc6522054fe69dbfda6b91902c16af1ec2e043cde27bc6c29ad8176,,,
6fd39fd8-fa81-4692-abc5-a44a4e79a882,7702090022728,ean13,Manzana Postobón 3 Litros,Postobón,,Bebidas,,,,unidad,,open_dataset,unverified,0.70,open-food-facts-csv:2026-09-08:sha256=f72687ee8bc6522054fe69dbfda6b91902c16af1ec2e043cde27bc6c29ad8176,,,
12142915-25b3-42bb-b4bc-651688241671,7702090023893,ean13,Jugo de Naranja,HiT,,Bebidas,,,,unidad,,open_dataset,unverified,0.70,open-food-facts-csv:2026-09-08:sha256=f72687ee8bc6522054fe69dbfda6b91902c16af1ec2e043cde27bc6c29ad8176,,,
3b7299c1-a82e-4de5-99ab-80709fdbb0f2,7702090027839,ean13,Mr Tea limón,,,Bebidas,,,,unidad,,open_dataset,unverified,0.70,open-food-facts-csv:2026-09-08:sha256=f72687ee8bc6522054fe69dbfda6b91902c16af1ec2e043cde27bc6c29ad8176,,,
87ba2aab-6172-4dd1-981a-d4a16d19c728,7702090033601,ean13,Jugo hit,Postobon,,Bebidas,,,,unidad,,open_dataset,unverified,0.70,open-food-facts-csv:2026-09-08:sha256=f72687ee8bc6522054fe69dbfda6b91902c16af1ec2e043cde27bc6c29ad8176,,,
aa28a96f-c169-4401-b146-5a5798cf1e7a,7702090034134,ean13,Pepsi,Pepsi,,Bebidas,,,,unidad,,open_dataset,unverified,0.70,open-food-facts-csv:2026-09-08:sha256=f72687ee8bc6522054fe69dbfda6b91902c16af1ec2e043cde27bc6c29ad8176,,,
2eb2e815-db74-4196-8a2e-3465a97abfac,7702090035025,ean13,Mr.Tea Cero Calorías Durazno,Postobón,,Bebidas,,,,unidad,,open_dataset,unverified,0.70,open-food-facts-csv:2026-09-08:sha256=f72687ee8bc6522054fe69dbfda6b91902c16af1ec2e043cde27bc6c29ad8176,,,
8e8ba14c-113e-45e9-97f4-80e83e6e6f16,7702090035810,ean13,Jugo de Mandarina,Postobon,,Bebidas,,,,unidad,,open_dataset,unverified,0.70,open-food-facts-csv:2026-09-08:sha256=f72687ee8bc6522054fe69dbfda6b91902c16af1ec2e043cde27bc6c29ad8176,,,
813a1ec5-c57d-4d5a-8e35-eb29effa143d,7702090036534,ean13,7Up,Pepsico,,Bebidas,,,,unidad,,open_dataset,unverified,0.70,open-food-facts-csv:2026-09-08:sha256=f72687ee8bc6522054fe69dbfda6b91902c16af1ec2e043cde27bc6c29ad8176,,,
61261a5b-04b8-49cc-be69-fab443ffc4d9,7702090038064,ean13,Hit mora,Postobón,,Bebidas,,,,unidad,,open_dataset,unverified,0.70,open-food-facts-csv:2026-09-08:sha256=f72687ee8bc6522054fe69dbfda6b91902c16af1ec2e043cde27bc6c29ad8176,,,
45f38637-6fa9-4b6f-a2b4-53ea61f5e23d,7702090040333,ean13,Hatsu Veggiedrink - Bebida con Avellana Sabor Original,Postobón,,Bebidas,,,,unidad,,open_dataset,unverified,0.70,open-food-facts-csv:2026-09-08:sha256=f72687ee8bc6522054fe69dbfda6b91902c16af1ec2e043cde27bc6c29ad8176,,,
27fc63c0-fbc1-478d-a4c9-d20c3e66954f,7702090041521,ean13,Hit Mango,,,Bebidas,,,,unidad,,open_dataset,unverified,0.70,open-food-facts-csv:2026-09-08:sha256=f72687ee8bc6522054fe69dbfda6b91902c16af1ec2e043cde27bc6c29ad8176,,,
c5175181-6c08-4d67-aa43-35a69c896a58,7702090042818,ean13,Ginger Ale,CanadaDry,,Bebidas,,,,unidad,,open_dataset,unverified,0.70,open-food-facts-csv:2026-09-08:sha256=f72687ee8bc6522054fe69dbfda6b91902c16af1ec2e043cde27bc6c29ad8176,,,
721c11d4-2695-40a0-88c8-c82c2b8c4d6c,7702090048445,ean13,Hatsu Amarillo,Postobón,,Bebidas,,,,unidad,,open_dataset,unverified,0.70,open-food-facts-csv:2026-09-08:sha256=f72687ee8bc6522054fe69dbfda6b91902c16af1ec2e043cde27bc6c29ad8176,,,
3a02ebc1-23a0-498a-9038-111d698e7348,7702090048452,ean13,Te blanco Granada y Mora Azul,,,Bebidas,,,,unidad,,open_dataset,unverified,0.70,open-food-facts-csv:2026-09-08:sha256=f72687ee8bc6522054fe69dbfda6b91902c16af1ec2e043cde27bc6c29ad8176,,,
dd0d4d39-333d-4523-be6a-f4b654e675eb,7702090048469,ean13,Hatsu Blanco,Postobón,,Bebidas,,,,unidad,,open_dataset,unverified,0.70,open-food-facts-csv:2026-09-08:sha256=f72687ee8bc6522054fe69dbfda6b91902c16af1ec2e043cde27bc6c29ad8176,,,
cbb935d4-017c-4dee-a7cc-f80bba735cb7,7702090048476,ean13,Hatsu Lila,HATSU,,Bebidas,,,,unidad,,open_dataset,unverified,0.70,open-food-facts-csv:2026-09-08:sha256=f72687ee8bc6522054fe69dbfda6b91902c16af1ec2e043cde27bc6c29ad8176,,,
0a0ed5d7-e0f1-4ffa-8516-03f29cb2ba06,7702090048704,ean13,Hatsu Soda Uva blanca y Romero,Postobón,,Bebidas,,,,unidad,,open_dataset,unverified,0.70,open-food-facts-csv:2026-09-08:sha256=f72687ee8bc6522054fe69dbfda6b91902c16af1ec2e043cde27bc6c29ad8176,,,
32bd7fe8-aa9b-432a-b1ea-560a3eaa3e40,7702090050868,ean13,Cristal con Gas,Postobón,,Bebidas,,,,unidad,,open_dataset,unverified,0.70,open-food-facts-csv:2026-09-08:sha256=f72687ee8bc6522054fe69dbfda6b91902c16af1ec2e043cde27bc6c29ad8176,,,
b4705836-dab0-4d8f-ae9e-21d1b06e9945,7702090051704,ean13,Cristalina,Postobón,,Bebidas,,,,unidad,,open_dataset,unverified,0.70,open-food-facts-csv:2026-09-08:sha256=f72687ee8bc6522054fe69dbfda6b91902c16af1ec2e043cde27bc6c29ad8176,,,
5e48483e-6139-4a27-90f5-a0fc91caa5ae,7702090051773,ean13,Tutti Frutti Salpicón,Postobón,,Bebidas,,,,unidad,,open_dataset,unverified,0.70,open-food-facts-csv:2026-09-08:sha256=f72687ee8bc6522054fe69dbfda6b91902c16af1ec2e043cde27bc6c29ad8176,,,
41fbcdf4-d545-46e7-b1de-1d2d0a8fcf93,7702090063462,ean13,Hatsu soda,,,Bebidas,,,,unidad,,open_dataset,unverified,0.70,open-food-facts-csv:2026-09-08:sha256=f72687ee8bc6522054fe69dbfda6b91902c16af1ec2e043cde27bc6c29ad8176,,,
35216c9e-2ef6-4692-9675-0743c581bf64,7702090064599,ean13,Hit Frutas Tropicales,Postobón,,Bebidas,,,,unidad,,open_dataset,unverified,0.70,open-food-facts-csv:2026-09-08:sha256=f72687ee8bc6522054fe69dbfda6b91902c16af1ec2e043cde27bc6c29ad8176,,,
e0d08b71-998d-44a9-9400-628c3bc91960,7702090065336,ean13,Acqua Frutos Cítricos,Postobón,,Bebidas,,,,unidad,,open_dataset,unverified,0.70,open-food-facts-csv:2026-09-08:sha256=f72687ee8bc6522054fe69dbfda6b91902c16af1ec2e043cde27bc6c29ad8176,,,
740af1c1-bd47-421e-aacb-0a20c36697af,7702090097245,ean13,Energy Drink,Speed Max,,Bebidas,,,,unidad,,open_dataset,unverified,0.70,open-food-facts-csv:2026-09-08:sha256=f72687ee8bc6522054fe69dbfda6b91902c16af1ec2e043cde27bc6c29ad8176,,,
cc67f655-e2e2-4aa0-aca0-2cf7c0c579a3,7702097036643,ean13,La Constancia Mermelada de Mora,Colombina,,Alimentos,,,,unidad,,open_dataset,unverified,0.70,open-food-facts-csv:2026-09-08:sha256=f72687ee8bc6522054fe69dbfda6b91902c16af1ec2e043cde27bc6c29ad8176,,,
16ea0b87-caf3-4718-8ef5-cf6bd59828b5,7702097036650,ean13,La Constancia Mermelada de Fresa,"La Constancia,Colombina",,Alimentos,,,,unidad,,open_dataset,unverified,0.70,open-food-facts-csv:2026-09-08:sha256=f72687ee8bc6522054fe69dbfda6b91902c16af1ec2e043cde27bc6c29ad8176,,,
2a8ade43-71e1-4ada-b5c6-d71e92f45513,7702097051325,ean13,Salsa bbq,,,Alimentos,,,,unidad,,open_dataset,unverified,0.70,open-food-facts-csv:2026-09-08:sha256=f72687ee8bc6522054fe69dbfda6b91902c16af1ec2e043cde27bc6c29ad8176,,,
21d6e8dd-88cd-498d-8595-17eefd638335,7702097057822,ean13,amazon habanero,,,Alimentos,,,,unidad,,open_dataset,unverified,0.70,open-food-facts-csv:2026-09-08:sha256=f72687ee8bc6522054fe69dbfda6b91902c16af1ec2e043cde27bc6c29ad8176,,,
1abfa9a6-2d08-4317-813f-80a80d20aecc,7702097086556,ean13,Salsa con Mostaza,La Constancia,,Alimentos,,,,unidad,,open_dataset,unverified,0.70,open-food-facts-csv:2026-09-08:sha256=f72687ee8bc6522054fe69dbfda6b91902c16af1ec2e043cde27bc6c29ad8176,,,
b732d87d-7adc-40c9-863d-5bf717de9277,7702103000262,ean13,Froot Loops,"Kellogg's,Froot Loops",,Alimentos,,,,unidad,,open_dataset,unverified,0.70,open-food-facts-csv:2026-09-08:sha256=f72687ee8bc6522054fe69dbfda6b91902c16af1ec2e043cde27bc6c29ad8176,,,
ba5c6c80-090d-4745-aaa1-b78bb30c018e,7702103000972,ean13,Granola Tradicional Coco y Almendras,Kellogg's,,Alimentos,,,,unidad,,open_dataset,unverified,0.70,open-food-facts-csv:2026-09-08:sha256=f72687ee8bc6522054fe69dbfda6b91902c16af1ec2e043cde27bc6c29ad8176,,,
6521263f-c027-44e0-b966-5368cfc08993,7702103001245,ean13,Choco Krispis Chips,"Choco Krispis,Kellogg's",,Alimentos,,,,unidad,,open_dataset,unverified,0.70,open-food-facts-csv:2026-09-08:sha256=f72687ee8bc6522054fe69dbfda6b91902c16af1ec2e043cde27bc6c29ad8176,,,
2d0ce0ae-2583-4526-8719-f777de73e804,7702103001504,ean13,Müsli Arándanos,Kellogg’s,,Alimentos,,,,unidad,,open_dataset,unverified,0.70,open-food-facts-csv:2026-09-08:sha256=f72687ee8bc6522054fe69dbfda6b91902c16af1ec2e043cde27bc6c29ad8176,,,
0ea7c035-0381-4435-aa87-9a717776ed5f,7702103002150,ean13,Müsli Melocotón,"Kellogg's,Müsli",,Alimentos,,,,unidad,,open_dataset,unverified,0.70,open-food-facts-csv:2026-09-08:sha256=f72687ee8bc6522054fe69dbfda6b91902c16af1ec2e043cde27bc6c29ad8176,,,
1bacc7ee-08b6-44d2-9f93-814d416e282c,7702103002396,ean13,Harina de maíz blanco,Kellogg's,,Alimentos,,,,unidad,,open_dataset,unverified,0.70,open-food-facts-csv:2026-09-08:sha256=f72687ee8bc6522054fe69dbfda6b91902c16af1ec2e043cde27bc6c29ad8176,,,
01125f40-0e3a-4063-b908-dd0cca272cce,7702103015020,ean13,Zucaritas,"Kellogg's,Zucaritas",,Alimentos,,,,unidad,,open_dataset,unverified,0.70,open-food-facts-csv:2026-09-08:sha256=f72687ee8bc6522054fe69dbfda6b91902c16af1ec2e043cde27bc6c29ad8176,,,
5d7add28-c54d-4f75-ba3c-cd1cb636a67d,7702103019370,ean13,All-Bran Linaza,Kellogg's,,Alimentos,,,,unidad,,open_dataset,unverified,0.70,open-food-facts-csv:2026-09-08:sha256=f72687ee8bc6522054fe69dbfda6b91902c16af1ec2e043cde27bc6c29ad8176,,,
0882cb29-e6dd-4431-bdff-9edaec5adf4b,7702103123947,ean13,Corn Flakes Original Hojuelas de maíz,Kellogg’s,,Alimentos,,,,unidad,,open_dataset,unverified,0.70,open-food-facts-csv:2026-09-08:sha256=f72687ee8bc6522054fe69dbfda6b91902c16af1ec2e043cde27bc6c29ad8176,,,
9684f74c-d77e-4b88-aeb7-e09d737e526a,7702103294692,ean13,Zucaritas,Kellogg’s,,Alimentos,,,,unidad,,open_dataset,unverified,0.70,open-food-facts-csv:2026-09-08:sha256=f72687ee8bc6522054fe69dbfda6b91902c16af1ec2e043cde27bc6c29ad8176,,,
779e37f1-b255-4036-9d31-17e58e301a21,7702103668349,ean13,Corn Flakes,Kellogg's,,Alimentos,,,,unidad,,open_dataset,unverified,0.70,open-food-facts-csv:2026-09-08:sha256=f72687ee8bc6522054fe69dbfda6b91902c16af1ec2e043cde27bc6c29ad8176,,,
ebcdcfb7-2e2e-4f92-87fb-2848f6b23f2a,7702103863454,ean13,Choco Krispis,"Kellogg’s,Choco Krispis",,Alimentos,,,,unidad,,open_dataset,unverified,0.70,open-food-facts-csv:2026-09-08:sha256=f72687ee8bc6522054fe69dbfda6b91902c16af1ec2e043cde27bc6c29ad8176,,,
fd12140f-1e65-4cbc-9559-0fec1e5604f9,7702103884398,ean13,Choco Krispis,Kellogg's,,Alimentos,,,,unidad,,open_dataset,unverified,0.70,open-food-facts-csv:2026-09-08:sha256=f72687ee8bc6522054fe69dbfda6b91902c16af1ec2e043cde27bc6c29ad8176,,,
5a403fcf-a8f7-4ced-9c56-a801b13473c9,7702104010147,ean13,Azúcar,Providencia,,Alimentos,,,,unidad,,open_dataset,unverified,0.70,open-food-facts-csv:2026-09-08:sha256=f72687ee8bc6522054fe69dbfda6b91902c16af1ec2e043cde27bc6c29ad8176,,,
c27bab9e-3c26-40d4-bd90-0c007d522e13,7702109012009,ean13,Margarina La Buena Cremosa,La Buena,,Alimentos,,,,unidad,,open_dataset,unverified,0.70,open-food-facts-csv:2026-09-08:sha256=f72687ee8bc6522054fe69dbfda6b91902c16af1ec2e043cde27bc6c29ad8176,,,
83d6fe59-24c7-4f85-9e96-802f26d5a386,7702109999980,ean13,Campi Sal,campi,,Alimentos,,,,unidad,,open_dataset,unverified,0.70,open-food-facts-csv:2026-09-08:sha256=f72687ee8bc6522054fe69dbfda6b91902c16af1ec2e043cde27bc6c29ad8176,,,
720edcea-5ef0-40cd-9c8d-685644f56cad,7702117001941,ean13,Hiper Wafers,Italo,,Snacks y confitería,,,,unidad,,open_dataset,unverified,0.70,open-food-facts-csv:2026-09-08:sha256=f72687ee8bc6522054fe69dbfda6b91902c16af1ec2e043cde27bc6c29ad8176,,,
b6c71e8c-f316-4e56-b6cf-b2dc30344074,7702117009626,ean13,Wafers Sabor a Guanabana,Italo,,Snacks y confitería,,,,unidad,,open_dataset,unverified,0.70,open-food-facts-csv:2026-09-08:sha256=f72687ee8bc6522054fe69dbfda6b91902c16af1ec2e043cde27bc6c29ad8176,,,
e7b7d568-2343-4d74-9e1e-e40f2615e293,7702117131532,ean13,Italo Chocolatina Sabor a Durazno,Italo,,Snacks y confitería,,,,unidad,,open_dataset,unverified,0.70,open-food-facts-csv:2026-09-08:sha256=f72687ee8bc6522054fe69dbfda6b91902c16af1ec2e043cde27bc6c29ad8176,,,
12b15209-856b-42ae-a09a-79007e545f56,7702129004572,ean13,Leche en polvo,colanta slight,,Bebidas,,,,unidad,,open_dataset,unverified,0.70,open-food-facts-csv:2026-09-08:sha256=f72687ee8bc6522054fe69dbfda6b91902c16af1ec2e043cde27bc6c29ad8176,,,
54529e8e-8d18-430b-b560-26e11d62300a,7702129006460,ean13,Litron pack,,,Bebidas,,,,unidad,,open_dataset,unverified,0.70,open-food-facts-csv:2026-09-08:sha256=f72687ee8bc6522054fe69dbfda6b91902c16af1ec2e043cde27bc6c29ad8176,,,
1311a119-91aa-4480-8087-64c2cd517c03,7702129015400,ean13,Queso blanco 500g,Colanta,,Alimentos,,,,unidad,,open_dataset,unverified,0.70,open-food-facts-csv:2026-09-08:sha256=f72687ee8bc6522054fe69dbfda6b91902c16af1ec2e043cde27bc6c29ad8176,,,
23c65cb1-1c2f-44de-8dcb-5735501c7b87,7702129015523,ean13,Queso Campesino,Colanta,,Alimentos,,,,unidad,,open_dataset,unverified,0.70,open-food-facts-csv:2026-09-08:sha256=f72687ee8bc6522054fe69dbfda6b91902c16af1ec2e043cde27bc6c29ad8176,,,
f0fa64e5-079b-4fd5-bdca-022d7dc1a4ef,7702129019255,ean13,queso parmesano,colanta,,Alimentos,,,,unidad,,open_dataset,unverified,0.70,open-food-facts-csv:2026-09-08:sha256=f72687ee8bc6522054fe69dbfda6b91902c16af1ec2e043cde27bc6c29ad8176,,,
4f5476e2-a14c-471f-a0c0-c33aa701c56c,7702129019316,ean13,Queso parmesano,,,Alimentos,,,,unidad,,open_dataset,unverified,0.70,open-food-facts-csv:2026-09-08:sha256=f72687ee8bc6522054fe69dbfda6b91902c16af1ec2e043cde27bc6c29ad8176,,,
0eeeffbd-feda-4606-b14c-7bd56d167eec,7702129020756,ean13,Queso Mozzarella Tajado,Colanta,,Alimentos,,,,unidad,,open_dataset,unverified,0.70,open-food-facts-csv:2026-09-08:sha256=f72687ee8bc6522054fe69dbfda6b91902c16af1ec2e043cde27bc6c29ad8176,,,
d82d2bdd-783e-4abd-bd84-eeca091d7cb1,7702129025294,ean13,Queso Crema Slight,Colanta,,Alimentos,,,,unidad,,open_dataset,unverified,0.70,open-food-facts-csv:2026-09-08:sha256=f72687ee8bc6522054fe69dbfda6b91902c16af1ec2e043cde27bc6c29ad8176,,,
a7aa01cc-b085-4b0d-ac2b-01be802d71ba,7702129041348,ean13,Yogur descremado con dulce con limon,Colanta,,Alimentos,,,,unidad,,open_dataset,unverified,0.70,open-food-facts-csv:2026-09-08:sha256=f72687ee8bc6522054fe69dbfda6b91902c16af1ec2e043cde27bc6c29ad8176,,,
96881533-99f7-41da-948e-9001a01fdba2,7702129041522,ean13,Yogurt griego x8,Colanta,,Alimentos,,,,unidad,,open_dataset,unverified,0.70,open-food-facts-csv:2026-09-08:sha256=f72687ee8bc6522054fe69dbfda6b91902c16af1ec2e043cde27bc6c29ad8176,,,
fe1eb7a5-d92e-462e-b2d4-83fdbde2d9b0,7702129075114,ean13,Jamón Seleccionado,Colanta,,Alimentos,,,,unidad,,open_dataset,unverified,0.70,open-food-facts-csv:2026-09-08:sha256=f72687ee8bc6522054fe69dbfda6b91902c16af1ec2e043cde27bc6c29ad8176,,,
f4effd00-39e1-44e1-9a59-98a6e7c68592,7702129077279,ean13,Tocineta premium,Colanta,,Alimentos,,,,unidad,,open_dataset,unverified,0.70,open-food-facts-csv:2026-09-08:sha256=f72687ee8bc6522054fe69dbfda6b91902c16af1ec2e043cde27bc6c29ad8176,,,
7854648f-8cb4-499e-9948-8b8b3d4ca110,7702133006661,ean13,Cookies and Cream Oreo,"Nabisco,Oreo",,Snacks y confitería,,,,unidad,,open_dataset,unverified,0.70,open-food-facts-csv:2026-09-08:sha256=f72687ee8bc6522054fe69dbfda6b91902c16af1ec2e043cde27bc6c29ad8176,,,
0772b7fa-53b5-427c-8743-75d07b3155b9,7702133009037,ean13,Galleta Oreo,Oreo,,Snacks y confitería,,,,unidad,,open_dataset,unverified,0.70,open-food-facts-csv:2026-09-08:sha256=f72687ee8bc6522054fe69dbfda6b91902c16af1ec2e043cde27bc6c29ad8176,,,
91b86628-7d40-49d8-8299-d416a2227613,7702133862861,ean13,Trident,Adams,,Snacks y confitería,,,,unidad,,open_dataset,unverified,0.70,open-food-facts-csv:2026-09-08:sha256=f72687ee8bc6522054fe69dbfda6b91902c16af1ec2e043cde27bc6c29ad8176,,,
4a414300-5711-472b-9e45-55a335a437a8,7702141000224,ean13,Z Mezcla de Aceites Vegetales,Team Foods,,Alimentos,,,,unidad,,open_dataset,unverified,0.70,open-food-facts-csv:2026-09-08:sha256=f72687ee8bc6522054fe69dbfda6b91902c16af1ec2e043cde27bc6c29ad8176,,,
e7d66b07-8ffa-41a1-915c-8a15c6e859e1,7702141003256,ean13,Aceite Gourmet Oliva,Team Foods,,Alimentos,,,,unidad,,open_dataset,unverified,0.70,open-food-facts-csv:2026-09-08:sha256=f72687ee8bc6522054fe69dbfda6b91902c16af1ec2e043cde27bc6c29ad8176,,,
b33cbe19-d120-4cdc-ba2c-78448d5834ba,7702141004963,ean13,Bebida De Almendras Sin Azúcar,Jappi,,Bebidas,,,,unidad,,open_dataset,unverified,0.70,open-food-facts-csv:2026-09-08:sha256=f72687ee8bc6522054fe69dbfda6b91902c16af1ec2e043cde27bc6c29ad8176,,,
d37b0de1-a958-4147-a58c-a0ecb98b79a5,7702141008343,ean13,Bebida de avena con almendras,Jappi,,Bebidas,,,,unidad,,open_dataset,unverified,0.70,open-food-facts-csv:2026-09-08:sha256=f72687ee8bc6522054fe69dbfda6b91902c16af1ec2e043cde27bc6c29ad8176,,,
20c29298-5626-4115-b355-2baec5f186cb,7702141009470,ean13,Lolita mantequilla,Nueva,,Alimentos,,,,unidad,,open_dataset,unverified,0.70,open-food-facts-csv:2026-09-08:sha256=f72687ee8bc6522054fe69dbfda6b91902c16af1ec2e043cde27bc6c29ad8176,,,
4aa683be-618d-46a8-828a-05f4c4c9d616,7702141676573,ean13,Vidalia Vital Chocolate,Vidalia,,Snacks y confitería,,,,unidad,,open_dataset,unverified,0.70,open-food-facts-csv:2026-09-08:sha256=f72687ee8bc6522054fe69dbfda6b91902c16af1ec2e043cde27bc6c29ad8176,,,
ee22a752-9a86-4bcf-a007-b2bf650acbcd,7702152001036,ean13,Papas Fritas Fosforitos,,,Snacks y confitería,,,,unidad,,open_dataset,unverified,0.70,open-food-facts-csv:2026-09-08:sha256=f72687ee8bc6522054fe69dbfda6b91902c16af1ec2e043cde27bc6c29ad8176,,,
f8651e64-6d2c-47af-963f-be9c6d130629,7702152001821,ean13,Fosforitos,Super Ricas,,Snacks y confitería,,,,unidad,,open_dataset,unverified,0.70,open-food-facts-csv:2026-09-08:sha256=f72687ee8bc6522054fe69dbfda6b91902c16af1ec2e043cde27bc6c29ad8176,,,
ee501a85-65a5-4a89-8879-067bf944d039,7702152008950,ean13,Todo Rico El Original,Todo Rico,,Snacks y confitería,,,,unidad,,open_dataset,unverified,0.70,open-food-facts-csv:2026-09-08:sha256=f72687ee8bc6522054fe69dbfda6b91902c16af1ec2e043cde27bc6c29ad8176,,,
61ff9647-d5cf-4fa0-b1f8-6ba0d01771eb,7702160001288,ean13,Salchicha Viena BLONY,BLONY,,Alimentos,,,,unidad,,open_dataset,unverified,0.70,open-food-facts-csv:2026-09-08:sha256=f72687ee8bc6522054fe69dbfda6b91902c16af1ec2e043cde27bc6c29ad8176,,,
b9fa22dc-85e1-4327-8528-d34a98c5afa1,7702160002537,ean13,Salchichas viena de pollo,blony,,Alimentos,,,,unidad,,open_dataset,unverified,0.70,open-food-facts-csv:2026-09-08:sha256=f72687ee8bc6522054fe69dbfda6b91902c16af1ec2e043cde27bc6c29ad8176,,,
b6872941-50e5-4163-8412-7325e0f14ba2,7702161002000,ean13,Margarina La Fina,Grasco,,Alimentos,,,,unidad,,open_dataset,unverified,0.70,open-food-facts-csv:2026-09-08:sha256=f72687ee8bc6522054fe69dbfda6b91902c16af1ec2e043cde27bc6c29ad8176,,,
7777cd2c-a324-42b7-b1ea-46f742ce3081,7702167125031,ean13,arveja con zanahoria enlatada respin,,,Alimentos,,,,unidad,,open_dataset,unverified,0.70,open-food-facts-csv:2026-09-08:sha256=f72687ee8bc6522054fe69dbfda6b91902c16af1ec2e043cde27bc6c29ad8176,,,
33e69bd0-7cdf-42c6-9350-2d2b4bcb53b5,7702174066938,ean13,Frunas,Frunas,,Snacks y confitería,,,,unidad,,open_dataset,unverified,0.70,open-food-facts-csv:2026-09-08:sha256=f72687ee8bc6522054fe69dbfda6b91902c16af1ec2e043cde27bc6c29ad8176,,,
fe413663-89df-48b0-90a0-c341f6a8904a,7702174072878,ean13,Click Mints Sabor a Menta,Aldor,,Snacks y confitería,,,,unidad,,open_dataset,unverified,0.70,open-food-facts-csv:2026-09-08:sha256=f72687ee8bc6522054fe69dbfda6b91902c16af1ec2e043cde27bc6c29ad8176,,,
368f56fc-2f3a-422c-99b6-ceb8467d14de,7702174079075,ean13,Trolli Ana y Conda,Trolli,,Snacks y confitería,,,,unidad,,open_dataset,unverified,0.70,open-food-facts-csv:2026-09-08:sha256=f72687ee8bc6522054fe69dbfda6b91902c16af1ec2e043cde27bc6c29ad8176,,,
571d963d-12df-4f8f-8270-5d10b6760da2,7702174079433,ean13,Gomitas Play,,,Snacks y confitería,,,,unidad,,open_dataset,unverified,0.70,open-food-facts-csv:2026-09-08:sha256=f72687ee8bc6522054fe69dbfda6b91902c16af1ec2e043cde27bc6c29ad8176,,,
f7753a19-5e8c-4dc2-95d7-432e2065af43,7702174083454,ean13,Yogueta Fresa,Yogueta,,Snacks y confitería,,,,unidad,,open_dataset,unverified,0.70,open-food-facts-csv:2026-09-08:sha256=f72687ee8bc6522054fe69dbfda6b91902c16af1ec2e043cde27bc6c29ad8176,,,
3dda44ee-55d8-4c6a-956a-233887e9162e,7702174084482,ean13,Sucette fraise,Pin pop,,Snacks y confitería,,,,unidad,,open_dataset,unverified,0.70,open-food-facts-csv:2026-09-08:sha256=f72687ee8bc6522054fe69dbfda6b91902c16af1ec2e043cde27bc6c29ad8176,,,
e41f2da6-8ac8-494c-a6b9-38d2db8d30ae,7702177001790,ean13,Sour cream,,,Alimentos,,,,unidad,,open_dataset,unverified,0.70,open-food-facts-csv:2026-09-08:sha256=f72687ee8bc6522054fe69dbfda6b91902c16af1ec2e043cde27bc6c29ad8176,,,
29e0ad02-a2fb-4f09-ba84-c2643e18e650,7702177002865,ean13,0% Grasa Baja en Colesterol,Alquería,,Bebidas,,,,unidad,,open_dataset,unverified,0.70,open-food-facts-csv:2026-09-08:sha256=f72687ee8bc6522054fe69dbfda6b91902c16af1ec2e043cde27bc6c29ad8176,,,
8470b403-872c-4e4a-b662-e946dce5747c,7702177004210,ean13,Leche Entera,Alquería,,Bebidas,,,,unidad,,open_dataset,unverified,0.70,open-food-facts-csv:2026-09-08:sha256=f72687ee8bc6522054fe69dbfda6b91902c16af1ec2e043cde27bc6c29ad8176,,,
257e5b2d-2894-48d1-9b8e-b600aef47595,7702177004234,ean13,Leche deslactosada,Alqueria,,Bebidas,,,,unidad,,open_dataset,unverified,0.70,open-food-facts-csv:2026-09-08:sha256=f72687ee8bc6522054fe69dbfda6b91902c16af1ec2e043cde27bc6c29ad8176,,,
ed7d243a-16bd-4f4a-9d30-df547758e1e8,7702177009208,ean13,Milk,,,Bebidas,,,,unidad,,open_dataset,unverified,0.70,open-food-facts-csv:2026-09-08:sha256=f72687ee8bc6522054fe69dbfda6b91902c16af1ec2e043cde27bc6c29ad8176,,,
ee68edf6-7486-4790-bc31-abf76541f72b,7702177019245,ean13,Bebida de Almendras Original,Alquería,,Bebidas,,,,unidad,,open_dataset,unverified,0.70,open-food-facts-csv:2026-09-08:sha256=f72687ee8bc6522054fe69dbfda6b91902c16af1ec2e043cde27bc6c29ad8176,,,
3f304d7d-fc0c-4515-b526-3dcdd39d246c,7702177021316,ean13,Leche Megalitro alquería 40% balance semidescremada,Alquería,,Bebidas,,,,unidad,,open_dataset,unverified,0.70,open-food-facts-csv:2026-09-08:sha256=f72687ee8bc6522054fe69dbfda6b91902c16af1ec2e043cde27bc6c29ad8176,,,
a4709236-8e0d-4bb2-88db-05c388508de7,7702177022337,ean13,Crema De Leche,Alquería,,Alimentos,,,,unidad,,open_dataset,unverified,0.70,open-food-facts-csv:2026-09-08:sha256=f72687ee8bc6522054fe69dbfda6b91902c16af1ec2e043cde27bc6c29ad8176,,,
edd57d84-1a15-4046-ba16-d4175cbd43f6,7702189000019,ean13,Margarita Natural,Margarita,,Alimentos,,,,unidad,,open_dataset,unverified,0.70,open-food-facts-csv:2026-09-08:sha256=f72687ee8bc6522054fe69dbfda6b91902c16af1ec2e043cde27bc6c29ad8176,,,
f0197e83-f6a8-41fc-9e6c-91d13918dd90,7702189012494,ean13,Papas Fritas Sabor Natural,Frito Lay,,Snacks y confitería,,,,unidad,,open_dataset,unverified,0.70,open-food-facts-csv:2026-09-08:sha256=f72687ee8bc6522054fe69dbfda6b91902c16af1ec2e043cde27bc6c29ad8176,,,
d56e709c-4045-4381-9c42-75c42370becb,7702189012531,ean13,Margarita Pollo,Pepsico,,Snacks y confitería,,,,unidad,,open_dataset,unverified,0.70,open-food-facts-csv:2026-09-08:sha256=f72687ee8bc6522054fe69dbfda6b91902c16af1ec2e043cde27bc6c29ad8176,,,
1c0e14e3-bee4-46fe-b731-3b2ee0c141af,7702189012579,ean13,Margarita Limón,Pepsico,,Snacks y confitería,,,,unidad,,open_dataset,unverified,0.70,open-food-facts-csv:2026-09-08:sha256=f72687ee8bc6522054fe69dbfda6b91902c16af1ec2e043cde27bc6c29ad8176,,,
650d1f2c-e7cf-4de7-95a7-fc71a0ea3067,7702189028808,ean13,Potato ships,Pepsico,,Snacks y confitería,,,,unidad,,open_dataset,unverified,0.70,open-food-facts-csv:2026-09-08:sha256=f72687ee8bc6522054fe69dbfda6b91902c16af1ec2e043cde27bc6c29ad8176,,,
11eedecf-6f20-4d6a-b8d1-f7b894718c3c,7702189033093,ean13,fosforitos,frito lay,,Alimentos,,,,unidad,,open_dataset,unverified,0.70,open-food-facts-csv:2026-09-08:sha256=f72687ee8bc6522054fe69dbfda6b91902c16af1ec2e043cde27bc6c29ad8176,,,
349756da-f01e-4565-9c97-6155f192682e,7702189035141,ean13,Galleta Sabor Frutos Rojos,Quaker,,Snacks y confitería,,,,unidad,,open_dataset,unverified,0.70,open-food-facts-csv:2026-09-08:sha256=f72687ee8bc6522054fe69dbfda6b91902c16af1ec2e043cde27bc6c29ad8176,,,
68c50b07-f7e6-4998-9f87-8ad289df6b56,7702189045287,ean13,De Todito Mañanita Delicias Horneadas,Frito Lay,,Snacks y confitería,,,,unidad,,open_dataset,unverified,0.70,open-food-facts-csv:2026-09-08:sha256=f72687ee8bc6522054fe69dbfda6b91902c16af1ec2e043cde27bc6c29ad8176,,,
1f7908eb-988a-4f63-ab7f-0ca1079809c5,7702189045751,ean13,Maduritos,Natu Chips,,Snacks y confitería,,,,unidad,,open_dataset,unverified,0.70,open-food-facts-csv:2026-09-08:sha256=f72687ee8bc6522054fe69dbfda6b91902c16af1ec2e043cde27bc6c29ad8176,,,
7568562a-cc65-4574-9c70-12256dd6eca8,7702189045775,ean13,Chicharrón Americano Jacks,Pepsico,,Snacks y confitería,,,,unidad,,open_dataset,unverified,0.70,open-food-facts-csv:2026-09-08:sha256=f72687ee8bc6522054fe69dbfda6b91902c16af1ec2e043cde27bc6c29ad8176,,,
10cfe5f9-1f60-4af4-b98c-1ab190d3db73,7702189045799,ean13,Choclitos Limon,Frito lay,,Snacks y confitería,,,,unidad,,open_dataset,unverified,0.70,open-food-facts-csv:2026-09-08:sha256=f72687ee8bc6522054fe69dbfda6b91902c16af1ec2e043cde27bc6c29ad8176,,,
db2523af-0ccf-4d6c-a3dd-194e93b5082e,7702189048233,ean13,Galleta avena,,,Snacks y confitería,,,,unidad,,open_dataset,unverified,0.70,open-food-facts-csv:2026-09-08:sha256=f72687ee8bc6522054fe69dbfda6b91902c16af1ec2e043cde27bc6c29ad8176,,,
e0015085-f5ce-474f-af65-340cf0bc9740,7702189050137,ean13,NatuChips Multicereal Sal Marina & Ajonjolí,,,Snacks y confitería,,,,unidad,,open_dataset,unverified,0.70,open-food-facts-csv:2026-09-08:sha256=f72687ee8bc6522054fe69dbfda6b91902c16af1ec2e043cde27bc6c29ad8176,,,
3795988b-9450-47a8-90b6-51c84a2b1833,7702189051455,ean13,Margarita Receta Clásica Alitas BBQ,Frito Lay,,Snacks y confitería,,,,unidad,,open_dataset,unverified,0.70,open-food-facts-csv:2026-09-08:sha256=f72687ee8bc6522054fe69dbfda6b91902c16af1ec2e043cde27bc6c29ad8176,,,
6979eb2e-91a7-4f15-9932-ffb0474f7ff7,7702189053077,ean13,Galletas 100% Naturales Sin Azúcar Con Almendras,Quaker,,Snacks y confitería,,,,unidad,,open_dataset,unverified,0.70,open-food-facts-csv:2026-09-08:sha256=f72687ee8bc6522054fe69dbfda6b91902c16af1ec2e043cde27bc6c29ad8176,,,
43e1a0fb-610b-448c-aaf1-e038941485c6,7702189053121,ean13,Papas fritas Margarita,,,Snacks y confitería,,,,unidad,,open_dataset,unverified,0.70,open-food-facts-csv:2026-09-08:sha256=f72687ee8bc6522054fe69dbfda6b91902c16af1ec2e043cde27bc6c29ad8176,,,
fbc4ce8c-6410-4e5f-b80b-dac007f8993b,7702189053312,ean13,Quaker 100% Pasas y Chia,Quaker,,Snacks y confitería,,,,unidad,,open_dataset,unverified,0.70,open-food-facts-csv:2026-09-08:sha256=f72687ee8bc6522054fe69dbfda6b91902c16af1ec2e043cde27bc6c29ad8176,,,
be3cdfff-3fac-4d9c-96e3-687e4b14bd9a,7702189053787,ean13,Margarita Natural,Frito Lay,,Snacks y confitería,,,,unidad,,open_dataset,unverified,0.70,open-food-facts-csv:2026-09-08:sha256=f72687ee8bc6522054fe69dbfda6b91902c16af1ec2e043cde27bc6c29ad8176,,,
b6b2345b-1550-44ef-9033-1e71581c1419,7702189054210,ean13,De Todito BBQ,Frito Lay,,Snacks y confitería,,,,unidad,,open_dataset,unverified,0.70,open-food-facts-csv:2026-09-08:sha256=f72687ee8bc6522054fe69dbfda6b91902c16af1ec2e043cde27bc6c29ad8176,,,
078056a0-cd50-433d-96f8-daa312bc542c,7702189055170,ean13,Choclitos Picante,Frito Lay,,Snacks y confitería,,,,unidad,,open_dataset,unverified,0.70,open-food-facts-csv:2026-09-08:sha256=f72687ee8bc6522054fe69dbfda6b91902c16af1ec2e043cde27bc6c29ad8176,,,
0af6767c-9b84-4a5e-b609-11c7cde9b279,7702189055217,ean13,Margarita Onduladas Tomate,Frito Lay,,Snacks y confitería,,,,unidad,,open_dataset,unverified,0.70,open-food-facts-csv:2026-09-08:sha256=f72687ee8bc6522054fe69dbfda6b91902c16af1ec2e043cde27bc6c29ad8176,,,
512e553d-142a-46e8-8b03-ed70c82f6e51,7702189055316,ean13,Rosquitas jacks,,,Snacks y confitería,,,,unidad,,open_dataset,unverified,0.70,open-food-facts-csv:2026-09-08:sha256=f72687ee8bc6522054fe69dbfda6b91902c16af1ec2e043cde27bc6c29ad8176,,,
136efb94-8b77-419c-b791-a3741ceca3c3,7702189055545,ean13,de todito BbQ,detodito,,Snacks y confitería,,,,unidad,,open_dataset,unverified,0.70,open-food-facts-csv:2026-09-08:sha256=f72687ee8bc6522054fe69dbfda6b91902c16af1ec2e043cde27bc6c29ad8176,,,
35e0d8e0-aeb8-4629-bd31-aec5c5bbda1e,7702189056214,ean13,Chokis Clásica,Gamesa,,Snacks y confitería,,,,unidad,,open_dataset,unverified,0.70,open-food-facts-csv:2026-09-08:sha256=f72687ee8bc6522054fe69dbfda6b91902c16af1ec2e043cde27bc6c29ad8176,,,
4cc15fe3-b96f-4910-b841-9e038c57e418,7702189056245,ean13,Chokis Choco Base,Chokis,,Snacks y confitería,,,,unidad,,open_dataset,unverified,0.70,open-food-facts-csv:2026-09-08:sha256=f72687ee8bc6522054fe69dbfda6b91902c16af1ec2e043cde27bc6c29ad8176,,,
4a0c77e0-3058-4a57-8986-88ba75ff169d,7702189056313,ean13,Chokis Clásica,"Chokis,Pepsico,Gamesa",,Snacks y confitería,,,,unidad,,open_dataset,unverified,0.70,open-food-facts-csv:2026-09-08:sha256=f72687ee8bc6522054fe69dbfda6b91902c16af1ec2e043cde27bc6c29ad8176,,,
6556e0df-35e7-4c7b-b6a3-5612b22a0209,7702189056658,ean13,DeTodito Mix,Fritolay,,Snacks y confitería,,,,unidad,,open_dataset,unverified,0.70,open-food-facts-csv:2026-09-08:sha256=f72687ee8bc6522054fe69dbfda6b91902c16af1ec2e043cde27bc6c29ad8176,,,
8ab06ffb-1f71-4fc9-a243-bd1d3e604a4a,7702189056795,ean13,Cheese Tris,Frito Lay,,Alimentos,,,,unidad,,open_dataset,unverified,0.70,open-food-facts-csv:2026-09-08:sha256=f72687ee8bc6522054fe69dbfda6b91902c16af1ec2e043cde27bc6c29ad8176,,,
82ed8568-1ecc-45a9-81d4-a3aa12102d36,7702189057938,ean13,Doritos dinamita Flamin Hot,,,Snacks y confitería,,,,unidad,,open_dataset,unverified,0.70,open-food-facts-csv:2026-09-08:sha256=f72687ee8bc6522054fe69dbfda6b91902c16af1ec2e043cde27bc6c29ad8176,,,
f4d22667-9061-4f23-ac93-f781036c3faa,7702192218050,ean13,Gatorade Mandarina,Gatorade,,Bebidas,,,,unidad,,open_dataset,unverified,0.70,open-food-facts-csv:2026-09-08:sha256=f72687ee8bc6522054fe69dbfda6b91902c16af1ec2e043cde27bc6c29ad8176,,,
e85871ae-f87d-4bdb-94e5-9e7db3993d47,7702192422051,ean13,Gatorade Frutos Tropicales,Postobon,,Bebidas,,,,unidad,,open_dataset,unverified,0.70,open-food-facts-csv:2026-09-08:sha256=f72687ee8bc6522054fe69dbfda6b91902c16af1ec2e043cde27bc6c29ad8176,,,
7978e66b-8d67-4eb6-ad0b-7fa3feb0bad9,7702192741749,ean13,Pepsi,"pepsi, Pepsi, Pepsi-Cola, PepsiCo Inc.",,Bebidas,,,,unidad,,open_dataset,unverified,0.70,open-food-facts-csv:2026-09-08:sha256=f72687ee8bc6522054fe69dbfda6b91902c16af1ec2e043cde27bc6c29ad8176,,,
245daa29-8d0c-46c4-b43d-7ac7e54c83bb,7702193100491,ean13,Don Pancho Hojuelas,Alimentos Polar,,Alimentos,,,,unidad,,open_dataset,unverified,0.70,open-food-facts-csv:2026-09-08:sha256=f72687ee8bc6522054fe69dbfda6b91902c16af1ec2e043cde27bc6c29ad8176,,,
a1186b5b-7313-4fb3-bc0f-652c249d44c1,7702193103119,ean13,Avena Molida Don Pancho,Alimentos Polar,,Alimentos,,,,unidad,,open_dataset,unverified,0.70,open-food-facts-csv:2026-09-08:sha256=f72687ee8bc6522054fe69dbfda6b91902c16af1ec2e043cde27bc6c29ad8176,,,
e165e7d3-e9a7-4c80-a32d-fbabce988935,7702193407248,ean13,Aunt Jemima La Original,"Alimentos Polar,The Quaker Oats Company",,Alimentos,,,,unidad,,open_dataset,unverified,0.70,open-food-facts-csv:2026-09-08:sha256=f72687ee8bc6522054fe69dbfda6b91902c16af1ec2e043cde27bc6c29ad8176,,,
a960fe6d-f6c0-4432-83d4-006e9418fbab,7702193850006,ean13,Aritos,Quaker,,Alimentos,,,,unidad,,open_dataset,unverified,0.70,open-food-facts-csv:2026-09-08:sha256=f72687ee8bc6522054fe69dbfda6b91902c16af1ec2e043cde27bc6c29ad8176,,,
fa38564f-eb8b-4b72-b049-904e73fb44c4,7702222000013,ean13,Queso butirro,Del vecchio,,Alimentos,,,,unidad,,open_dataset,unverified,0.70,open-food-facts-csv:2026-09-08:sha256=f72687ee8bc6522054fe69dbfda6b91902c16af1ec2e043cde27bc6c29ad8176,,,
c6aac5b3-47a7-4cdd-83f3-11b2a36873b6,7702247010035,ean13,Yoghurt Postre Sin Dulce,Pasco,,Alimentos,,,,unidad,,open_dataset,unverified,0.70,open-food-facts-csv:2026-09-08:sha256=f72687ee8bc6522054fe69dbfda6b91902c16af1ec2e043cde27bc6c29ad8176,,,
9f3afb23-0ffc-4efe-8030-ab7d5f472043,7702247010523,ean13,Kefir Deslactosado,Pasco,,Bebidas,,,,unidad,,open_dataset,unverified,0.70,open-food-facts-csv:2026-09-08:sha256=f72687ee8bc6522054fe69dbfda6b91902c16af1ec2e043cde27bc6c29ad8176,,,
7b39c8dc-d99a-48cd-ad08-06bf1cab7086,7702256020001,ean13,Brownie de arequipe,Mamá ia,,Snacks y confitería,,,,unidad,,open_dataset,unverified,0.70,open-food-facts-csv:2026-09-08:sha256=f72687ee8bc6522054fe69dbfda6b91902c16af1ec2e043cde27bc6c29ad8176,,,
a95601ea-3a26-4a77-8a94-0d1f2d02a565,7702276001226,ean13,Pan centeno negro,Maxli®,,Alimentos,,,,unidad,,open_dataset,unverified,0.70,open-food-facts-csv:2026-09-08:sha256=f72687ee8bc6522054fe69dbfda6b91902c16af1ec2e043cde27bc6c29ad8176,,,
a59012fd-e40c-496e-98ec-bd0b983bf1bf,7702281966596,ean13,Salsa mayo,Frugal,,Alimentos,,,,unidad,,open_dataset,unverified,0.70,open-food-facts-csv:2026-09-08:sha256=f72687ee8bc6522054fe69dbfda6b91902c16af1ec2e043cde27bc6c29ad8176,,,
e41fbcdd-a5a7-4464-94bd-73b6b0a26e17,7702312290010,ean13,Arvejas con Zanahoria,La Coruña,,Alimentos,,,,unidad,,open_dataset,unverified,0.70,open-food-facts-csv:2026-09-08:sha256=f72687ee8bc6522054fe69dbfda6b91902c16af1ec2e043cde27bc6c29ad8176,,,
b8dbab98-7034-4aa7-8297-c4796a8a5d06,7702345763000,ean13,Pomar Avena,Pomar,,Bebidas,,,,unidad,,open_dataset,unverified,0.70,open-food-facts-csv:2026-09-08:sha256=f72687ee8bc6522054fe69dbfda6b91902c16af1ec2e043cde27bc6c29ad8176,,,
2f1edee3-0d48-41fe-b064-6528cb6b47fc,7702345924425,ean13,Bebida Láctea Proteína Banano,Pomar,,Bebidas,,,,unidad,,open_dataset,unverified,0.70,open-food-facts-csv:2026-09-08:sha256=f72687ee8bc6522054fe69dbfda6b91902c16af1ec2e043cde27bc6c29ad8176,,,
901a72f8-1616-4324-9927-7bdf94540a9d,7702348212147,ean13,Súper Salchicha,Cunit,,Alimentos,,,,unidad,,open_dataset,unverified,0.70,open-food-facts-csv:2026-09-08:sha256=f72687ee8bc6522054fe69dbfda6b91902c16af1ec2e043cde27bc6c29ad8176,,,
f6f2bff4-d5a5-41ed-87d3-612ce96b89b7,7702354025182,ean13,Frutiño,Quala S.A,,Bebidas,,,,unidad,,open_dataset,unverified,0.70,open-food-facts-csv:2026-09-08:sha256=f72687ee8bc6522054fe69dbfda6b91902c16af1ec2e043cde27bc6c29ad8176,,,
9c296721-c71a-49fc-889f-4bb6d0773291,7702354032340,ean13,Frutiño Limonada,,,Bebidas,,,,unidad,,open_dataset,unverified,0.70,open-food-facts-csv:2026-09-08:sha256=f72687ee8bc6522054fe69dbfda6b91902c16af1ec2e043cde27bc6c29ad8176,,,
ebc3aa74-ea86-4f8f-b3d2-947c3f226a37,7702354929657,ean13,SunTea Durazno,Quala,,Bebidas,,,,unidad,,open_dataset,unverified,0.70,open-food-facts-csv:2026-09-08:sha256=f72687ee8bc6522054fe69dbfda6b91902c16af1ec2e043cde27bc6c29ad8176,,,
5b0f8896-e7ad-4616-a0a1-51a8a5fa95ed,7702354934361,ean13,Vive100 Original,Vive 100,,Bebidas,,,,unidad,,open_dataset,unverified,0.70,open-food-facts-csv:2026-09-08:sha256=f72687ee8bc6522054fe69dbfda6b91902c16af1ec2e043cde27bc6c29ad8176,,,
c9b2b0b0-a32d-4fd4-a761-4488de3b89a5,7702354934859,ean13,Insta crem,Insta crem,,Bebidas,,,,unidad,,open_dataset,unverified,0.70,open-food-facts-csv:2026-09-08:sha256=f72687ee8bc6522054fe69dbfda6b91902c16af1ec2e043cde27bc6c29ad8176,,,
7a5488e7-a2a9-49c2-b2fb-b06ae86cd24c,7702354939694,ean13,Popetas Mix Caramelo Queso,BONICE,,Snacks y confitería,,,,unidad,,open_dataset,unverified,0.70,open-food-facts-csv:2026-09-08:sha256=f72687ee8bc6522054fe69dbfda6b91902c16af1ec2e043cde27bc6c29ad8176,,,
ab3ee46a-7edc-4ed5-a301-bfabafc1d005,7702354941277,ean13,SunTea Limón,Quala,,Bebidas,,,,unidad,,open_dataset,unverified,0.70,open-food-facts-csv:2026-09-08:sha256=f72687ee8bc6522054fe69dbfda6b91902c16af1ec2e043cde27bc6c29ad8176,,,
35c4f657-5ef7-4d01-af64-fcecf2512910,7702354944193,ean13,Vive 100% Açai,Quala,,Bebidas,,,,unidad,,open_dataset,unverified,0.70,open-food-facts-csv:2026-09-08:sha256=f72687ee8bc6522054fe69dbfda6b91902c16af1ec2e043cde27bc6c29ad8176,,,
8a45b5bb-e607-42ee-9496-319d1f84d2f4,7702354946944,ean13,Vive100,Quala,,Bebidas,,,,unidad,,open_dataset,unverified,0.70,open-food-facts-csv:2026-09-08:sha256=f72687ee8bc6522054fe69dbfda6b91902c16af1ec2e043cde27bc6c29ad8176,,,
48444215-4e9b-46cf-8172-fceafa0c4c9f,7702354950620,ean13,Frizz Manzana,Quala,,Bebidas,,,,unidad,,open_dataset,unverified,0.70,open-food-facts-csv:2026-09-08:sha256=f72687ee8bc6522054fe69dbfda6b91902c16af1ec2e043cde27bc6c29ad8176,,,
4cc9e175-1f44-413c-a861-71ec45b3af0b,7702354950866,ean13,Vive 100 Zero,Quala,,Bebidas,,,,unidad,,open_dataset,unverified,0.70,open-food-facts-csv:2026-09-08:sha256=f72687ee8bc6522054fe69dbfda6b91902c16af1ec2e043cde27bc6c29ad8176,,,
482a8573-92b3-4ea6-a7ac-31335d29e3de,7702354951382,ean13,Sun Tea sabor a limón,Quala,,Bebidas,,,,unidad,,open_dataset,unverified,0.70,open-food-facts-csv:2026-09-08:sha256=f72687ee8bc6522054fe69dbfda6b91902c16af1ec2e043cde27bc6c29ad8176,,,
1457ac3e-8906-4113-9baf-090ea79b961e,7702354953546,ean13,Energy Amper,Quala S.A,,Bebidas,,,,unidad,,open_dataset,unverified,0.70,open-food-facts-csv:2026-09-08:sha256=f72687ee8bc6522054fe69dbfda6b91902c16af1ec2e043cde27bc6c29ad8176,,,
f51ac1cd-6229-4b61-bede-7417f0ee9aaf,7702354957339,ean13,AMPER ultra,,,Bebidas,,,,unidad,,open_dataset,unverified,0.70,open-food-facts-csv:2026-09-08:sha256=f72687ee8bc6522054fe69dbfda6b91902c16af1ec2e043cde27bc6c29ad8176,,,
9f321c7e-6f9a-4bcf-8349-f8168244ce61,7702354959401,ean13,Amper Mango,Amper,,Bebidas,,,,unidad,,open_dataset,unverified,0.70,open-food-facts-csv:2026-09-08:sha256=f72687ee8bc6522054fe69dbfda6b91902c16af1ec2e043cde27bc6c29ad8176,,,
063ec1be-d114-4d4d-8301-2392c893a642,7702367000022,ean13,Lomitos de Atún en Agua,Van Camp’s,,Alimentos,,,,unidad,,open_dataset,unverified,0.70,open-food-facts-csv:2026-09-08:sha256=f72687ee8bc6522054fe69dbfda6b91902c16af1ec2e043cde27bc6c29ad8176,,,
e4ac3ffd-3522-415e-9a7a-9e268acb820b,7702367000558,ean13,Atún en agua,,,Alimentos,,,,unidad,,open_dataset,unverified,0.70,open-food-facts-csv:2026-09-08:sha256=f72687ee8bc6522054fe69dbfda6b91902c16af1ec2e043cde27bc6c29ad8176,,,
7de30670-0f5f-47e1-8419-ea285962f366,7702367000794,ean13,"Lomos de atún (Ensalada con Atún, maiz y vegetales)",Van Camp's,,Alimentos,,,,unidad,,open_dataset,unverified,0.70,open-food-facts-csv:2026-09-08:sha256=f72687ee8bc6522054fe69dbfda6b91902c16af1ec2e043cde27bc6c29ad8176,,,
5b920621-0ecc-4e35-affc-70798483a955,7702369302018,ean13,Leche Entera,Recreo,,Bebidas,,,,unidad,,open_dataset,unverified,0.70,open-food-facts-csv:2026-09-08:sha256=f72687ee8bc6522054fe69dbfda6b91902c16af1ec2e043cde27bc6c29ad8176,,,
4c0634c1-68a4-488e-b43b-03ee302a6dc6,7702369304012,ean13,Latti Leche Saborizada Vainilla,Latti,,Bebidas,,,,unidad,,open_dataset,unverified,0.70,open-food-facts-csv:2026-09-08:sha256=f72687ee8bc6522054fe69dbfda6b91902c16af1ec2e043cde27bc6c29ad8176,,,
41bd4c34-b9b4-401e-86fe-035ec3db25da,7702369304029,ean13,Latti Leche Saborizada Chocolate,Latti,,Bebidas,,,,unidad,,open_dataset,unverified,0.70,open-food-facts-csv:2026-09-08:sha256=f72687ee8bc6522054fe69dbfda6b91902c16af1ec2e043cde27bc6c29ad8176,,,
d690fbae-d886-4dfa-bb97-099588606736,7702402048316,ean13,Aloha Mix Frutos Rojos y Salsa de Leche Condensada,Cremhelado,,Snacks y confitería,,,,unidad,,open_dataset,unverified,0.70,open-food-facts-csv:2026-09-08:sha256=f72687ee8bc6522054fe69dbfda6b91902c16af1ec2e043cde27bc6c29ad8176,,,
7f348b3a-17d2-4c68-8d15-26658cad4d08,7702402053389,ean13,Jugo de Naranja,Country Hill,,Bebidas,,,,unidad,,open_dataset,unverified,0.70,open-food-facts-csv:2026-09-08:sha256=f72687ee8bc6522054fe69dbfda6b91902c16af1ec2e043cde27bc6c29ad8176,,,
e4a30786-4b1e-4351-9b59-45b72d02c86a,7702402054317,ean13,Tosh Pasión,Crem Helado,,Snacks y confitería,,,,unidad,,open_dataset,unverified,0.70,open-food-facts-csv:2026-09-08:sha256=f72687ee8bc6522054fe69dbfda6b91902c16af1ec2e043cde27bc6c29ad8176,,,
7551e3cd-511a-4fb0-8cb6-485512fb26d5,7702402054409,ean13,Helado Artesanal,Nutresa,,Snacks y confitería,,,,unidad,,open_dataset,unverified,0.70,open-food-facts-csv:2026-09-08:sha256=f72687ee8bc6522054fe69dbfda6b91902c16af1ec2e043cde27bc6c29ad8176,,,
da524ceb-a078-4e0d-bb93-a8fdf52adc4d,7702402054935,ean13,Helado de vainilla cubierto con chocolaté,Jet,,Snacks y confitería,,,,unidad,,open_dataset,unverified,0.70,open-food-facts-csv:2026-09-08:sha256=f72687ee8bc6522054fe69dbfda6b91902c16af1ec2e043cde27bc6c29ad8176,,,
afdc3e6b-17b3-4693-b8b0-45715162c150,7702402055611,ean13,Torta Helado Chocoalmendra,,,Snacks y confitería,,,,unidad,,open_dataset,unverified,0.70,open-food-facts-csv:2026-09-08:sha256=f72687ee8bc6522054fe69dbfda6b91902c16af1ec2e043cde27bc6c29ad8176,,,
b1e75bc1-cd87-4c36-8ce8-43a720205a81,7702402055819,ean13,Drácula Refugios Tenebrosos,Nutresa,,Snacks y confitería,,,,unidad,,open_dataset,unverified,0.70,open-food-facts-csv:2026-09-08:sha256=f72687ee8bc6522054fe69dbfda6b91902c16af1ec2e043cde27bc6c29ad8176,,,
33add5d4-6b1f-4040-aa40-ad008fd351d0,7702402057776,ean13,paleta dracula,cream helado,,Snacks y confitería,,,,unidad,,open_dataset,unverified,0.70,open-food-facts-csv:2026-09-08:sha256=f72687ee8bc6522054fe69dbfda6b91902c16af1ec2e043cde27bc6c29ad8176,,,
258add88-1607-41eb-8a09-efddae8ab70e,7702409000331,ean13,Maní Salado,Manitoba,,Snacks y confitería,,,,unidad,,open_dataset,unverified,0.70,open-food-facts-csv:2026-09-08:sha256=f72687ee8bc6522054fe69dbfda6b91902c16af1ec2e043cde27bc6c29ad8176,,,
c273180f-d53b-4e8b-9af1-28db325d9732,7702409005732,ean13,Consciente Mix Cacao de Origen y Pretzels,"Manitoba,Consciente",,Snacks y confitería,,,,unidad,,open_dataset,unverified,0.70,open-food-facts-csv:2026-09-08:sha256=f72687ee8bc6522054fe69dbfda6b91902c16af1ec2e043cde27bc6c29ad8176,,,
6629399f-8bd5-4ab5-800b-77ea2f0d710e,7702409005763,ean13,Crema de Maní,Manitoba,,Alimentos,,,,unidad,,open_dataset,unverified,0.70,open-food-facts-csv:2026-09-08:sha256=f72687ee8bc6522054fe69dbfda6b91902c16af1ec2e043cde27bc6c29ad8176,,,
64804946-98fb-4f2e-94d8-e9120674b0f1,7702409010675,ean13,Peanut Butter,Manitoba,,Alimentos,,,,unidad,,open_dataset,unverified,0.70,open-food-facts-csv:2026-09-08:sha256=f72687ee8bc6522054fe69dbfda6b91902c16af1ec2e043cde27bc6c29ad8176,,,
ff259d8c-6f58-438c-9135-24f9e63196ea,7702409010972,ean13,Consciente Mix Garbanzos y Quinoa,"Manitoba,Consciente",,Snacks y confitería,,,,unidad,,open_dataset,unverified,0.70,open-food-facts-csv:2026-09-08:sha256=f72687ee8bc6522054fe69dbfda6b91902c16af1ec2e043cde27bc6c29ad8176,,,
d2f96608-81e9-4a71-aeac-915b215063e9,7702409011115,ean13,Maní Japonés,Manitoba,,Snacks y confitería,,,,unidad,,open_dataset,unverified,0.70,open-food-facts-csv:2026-09-08:sha256=f72687ee8bc6522054fe69dbfda6b91902c16af1ec2e043cde27bc6c29ad8176,,,
b162388f-f93d-4b93-ae01-8049872bb8ec,7702409011498,ean13,Pistachos Horneados con Sal,Manitoba,,Snacks y confitería,,,,unidad,,open_dataset,unverified,0.70,open-food-facts-csv:2026-09-08:sha256=f72687ee8bc6522054fe69dbfda6b91902c16af1ec2e043cde27bc6c29ad8176,,,
034cfd6c-5766-4d91-af61-8135250f333c,7702417000460,ean13,Arepa Repleta de Queso,Don Maíz,,Alimentos,,,,unidad,,open_dataset,unverified,0.70,open-food-facts-csv:2026-09-08:sha256=f72687ee8bc6522054fe69dbfda6b91902c16af1ec2e043cde27bc6c29ad8176,,,
6996ad93-12ad-439f-9d6e-fc801945874b,7702417003447,ean13,Arepa Antioqueña Con Sal,Don Maíz,,Alimentos,,,,unidad,,open_dataset,unverified,0.70,open-food-facts-csv:2026-09-08:sha256=f72687ee8bc6522054fe69dbfda6b91902c16af1ec2e043cde27bc6c29ad8176,,,
647015a8-0139-4226-9bff-8920ae1dfd29,7702420180104,ean13,Uova,,,Alimentos,,,,unidad,,open_dataset,unverified,0.70,open-food-facts-csv:2026-09-08:sha256=f72687ee8bc6522054fe69dbfda6b91902c16af1ec2e043cde27bc6c29ad8176,,,
88be04aa-d58a-4755-870c-0106a5919ef8,7702420406006,ean13,Claras De Huevo,Santa Reyes,,Alimentos,,,,unidad,,open_dataset,unverified,0.70,open-food-facts-csv:2026-09-08:sha256=f72687ee8bc6522054fe69dbfda6b91902c16af1ec2e043cde27bc6c29ad8176,,,
18853aad-a1df-4bea-91ca-b96660af7a06,7702432002005,ean13,Comapan Extra Largo Pan Blanco,Comapan,,Alimentos,,,,unidad,,open_dataset,unverified,0.70,open-food-facts-csv:2026-09-08:sha256=f72687ee8bc6522054fe69dbfda6b91902c16af1ec2e043cde27bc6c29ad8176,,,
6879fbe8-d6b2-476a-bc7f-b4d4d9731b54,7702434030143,ean13,Yogurt Semidescremado sin dulce,Colácteos,,Alimentos,,,,unidad,,open_dataset,unverified,0.70,open-food-facts-csv:2026-09-08:sha256=f72687ee8bc6522054fe69dbfda6b91902c16af1ec2e043cde27bc6c29ad8176,,,
c448fca3-05d0-45a6-af2e-2dd3107892bf,7702434203080,ean13,Yogurt Frutos Rojos,Colácteos,,Alimentos,,,,unidad,,open_dataset,unverified,0.70,open-food-facts-csv:2026-09-08:sha256=f72687ee8bc6522054fe69dbfda6b91902c16af1ec2e043cde27bc6c29ad8176,,,
0f083329-d695-4795-97b6-1f43b87145c0,7702439000813,ean13,Bary Mayonesa Baja en Grasa y Calorías,Nutrium,,Alimentos,,,,unidad,,open_dataset,unverified,0.70,open-food-facts-csv:2026-09-08:sha256=f72687ee8bc6522054fe69dbfda6b91902c16af1ec2e043cde27bc6c29ad8176,,,
48048cd0-8f50-41d0-811b-11ac9d3ac57d,7702439003517,ean13,bbq,bary,,Alimentos,,,,unidad,,open_dataset,unverified,0.70,open-food-facts-csv:2026-09-08:sha256=f72687ee8bc6522054fe69dbfda6b91902c16af1ec2e043cde27bc6c29ad8176,,,
2c9de893-421f-4196-9e4a-f93641aee629,7702439269227,ean13,Maní confitado,Bary,,Snacks y confitería,,,,unidad,,open_dataset,unverified,0.70,open-food-facts-csv:2026-09-08:sha256=f72687ee8bc6522054fe69dbfda6b91902c16af1ec2e043cde27bc6c29ad8176,,,
f494dbe0-dd04-436e-b968-9f1686a774f6,7702439269333,ean13,Salsa de Queso Cheddar,Bary,,Alimentos,,,,unidad,,open_dataset,unverified,0.70,open-food-facts-csv:2026-09-08:sha256=f72687ee8bc6522054fe69dbfda6b91902c16af1ec2e043cde27bc6c29ad8176,,,
3b5c49ae-2f04-4914-8cb5-d17613f708cb,7702439606992,ean13,Bary Avena en Hojuelas,Bary,,Alimentos,,,,unidad,,open_dataset,unverified,0.70,open-food-facts-csv:2026-09-08:sha256=f72687ee8bc6522054fe69dbfda6b91902c16af1ec2e043cde27bc6c29ad8176,,,
0e01bb6b-5f49-41ad-89ad-ad54a5f9eebd,7702447110047,ean13,Pan tajado 6 cereales,Mami,,Alimentos,,,,unidad,,open_dataset,unverified,0.70,open-food-facts-csv:2026-09-08:sha256=f72687ee8bc6522054fe69dbfda6b91902c16af1ec2e043cde27bc6c29ad8176,,,
0aca14e2-4687-4d95-afd9-06c3a500cb8a,7702477422615,ean13,Yogurt de Fresa Gloria,Gloria,,Alimentos,,,,unidad,,open_dataset,unverified,0.70,open-food-facts-csv:2026-09-08:sha256=f72687ee8bc6522054fe69dbfda6b91902c16af1ec2e043cde27bc6c29ad8176,,,
4b4e9111-5c71-4841-b9bd-63b67d6a5839,7702477424404,ean13,Algarra Yogurt Vainilla Francesa,Gloria,,Alimentos,,,,unidad,,open_dataset,unverified,0.70,open-food-facts-csv:2026-09-08:sha256=f72687ee8bc6522054fe69dbfda6b91902c16af1ec2e043cde27bc6c29ad8176,,,
a4771f57-d38d-4d97-8c3f-0dc869594bf0,7702489000245,ean13,Piqui Pollo,Piquitos,,Snacks y confitería,,,,unidad,,open_dataset,unverified,0.70,open-food-facts-csv:2026-09-08:sha256=f72687ee8bc6522054fe69dbfda6b91902c16af1ec2e043cde27bc6c29ad8176,,,
3a3ec275-1176-4c82-ac81-59a57bba5b9d,7702489000993,ean13,Piquitos,Piquitos,,Snacks y confitería,,,,unidad,,open_dataset,unverified,0.70,open-food-facts-csv:2026-09-08:sha256=f72687ee8bc6522054fe69dbfda6b91902c16af1ec2e043cde27bc6c29ad8176,,,
95a900ad-142e-49ef-bd34-ceaa95a51e8e,7702506112029,ean13,TrociPollo,Crisply,,Snacks y confitería,,,,unidad,,open_dataset,unverified,0.70,open-food-facts-csv:2026-09-08:sha256=f72687ee8bc6522054fe69dbfda6b91902c16af1ec2e043cde27bc6c29ad8176,,,
42fce1d4-679f-4088-b911-704f9da7f50c,7702511000748,ean13,Arroz Diana premium,Diana,,Alimentos,,,,unidad,,open_dataset,unverified,0.70,open-food-facts-csv:2026-09-08:sha256=f72687ee8bc6522054fe69dbfda6b91902c16af1ec2e043cde27bc6c29ad8176,,,
cb217c69-c5f7-439e-bc4c-d84233362f74,7702511003695,ean13,Diana Arroz Integral,DIANA,,Alimentos,,,,unidad,,open_dataset,unverified,0.70,open-food-facts-csv:2026-09-08:sha256=f72687ee8bc6522054fe69dbfda6b91902c16af1ec2e043cde27bc6c29ad8176,,,
48989e87-e0a0-4b96-8796-a1a69f251455,7702535001530,ean13,Huevo,Coca-Cola,,Bebidas,,,,unidad,,open_dataset,unverified,0.70,open-food-facts-csv:2026-09-08:sha256=f72687ee8bc6522054fe69dbfda6b91902c16af1ec2e043cde27bc6c29ad8176,,,
ffed093b-abf8-4f04-b161-b7a559424f71,7702535006764,ean13,Coca-Cola Cero,Coca-Cola,,Bebidas,,,,unidad,,open_dataset,unverified,0.70,open-food-facts-csv:2026-09-08:sha256=f72687ee8bc6522054fe69dbfda6b91902c16af1ec2e043cde27bc6c29ad8176,,,
8d044a97-a956-4b25-8ecc-7cc8d43d17a8,7702535006856,ean13,Shweppes soda,Schweppes,,Bebidas,,,,unidad,,open_dataset,unverified,0.70,open-food-facts-csv:2026-09-08:sha256=f72687ee8bc6522054fe69dbfda6b91902c16af1ec2e043cde27bc6c29ad8176,,,
542998c8-aaf0-422c-92ac-be00d347551c,7702535009994,ean13,Powerade Mountain Blast,"Powerade,The Coca-Cola Company",,Bebidas,,,,unidad,,open_dataset,unverified,0.70,open-food-facts-csv:2026-09-08:sha256=f72687ee8bc6522054fe69dbfda6b91902c16af1ec2e043cde27bc6c29ad8176,,,
4ebf8708-9b3e-4f69-9df1-f9c1b6792e45,7702535012055,ean13,Premio Rojo,The Coca-Cola Company,,Bebidas,,,,unidad,,open_dataset,unverified,0.70,open-food-facts-csv:2026-09-08:sha256=f72687ee8bc6522054fe69dbfda6b91902c16af1ec2e043cde27bc6c29ad8176,,,
cdff8ab9-1508-444c-a018-0d5d4ceb3775,7702535013212,ean13,Brisa Manzana,The Coca-Cola Company,,Bebidas,,,,unidad,,open_dataset,unverified,0.70,open-food-facts-csv:2026-09-08:sha256=f72687ee8bc6522054fe69dbfda6b91902c16af1ec2e043cde27bc6c29ad8176,,,
af6339dd-4273-40cb-86f4-5ffdfd84437c,7702535014240,ean13,Fuze Tea Limón Sin Calorías,Coca-Cola,,Bebidas,,,,unidad,,open_dataset,unverified,0.70,open-food-facts-csv:2026-09-08:sha256=f72687ee8bc6522054fe69dbfda6b91902c16af1ec2e043cde27bc6c29ad8176,,,
e8ce3703-c98c-40ee-b299-c646e6eca651,7702535022511,ean13,Del Valle Refresco de Mango,The Coca-Cola Company,,Bebidas,,,,unidad,,open_dataset,unverified,0.70,open-food-facts-csv:2026-09-08:sha256=f72687ee8bc6522054fe69dbfda6b91902c16af1ec2e043cde27bc6c29ad8176,,,
c04f55c4-99a4-4fde-93a6-19e12ff3a99b,7702535023761,ean13,Coca Cola con café,Coca Cola,,Bebidas,,,,unidad,,open_dataset,unverified,0.70,open-food-facts-csv:2026-09-08:sha256=f72687ee8bc6522054fe69dbfda6b91902c16af1ec2e043cde27bc6c29ad8176,,,
40507bfa-83dd-40fe-a805-926296b6950e,7702535025482,ean13,Coca-Cola 1.75,Coca-Cola,,Bebidas,,,,unidad,,open_dataset,unverified,0.70,open-food-facts-csv:2026-09-08:sha256=f72687ee8bc6522054fe69dbfda6b91902c16af1ec2e043cde27bc6c29ad8176,,,
65b8a789-cf71-4d31-8d49-16e1d6f74ad3,7702535030073,ean13,del Valle - refresco de mango,Coca-Cola,,Bebidas,,,,unidad,,open_dataset,unverified,0.70,open-food-facts-csv:2026-09-08:sha256=f72687ee8bc6522054fe69dbfda6b91902c16af1ec2e043cde27bc6c29ad8176,,,
db8b4228-2844-45dc-a9db-cee026385967,7702535033593,ean13,Bebida Gaseosa,Coca-Cola,,Bebidas,,,,unidad,,open_dataset,unverified,0.70,open-food-facts-csv:2026-09-08:sha256=f72687ee8bc6522054fe69dbfda6b91902c16af1ec2e043cde27bc6c29ad8176,,,
b329aea0-9df6-4d05-83ff-9603bf01ecd9,7702552000097,ean13,arroz roa,Roa,,Alimentos,,,,unidad,,open_dataset,unverified,0.70,open-food-facts-csv:2026-09-08:sha256=f72687ee8bc6522054fe69dbfda6b91902c16af1ec2e043cde27bc6c29ad8176,,,
14ffd51c-8d4f-4796-8718-e95c301d9ca2,7702603093054,ean13,Provolone,FaciListas,,Alimentos,,,,unidad,,open_dataset,unverified,0.70,open-food-facts-csv:2026-09-08:sha256=f72687ee8bc6522054fe69dbfda6b91902c16af1ec2e043cde27bc6c29ad8176,,,
ea718658-1cd5-4e58-811b-42882a4b0ee8,7702609001886,ean13,Kola Román 1 5L,Kola Román,,Bebidas,,,,unidad,,open_dataset,unverified,0.70,open-food-facts-csv:2026-09-08:sha256=f72687ee8bc6522054fe69dbfda6b91902c16af1ec2e043cde27bc6c29ad8176,,,
b310ca78-beb1-420a-a2a0-61c80dd177d7,7702609005488,ean13,agua mineral con gas,,,Bebidas,,,,unidad,,open_dataset,unverified,0.70,open-food-facts-csv:2026-09-08:sha256=f72687ee8bc6522054fe69dbfda6b91902c16af1ec2e043cde27bc6c29ad8176,,,
b5fed982-021e-41ee-87d8-c98cdbbd30be,7702609009752,ean13,Kola Román,Postobón,,Bebidas,,,,unidad,,open_dataset,unverified,0.70,open-food-facts-csv:2026-09-08:sha256=f72687ee8bc6522054fe69dbfda6b91902c16af1ec2e043cde27bc6c29ad8176,,,
53e0d713-4575-42d1-bce5-fe15287468cf,7702622423566,ean13,Hello Day Cero%,Toning,,Alimentos,,,,unidad,,open_dataset,unverified,0.70,open-food-facts-csv:2026-09-08:sha256=f72687ee8bc6522054fe69dbfda6b91902c16af1ec2e043cde27bc6c29ad8176,,,
38cbe457-8d7b-4246-b3f0-5d6fd09c115b,7702622423603,ean13,Forza Almendras con Nutri +,Toning,,Bebidas,,,,unidad,,open_dataset,unverified,0.70,open-food-facts-csv:2026-09-08:sha256=f72687ee8bc6522054fe69dbfda6b91902c16af1ec2e043cde27bc6c29ad8176,,,
be241bb2-7e69-42c9-b300-895e727404a0,7702622624154,ean13,Leche de Soya Integral Sabor Vainilla,Toning,,Bebidas,,,,unidad,,open_dataset,unverified,0.70,open-food-facts-csv:2026-09-08:sha256=f72687ee8bc6522054fe69dbfda6b91902c16af1ec2e043cde27bc6c29ad8176,,,
a9580e58-340d-4dd7-8a71-bb4eed16546a,7702622628060,ean13,Leche de Soya 40 y Tantos Sabor Original,Toning,,Bebidas,,,,unidad,,open_dataset,unverified,0.70,open-food-facts-csv:2026-09-08:sha256=f72687ee8bc6522054fe69dbfda6b91902c16af1ec2e043cde27bc6c29ad8176,,,
792b173d-ffa7-422f-8ad0-c4d238038c63,7702622684172,ean13,Harina de avena,Toning,,Alimentos,,,,unidad,,open_dataset,unverified,0.70,open-food-facts-csv:2026-09-08:sha256=f72687ee8bc6522054fe69dbfda6b91902c16af1ec2e043cde27bc6c29ad8176,,,
82ec214e-6b3b-4d2b-9e65-bb4b45981ec1,7702622955128,ean13,Bebida de almendras,Toning,,Bebidas,,,,unidad,,open_dataset,unverified,0.70,open-food-facts-csv:2026-09-08:sha256=f72687ee8bc6522054fe69dbfda6b91902c16af1ec2e043cde27bc6c29ad8176,,,
1447948c-2ee3-4281-bd2e-ebaf95695e36,7702705022013,ean13,Suero Pasteurizado,Klaren's,,Alimentos,,,,unidad,,open_dataset,unverified,0.70,open-food-facts-csv:2026-09-08:sha256=f72687ee8bc6522054fe69dbfda6b91902c16af1ec2e043cde27bc6c29ad8176,,,
01f6b5df-6a65-4201-b5ae-5a7c325aa88c,7702714100047,ean13,Miel de Abejas Apis Mellifera,La Abeja Dorada,,Alimentos,,,,unidad,,open_dataset,unverified,0.70,open-food-facts-csv:2026-09-08:sha256=f72687ee8bc6522054fe69dbfda6b91902c16af1ec2e043cde27bc6c29ad8176,,,
1107c49a-bf4f-4553-9c07-c57e10bb83c1,7702714600370,ean13,Miel de Abeja Apis Mellifera,De la Selva,,Alimentos,,,,unidad,,open_dataset,unverified,0.70,open-food-facts-csv:2026-09-08:sha256=f72687ee8bc6522054fe69dbfda6b91902c16af1ec2e043cde27bc6c29ad8176,,,
9010f503-7130-4ed6-9677-b70a590a7a46,7702728231324,ean13,Cafecitas - Galletas con café,cafe Quindío,,Snacks y confitería,,,,unidad,,open_dataset,unverified,0.70,open-food-facts-csv:2026-09-08:sha256=f72687ee8bc6522054fe69dbfda6b91902c16af1ec2e043cde27bc6c29ad8176,,,
bd029ef7-49e8-4301-a5be-2109c5a72c3c,7702728237715,ean13,Cafecitas,Café Quindío,,Snacks y confitería,,,,unidad,,open_dataset,unverified,0.70,open-food-facts-csv:2026-09-08:sha256=f72687ee8bc6522054fe69dbfda6b91902c16af1ec2e043cde27bc6c29ad8176,,,
ba798ee7-cea7-4be2-b91e-d8e48b00cbd1,7702729934323,ean13,Popetas,Quala,,Snacks y confitería,,,,unidad,,open_dataset,unverified,0.70,open-food-facts-csv:2026-09-08:sha256=f72687ee8bc6522054fe69dbfda6b91902c16af1ec2e043cde27bc6c29ad8176,,,
3b6573b8-59d2-4304-a267-f476c56b2530,7702746030312,ean13,Aromáticas Surtidas,Hindu,,Bebidas,,,,unidad,,open_dataset,unverified,0.70,open-food-facts-csv:2026-09-08:sha256=f72687ee8bc6522054fe69dbfda6b91902c16af1ec2e043cde27bc6c29ad8176,,,
52a2ff2a-8b40-40fc-9feb-6d5119f621d4,7702746036017,ean13,Manzanilla miel y jengibre,"Hindú,Agrícola Himalaya",,Bebidas,,,,unidad,,open_dataset,unverified,0.70,open-food-facts-csv:2026-09-08:sha256=f72687ee8bc6522054fe69dbfda6b91902c16af1ec2e043cde27bc6c29ad8176,,,
6efcc72c-eeb3-4c92-b467-71818e02ad17,7702746039544,ean13,Té Hindú Jengibre Limón,Té Hindú,,Bebidas,,,,unidad,,open_dataset,unverified,0.70,open-food-facts-csv:2026-09-08:sha256=f72687ee8bc6522054fe69dbfda6b91902c16af1ec2e043cde27bc6c29ad8176,,,
f536fcfb-10d3-4d4c-af22-7a9391418054,7702746040021,ean13,Te para la noche,Hindú,,Bebidas,,,,unidad,,open_dataset,unverified,0.70,open-food-facts-csv:2026-09-08:sha256=f72687ee8bc6522054fe69dbfda6b91902c16af1ec2e043cde27bc6c29ad8176,,,
14cc4a69-4b07-4730-9b59-0858d4228582,7702746063914,ean13,Ice Tea Light Limón,Hindú,,Bebidas,,,,unidad,,open_dataset,unverified,0.70,open-food-facts-csv:2026-09-08:sha256=f72687ee8bc6522054fe69dbfda6b91902c16af1ec2e043cde27bc6c29ad8176,,,
e65c8a95-2e9d-4b54-945c-a7fa96eccd0d,7702746120013,ean13,Aromática de Frutas Instantánea,Hindú,,Bebidas,,,,unidad,,open_dataset,unverified,0.70,open-food-facts-csv:2026-09-08:sha256=f72687ee8bc6522054fe69dbfda6b91902c16af1ec2e043cde27bc6c29ad8176,,,
67532564-9347-4195-a826-24d87f8dd1ea,7702766098064,ean13,Pan integral,Santa Clara,,Alimentos,,,,unidad,,open_dataset,unverified,0.70,open-food-facts-csv:2026-09-08:sha256=f72687ee8bc6522054fe69dbfda6b91902c16af1ec2e043cde27bc6c29ad8176,,,
86540a19-aa96-415a-8522-3de36a032733,7702766098118,ean13,Pan pullman blanco extralargo,Santa clara,,Alimentos,,,,unidad,,open_dataset,unverified,0.70,open-food-facts-csv:2026-09-08:sha256=f72687ee8bc6522054fe69dbfda6b91902c16af1ec2e043cde27bc6c29ad8176,,,
b20253b8-28c5-4ae7-806e-dfa2fa847dee,7702788000168,ean13,bocadillo de guayaba cubitos,El Caribe,,Snacks y confitería,,,,unidad,,open_dataset,unverified,0.70,open-food-facts-csv:2026-09-08:sha256=f72687ee8bc6522054fe69dbfda6b91902c16af1ec2e043cde27bc6c29ad8176,,,
a7f0c411-e24e-4d2e-bb7a-d6f8fcd22d9a,7702810004317,ean13,Yogurt Descremado Sin Dulce,Coolechera,,Alimentos,,,,unidad,,open_dataset,unverified,0.70,open-food-facts-csv:2026-09-08:sha256=f72687ee8bc6522054fe69dbfda6b91902c16af1ec2e043cde27bc6c29ad8176,,,
f911960a-383a-4122-9152-e37f518c0886,7702810004867,ean13,Coolechera Leche Deslactosada Semidescremada,Coolechera,,Bebidas,,,,unidad,,open_dataset,unverified,0.70,open-food-facts-csv:2026-09-08:sha256=f72687ee8bc6522054fe69dbfda6b91902c16af1ec2e043cde27bc6c29ad8176,,,
f77f0b17-ca22-4840-ab97-64814e731233,7702810204038,ean13,Mantequilla con sal coolechera,Coolechera,,Alimentos,,,,unidad,,open_dataset,unverified,0.70,open-food-facts-csv:2026-09-08:sha256=f72687ee8bc6522054fe69dbfda6b91902c16af1ec2e043cde27bc6c29ad8176,,,
4f95ad44-0cf0-4f82-9143-f3cd88372cf6,7702810618002,ean13,Yogurt Dulce Entero Coolechera,Coolechera,,Alimentos,,,,unidad,,open_dataset,unverified,0.70,open-food-facts-csv:2026-09-08:sha256=f72687ee8bc6522054fe69dbfda6b91902c16af1ec2e043cde27bc6c29ad8176,,,
899e0f54-d783-4130-9862-c463d3961bd1,7702847078411,ean13,Yoghurt Griego Pasco Natural Sin Dulce,Pasco,,Alimentos,,,,unidad,,open_dataset,unverified,0.70,open-food-facts-csv:2026-09-08:sha256=f72687ee8bc6522054fe69dbfda6b91902c16af1ec2e043cde27bc6c29ad8176,,,
25488787-4cc5-4338-883c-ace72fb5f560,7702870052983,ean13,Almond Plus,Soy Plus,,Bebidas,,,,unidad,,open_dataset,unverified,0.70,open-food-facts-csv:2026-09-08:sha256=f72687ee8bc6522054fe69dbfda6b91902c16af1ec2e043cde27bc6c29ad8176,,,
238984e8-a44e-4a10-ae06-d09e58162f9b,7702879990996,ean13,Avena UHT Sabor a Canela,mercadería.com,,Bebidas,,,,unidad,,open_dataset,unverified,0.70,open-food-facts-csv:2026-09-08:sha256=f72687ee8bc6522054fe69dbfda6b91902c16af1ec2e043cde27bc6c29ad8176,,,
8018c600-09a6-4790-9e0f-fb6590fcdde2,7702879991047,ean13,Kumis Entero con Dulce,Colfrance,,Bebidas,,,,unidad,,open_dataset,unverified,0.70,open-food-facts-csv:2026-09-08:sha256=f72687ee8bc6522054fe69dbfda6b91902c16af1ec2e043cde27bc6c29ad8176,,,
161ccead-69c9-49cb-9168-f0d58a6908de,7702910002015,ean13,Harina de maíz blanca,Arepa Repa,,Alimentos,,,,unidad,,open_dataset,unverified,0.70,open-food-facts-csv:2026-09-08:sha256=f72687ee8bc6522054fe69dbfda6b91902c16af1ec2e043cde27bc6c29ad8176,,,
33c8aee5-0744-414f-9731-d926fefaaf79,7702910305215,ean13,Harina precocida de maíz blanco mantequilla y sal,,,Alimentos,,,,unidad,,open_dataset,unverified,0.70,open-food-facts-csv:2026-09-08:sha256=f72687ee8bc6522054fe69dbfda6b91902c16af1ec2e043cde27bc6c29ad8176,,,
e3a95bde-2215-45a7-9999-389835690ec4,7702914111508,ean13,Ramito,Ramo,,Snacks y confitería,,,,unidad,,open_dataset,unverified,0.70,open-food-facts-csv:2026-09-08:sha256=f72687ee8bc6522054fe69dbfda6b91902c16af1ec2e043cde27bc6c29ad8176,,,
ce52184e-9aa7-4758-a1a9-aa1acbbe0094,7702914112017,ean13,Ponqué Gala Chocolate,Ramo,,Snacks y confitería,,,,unidad,,open_dataset,unverified,0.70,open-food-facts-csv:2026-09-08:sha256=f72687ee8bc6522054fe69dbfda6b91902c16af1ec2e043cde27bc6c29ad8176,,,
f50a5c54-8db3-483e-892e-eb46817914c7,7702914114400,ean13,Chocoramo barrita,Ramo,,Snacks y confitería,,,,unidad,,open_dataset,unverified,0.70,open-food-facts-csv:2026-09-08:sha256=f72687ee8bc6522054fe69dbfda6b91902c16af1ec2e043cde27bc6c29ad8176,,,
4527628f-25b9-46fd-9f2a-5c5d43fdb66e,7702914115209,ean13,Gansito,Ramo,,Snacks y confitería,,,,unidad,,open_dataset,unverified,0.70,open-food-facts-csv:2026-09-08:sha256=f72687ee8bc6522054fe69dbfda6b91902c16af1ec2e043cde27bc6c29ad8176,,,
a15b6c60-99b3-4986-b7bb-9b1aefe45b25,7702914221108,ean13,Achiras,Ramo,,Snacks y confitería,,,,unidad,,open_dataset,unverified,0.70,open-food-facts-csv:2026-09-08:sha256=f72687ee8bc6522054fe69dbfda6b91902c16af1ec2e043cde27bc6c29ad8176,,,
72d96922-6680-45df-97dd-26a7ff4777ab,7702914551403,ean13,7702914551403,,,Snacks y confitería,,,,unidad,,open_dataset,unverified,0.70,open-food-facts-csv:2026-09-08:sha256=f72687ee8bc6522054fe69dbfda6b91902c16af1ec2e043cde27bc6c29ad8176,,,
7bf02eb7-824c-458b-a9ec-25fafec0e607,7702914594431,ean13,Chocoramo Forti,Ramo,,Snacks y confitería,,,,unidad,,open_dataset,unverified,0.70,open-food-facts-csv:2026-09-08:sha256=f72687ee8bc6522054fe69dbfda6b91902c16af1ec2e043cde27bc6c29ad8176,,,
fae8b8ec-3a62-4fda-9cfa-f0f1899e8a92,7702914595292,ean13,Limoncitas,Ramo,,Snacks y confitería,,,,unidad,,open_dataset,unverified,0.70,open-food-facts-csv:2026-09-08:sha256=f72687ee8bc6522054fe69dbfda6b91902c16af1ec2e043cde27bc6c29ad8176,,,
cd96a82e-fa31-409e-a3cd-27b7370eeaed,7702914597302,ean13,Choco Brownie,Ramo,,Snacks y confitería,,,,unidad,,open_dataset,unverified,0.70,open-food-facts-csv:2026-09-08:sha256=f72687ee8bc6522054fe69dbfda6b91902c16af1ec2e043cde27bc6c29ad8176,,,
5c74dd5b-3a2d-48b9-a48d-0e5d25f25d2c,7702914598804,ean13,Ponqué Mañana,Ramo,,Snacks y confitería,,,,unidad,,open_dataset,unverified,0.70,open-food-facts-csv:2026-09-08:sha256=f72687ee8bc6522054fe69dbfda6b91902c16af1ec2e043cde27bc6c29ad8176,,,
5e109ead-fb01-4c14-8d82-3f307787db6f,7702914599443,ean13,Maizitos - Ramo - Ramo - Ramo - Ramo - Ramo,,,Snacks y confitería,,,,unidad,,open_dataset,unverified,0.70,open-food-facts-csv:2026-09-08:sha256=f72687ee8bc6522054fe69dbfda6b91902c16af1ec2e043cde27bc6c29ad8176,,,
c590ffff-c5e9-46af-bb49-69ef68a4518d,7702993014165,ean13,Gomitas Trululu Feroz,"Trululu,Feroz,Super",,Snacks y confitería,,,,unidad,,open_dataset,unverified,0.70,open-food-facts-csv:2026-09-08:sha256=f72687ee8bc6522054fe69dbfda6b91902c16af1ec2e043cde27bc6c29ad8176,,,
5b8b774c-dfb1-49c3-a65f-d6be8f16a96b,7702993016053,ean13,Clásicos,"Big Ben,super",,Snacks y confitería,,,,unidad,,open_dataset,unverified,0.70,open-food-facts-csv:2026-09-08:sha256=f72687ee8bc6522054fe69dbfda6b91902c16af1ec2e043cde27bc6c29ad8176,,,
fab122af-43b5-4996-8cc2-0e59ae2435cf,7702993025130,ean13,Gomitas Trululu fresitas,Súper,,Snacks y confitería,,,,unidad,,open_dataset,unverified,0.70,open-food-facts-csv:2026-09-08:sha256=f72687ee8bc6522054fe69dbfda6b91902c16af1ec2e043cde27bc6c29ad8176,,,
a2f1079b-65bc-4b9c-b451-8d33cde2073f,7702993027271,ean13,Oka Loka Chicle en polvo,Super,,Snacks y confitería,,,,unidad,,open_dataset,unverified,0.70,open-food-facts-csv:2026-09-08:sha256=f72687ee8bc6522054fe69dbfda6b91902c16af1ec2e043cde27bc6c29ad8176,,,
8fa3f5e4-17f7-4d6d-ad0c-f3eed9fc9c01,7702993029435,ean13,Trululú Oro,Súper,,Snacks y confitería,,,,unidad,,open_dataset,unverified,0.70,open-food-facts-csv:2026-09-08:sha256=f72687ee8bc6522054fe69dbfda6b91902c16af1ec2e043cde27bc6c29ad8176,,,
5962b314-2eb1-4829-9bec-f301a2a86855,7702993031292,ean13,Gomitas Trululu Aros,"Trululu,Super",,Snacks y confitería,,,,unidad,,open_dataset,unverified,0.70,open-food-facts-csv:2026-09-08:sha256=f72687ee8bc6522054fe69dbfda6b91902c16af1ec2e043cde27bc6c29ad8176,,,
483f4e08-a26a-4de4-b6ad-30fae863201e,7702993033340,ean13,Pastillas Chao cerez,super de alimentos,,Snacks y confitería,,,,unidad,,open_dataset,unverified,0.70,open-food-facts-csv:2026-09-08:sha256=f72687ee8bc6522054fe69dbfda6b91902c16af1ec2e043cde27bc6c29ad8176,,,
599ae438-993f-48cd-b2ee-5476e6816b32,7702993041277,ean13,Gomitas Trululu Gusanos Ácidos,"Trululu,Super",,Snacks y confitería,,,,unidad,,open_dataset,unverified,0.70,open-food-facts-csv:2026-09-08:sha256=f72687ee8bc6522054fe69dbfda6b91902c16af1ec2e043cde27bc6c29ad8176,,,
d509f52f-3995-476a-a481-761e6a004043,7702993042427,ean13,Gomitas Trululu Neon,"Trululu,Super",,Snacks y confitería,,,,unidad,,open_dataset,unverified,0.70,open-food-facts-csv:2026-09-08:sha256=f72687ee8bc6522054fe69dbfda6b91902c16af1ec2e043cde27bc6c29ad8176,,,
23b872cf-fca4-4d93-b323-dbf26b4de12e,7702993049082,ean13,Oka Loka Nanos Blue,Gomitas Trululu S.A.S,,Snacks y confitería,,,,unidad,,open_dataset,unverified,0.70,open-food-facts-csv:2026-09-08:sha256=f72687ee8bc6522054fe69dbfda6b91902c16af1ec2e043cde27bc6c29ad8176,,,
090b7593-c001-4797-8827-364d1cdd968c,7702993051726,ean13,Gomitas Fresitas,"Trululu,Super",,Snacks y confitería,,,,unidad,,open_dataset,unverified,0.70,open-food-facts-csv:2026-09-08:sha256=f72687ee8bc6522054fe69dbfda6b91902c16af1ec2e043cde27bc6c29ad8176,,,
87f4544f-891a-4362-a687-ba07d81d8730,7702993054581,ean13,gomitas con Nanos,Trululu,,Snacks y confitería,,,,unidad,,open_dataset,unverified,0.70,open-food-facts-csv:2026-09-08:sha256=f72687ee8bc6522054fe69dbfda6b91902c16af1ec2e043cde27bc6c29ad8176,,,
847f5ea8-4921-46b9-81d7-e7123e4469b6,7703040010833,ean13,Yogurt Light Deslactosado Fresa,Normandy,,Alimentos,,,,unidad,,open_dataset,unverified,0.70,open-food-facts-csv:2026-09-08:sha256=f72687ee8bc6522054fe69dbfda6b91902c16af1ec2e043cde27bc6c29ad8176,,,
a5af2866-1df8-4752-adbe-d84ab95660c9,7703040040045,ean13,Ricarepa asaditas,normandy,,Alimentos,,,,unidad,,open_dataset,unverified,0.70,open-food-facts-csv:2026-09-08:sha256=f72687ee8bc6522054fe69dbfda6b91902c16af1ec2e043cde27bc6c29ad8176,,,
f0628d42-3788-4f46-9b6a-f7e24ad3174e,7703040805378,ean13,Yogurt Light Deslactosado Durazno,Normandy,,Alimentos,,,,unidad,,open_dataset,unverified,0.70,open-food-facts-csv:2026-09-08:sha256=f72687ee8bc6522054fe69dbfda6b91902c16af1ec2e043cde27bc6c29ad8176,,,
ec74454f-6069-452b-9df0-9af5342dd0fc,7703043121802,ean13,Leche Pasteurizada Semidescremada,Primma,,Bebidas,,,,unidad,,open_dataset,unverified,0.70,open-food-facts-csv:2026-09-08:sha256=f72687ee8bc6522054fe69dbfda6b91902c16af1ec2e043cde27bc6c29ad8176,,,
439d3b84-7afa-4865-89da-2bab35ba3338,7703133010535,ean13,Yupis,Yupi,,Snacks y confitería,,,,unidad,,open_dataset,unverified,0.70,open-food-facts-csv:2026-09-08:sha256=f72687ee8bc6522054fe69dbfda6b91902c16af1ec2e043cde27bc6c29ad8176,,,
b75084f7-52e5-4cae-9f37-7ad870aa0383,7703133011198,ean13,tosti picantikos,yupi,,Snacks y confitería,,,,unidad,,open_dataset,unverified,0.70,open-food-facts-csv:2026-09-08:sha256=f72687ee8bc6522054fe69dbfda6b91902c16af1ec2e043cde27bc6c29ad8176,,,
14cc6af5-f395-4896-b019-817d39408004,7703133021166,ean13,Palomitas Caramelo,Yupi,,Snacks y confitería,,,,unidad,,open_dataset,unverified,0.70,open-food-facts-csv:2026-09-08:sha256=f72687ee8bc6522054fe69dbfda6b91902c16af1ec2e043cde27bc6c29ad8176,,,
9c57bf26-a913-4e1f-a5d5-4df8be6f3660,7703133030472,ean13,Rizadas Sabor Mayonesa,Yupi,,Snacks y confitería,,,,unidad,,open_dataset,unverified,0.70,open-food-facts-csv:2026-09-08:sha256=f72687ee8bc6522054fe69dbfda6b91902c16af1ec2e043cde27bc6c29ad8176,,,
326c74b7-d6be-4576-bf3d-c0f05de383de,7703133072335,ean13,Tosti Empanadas Limón,Yupi,,Snacks y confitería,,,,unidad,,open_dataset,unverified,0.70,open-food-facts-csv:2026-09-08:sha256=f72687ee8bc6522054fe69dbfda6b91902c16af1ec2e043cde27bc6c29ad8176,,,
dc3ffb78-ce92-400e-a244-27c2b6222eb6,7703133088121,ean13,Rizadas Sabor Tomate,Yupi,,Snacks y confitería,,,,unidad,,open_dataset,unverified,0.70,open-food-facts-csv:2026-09-08:sha256=f72687ee8bc6522054fe69dbfda6b91902c16af1ec2e043cde27bc6c29ad8176,,,
dbc1b120-5f42-4fd9-bba6-81d47ecd71b3,7703296000565,ean13,Arepa rellena con queso doblecrema,Doña Paisa,,Alimentos,,,,unidad,,open_dataset,unverified,0.70,open-food-facts-csv:2026-09-08:sha256=f72687ee8bc6522054fe69dbfda6b91902c16af1ec2e043cde27bc6c29ad8176,,,
f01ba31a-eec2-4732-93d1-a41cbdccd8c9,7703308010018,ean13,Arroz Casaregourmet,,,Alimentos,,,,unidad,,open_dataset,unverified,0.70,open-food-facts-csv:2026-09-08:sha256=f72687ee8bc6522054fe69dbfda6b91902c16af1ec2e043cde27bc6c29ad8176,,,
57983495-97ce-433a-b91a-945997b2a4b9,7703364000022,ean13,Panela Colombia,Panela Colombia,,Alimentos,,,,unidad,,open_dataset,unverified,0.70,open-food-facts-csv:2026-09-08:sha256=f72687ee8bc6522054fe69dbfda6b91902c16af1ec2e043cde27bc6c29ad8176,,,
651b25c1-ac31-4712-987a-4e1f36fe6b71,7703386000000,ean13,arepas de maiz extra delgadas,Sary,,Alimentos,,,,unidad,,open_dataset,unverified,0.70,open-food-facts-csv:2026-09-08:sha256=f72687ee8bc6522054fe69dbfda6b91902c16af1ec2e043cde27bc6c29ad8176,,,
547f2a17-90d3-467e-8b68-49de76a28ae2,7703386000154,ean13,Sary Consciente Arepas de Maíz Crunch,Sary,,Alimentos,,,,unidad,,open_dataset,unverified,0.70,open-food-facts-csv:2026-09-08:sha256=f72687ee8bc6522054fe69dbfda6b91902c16af1ec2e043cde27bc6c29ad8176,,,
0cdb11b2-12d0-456a-8334-0a2aa269b239,7703386000161,ean13,Sary Consciente Arepas con Queso Crunch,Sary,,Alimentos,,,,unidad,,open_dataset,unverified,0.70,open-food-facts-csv:2026-09-08:sha256=f72687ee8bc6522054fe69dbfda6b91902c16af1ec2e043cde27bc6c29ad8176,,,
fdb2163a-42fd-48f8-8d62-ae1ecc7e7c23,7703386000277,ean13,arepas de maíz caseras sary,sary,,Alimentos,,,,unidad,,open_dataset,unverified,0.70,open-food-facts-csv:2026-09-08:sha256=f72687ee8bc6522054fe69dbfda6b91902c16af1ec2e043cde27bc6c29ad8176,,,
b25ed516-8339-4aa5-8c50-98a2ba6629a3,7703386000512,ean13,Sary Tortillas De Maíz,Sary,,Alimentos,,,,unidad,,open_dataset,unverified,0.70,open-food-facts-csv:2026-09-08:sha256=f72687ee8bc6522054fe69dbfda6b91902c16af1ec2e043cde27bc6c29ad8176,,,
7b9954a0-fac3-4c28-93fb-e6978e5516f2,7703386000901,ean13,Sary Receta Original Arepas de Maíz Medianas,Sary,,Alimentos,,,,unidad,,open_dataset,unverified,0.70,open-food-facts-csv:2026-09-08:sha256=f72687ee8bc6522054fe69dbfda6b91902c16af1ec2e043cde27bc6c29ad8176,,,
58d8ca94-5011-4314-8c08-b2888ac4d3c4,7703467000370,ean13,Pan Integral con Pasas Sabor a Miel,Delicias Orientales,,Alimentos,,,,unidad,,open_dataset,unverified,0.70,open-food-facts-csv:2026-09-08:sha256=f72687ee8bc6522054fe69dbfda6b91902c16af1ec2e043cde27bc6c29ad8176,,,
11383832-9e09-4f4c-a686-1418ac760880,7703517852751,ean13,Croutons Caesar,Susanita,,Alimentos,,,,unidad,,open_dataset,unverified,0.70,open-food-facts-csv:2026-09-08:sha256=f72687ee8bc6522054fe69dbfda6b91902c16af1ec2e043cde27bc6c29ad8176,,,
0f0abdc0-e252-40ba-8e9b-d5c239f04f85,7703517855417,ean13,Tostadas de Maíz,Susanita,,Alimentos,,,,unidad,,open_dataset,unverified,0.70,open-food-facts-csv:2026-09-08:sha256=f72687ee8bc6522054fe69dbfda6b91902c16af1ec2e043cde27bc6c29ad8176,,,
6dcabad9-857f-48ae-abaf-eb5dad1a2423,7703562201566,ean13,el fortín. atún rallado en agua,El Fortín,,Alimentos,,,,unidad,,open_dataset,unverified,0.70,open-food-facts-csv:2026-09-08:sha256=f72687ee8bc6522054fe69dbfda6b91902c16af1ec2e043cde27bc6c29ad8176,,,
11959494-50d7-4229-a790-d36d644dfb8f,77035684,ean8,Gaseosa Cocacola X,Coca-Cola,,Bebidas,,,,unidad,,open_dataset,unverified,0.70,open-food-facts-csv:2026-09-08:sha256=f72687ee8bc6522054fe69dbfda6b91902c16af1ec2e043cde27bc6c29ad8176,,,
7f03a3a8-b556-47e6-8dc8-62d1c35ebc8c,7703616007151,ean13,Cuisine & Co Griego Natural,Cuisine & Co.,,Alimentos,,,,unidad,,open_dataset,unverified,0.70,open-food-facts-csv:2026-09-08:sha256=f72687ee8bc6522054fe69dbfda6b91902c16af1ec2e043cde27bc6c29ad8176,,,
57b39535-37d4-4059-a5bd-824aa809271e,7703888623301,ean13,Rollin Roll-On,Confiteca,,Snacks y confitería,,,,unidad,,open_dataset,unverified,0.70,open-food-facts-csv:2026-09-08:sha256=f72687ee8bc6522054fe69dbfda6b91902c16af1ec2e043cde27bc6c29ad8176,,,
881ac0f3-6194-4ca8-a520-55f1bddc1892,7703963008221,ean13,"Integrales Avena, uvas y ciruelas pasas",Greco,,Snacks y confitería,,,,unidad,,open_dataset,unverified,0.70,open-food-facts-csv:2026-09-08:sha256=f72687ee8bc6522054fe69dbfda6b91902c16af1ec2e043cde27bc6c29ad8176,,,
ae2d138a-c422-4c16-b62f-bfad66d17225,7703963840050,ean13,Kurabie,Greco,,Snacks y confitería,,,,unidad,,open_dataset,unverified,0.70,open-food-facts-csv:2026-09-08:sha256=f72687ee8bc6522054fe69dbfda6b91902c16af1ec2e043cde27bc6c29ad8176,,,
d985d90d-6b26-4803-b3f7-6a9cb2f1b6c9,7704000020022,ean13,Ponqué Familiar,Vigor,,Snacks y confitería,,,,unidad,,open_dataset,unverified,0.70,open-food-facts-csv:2026-09-08:sha256=f72687ee8bc6522054fe69dbfda6b91902c16af1ec2e043cde27bc6c29ad8176,,,
d5b63b54-a0a2-44fe-b324-d07d4b77b614,77042651,ean8,Agua De Manzana Con Gas,brisa,,Bebidas,,,,unidad,,open_dataset,unverified,0.70,open-food-facts-csv:2026-09-08:sha256=f72687ee8bc6522054fe69dbfda6b91902c16af1ec2e043cde27bc6c29ad8176,,,
1c2a5546-7a41-4278-be3f-9271e9cee610,7704269023765,ean13,Slim Milk,De La Cuesta,,Bebidas,,,,unidad,,open_dataset,unverified,0.70,open-food-facts-csv:2026-09-08:sha256=f72687ee8bc6522054fe69dbfda6b91902c16af1ec2e043cde27bc6c29ad8176,,,
196aaf3c-489f-49aa-a4d7-56687e47506c,7704269035508,ean13,BE POWER,Ara,,Bebidas,,,,unidad,,open_dataset,unverified,0.70,open-food-facts-csv:2026-09-08:sha256=f72687ee8bc6522054fe69dbfda6b91902c16af1ec2e043cde27bc6c29ad8176,,,
bb4fe45b-6a86-4741-ae22-2392f5e9e4a9,7704269098145,ean13,Deditos de Chocolate,Mi Petit Choc,,Snacks y confitería,,,,unidad,,open_dataset,unverified,0.70,open-food-facts-csv:2026-09-08:sha256=f72687ee8bc6522054fe69dbfda6b91902c16af1ec2e043cde27bc6c29ad8176,,,
f9892773-8a13-45cb-baa1-ab87cc9315bb,7704269100800,ean13,Arroz Blanco,Del costal,,Alimentos,,,,unidad,,open_dataset,unverified,0.70,open-food-facts-csv:2026-09-08:sha256=f72687ee8bc6522054fe69dbfda6b91902c16af1ec2e043cde27bc6c29ad8176,,,
7deae705-aa2a-4357-a8fd-df8e56a7a9f5,7704269101609,ean13,mantequilla,Sonelo,,Alimentos,,,,unidad,,open_dataset,unverified,0.70,open-food-facts-csv:2026-09-08:sha256=f72687ee8bc6522054fe69dbfda6b91902c16af1ec2e043cde27bc6c29ad8176,,,
24b159c2-db09-4ebf-a7c3-4bd9b5d5ac6f,7704269105874,ean13,Heil Granola Tradicional,Heil,,Alimentos,,,,unidad,,open_dataset,unverified,0.70,open-food-facts-csv:2026-09-08:sha256=f72687ee8bc6522054fe69dbfda6b91902c16af1ec2e043cde27bc6c29ad8176,,,
48b29b1a-e0e7-425c-82d8-4781b638c5e1,7704269106147,ean13,Heil Galletas integrales con avena y chips sabor a chocolate,Heil,,Snacks y confitería,,,,unidad,,open_dataset,unverified,0.70,open-food-facts-csv:2026-09-08:sha256=f72687ee8bc6522054fe69dbfda6b91902c16af1ec2e043cde27bc6c29ad8176,,,
7fb82505-3c7d-43a3-8c8d-575d38421e32,7704269106604,ean13,Galleta de avena con pasad,Heil,,Snacks y confitería,,,,unidad,,open_dataset,unverified,0.70,open-food-facts-csv:2026-09-08:sha256=f72687ee8bc6522054fe69dbfda6b91902c16af1ec2e043cde27bc6c29ad8176,,,
b31809d8-85bb-40c3-9e27-bc852d3c40c2,7704269109704,ean13,barras de cereal,heil,,Snacks y confitería,,,,unidad,,open_dataset,unverified,0.70,open-food-facts-csv:2026-09-08:sha256=f72687ee8bc6522054fe69dbfda6b91902c16af1ec2e043cde27bc6c29ad8176,,,
396461e2-3a3b-465d-bf51-50a9fdbb4e87,7704269109896,ean13,Arepas,,,Alimentos,,,,unidad,,open_dataset,unverified,0.70,open-food-facts-csv:2026-09-08:sha256=f72687ee8bc6522054fe69dbfda6b91902c16af1ec2e043cde27bc6c29ad8176,,,
fda3dd0d-3a0b-46c9-81ab-a6af4eed6fec,7704269110175,ean13,Sonne Esparcible a Base de Canola,Sonne,,Alimentos,,,,unidad,,open_dataset,unverified,0.70,open-food-facts-csv:2026-09-08:sha256=f72687ee8bc6522054fe69dbfda6b91902c16af1ec2e043cde27bc6c29ad8176,,,
e6dd2b70-023d-48b2-805c-45442a0aa73e,7704269111394,ean13,Galleta Integral Avena y Miel,Heil,,Snacks y confitería,,,,unidad,,open_dataset,unverified,0.70,open-food-facts-csv:2026-09-08:sha256=f72687ee8bc6522054fe69dbfda6b91902c16af1ec2e043cde27bc6c29ad8176,,,
ecc4f940-0710-4116-9ab0-55846e5b0b6c,7704269111400,ean13,Galletas Integrales con Avena y Ajonjolí,Heil,,Snacks y confitería,,,,unidad,,open_dataset,unverified,0.70,open-food-facts-csv:2026-09-08:sha256=f72687ee8bc6522054fe69dbfda6b91902c16af1ec2e043cde27bc6c29ad8176,,,
c828f22a-3293-43a3-95ff-1001629d9534,7704269111530,ean13,Paco Taco,Paco Taco,,Snacks y confitería,,,,unidad,,open_dataset,unverified,0.70,open-food-facts-csv:2026-09-08:sha256=f72687ee8bc6522054fe69dbfda6b91902c16af1ec2e043cde27bc6c29ad8176,,,
e7932d28-51d8-42bf-bdcf-3fe3f2e82e82,7704269113800,ean13,Leche Entera,De La Cuesta,,Bebidas,,,,unidad,,open_dataset,unverified,0.70,open-food-facts-csv:2026-09-08:sha256=f72687ee8bc6522054fe69dbfda6b91902c16af1ec2e043cde27bc6c29ad8176,,,
fc28810b-b2fc-4962-9387-d2d1ef9dc667,7704269114111,ean13,Leche Semidescremada Deslactosada,De la Cuesta,,Bebidas,,,,unidad,,open_dataset,unverified,0.70,open-food-facts-csv:2026-09-08:sha256=f72687ee8bc6522054fe69dbfda6b91902c16af1ec2e043cde27bc6c29ad8176,,,
4803aa05-2297-404a-942b-869ce3d799a8,7704269114845,ean13,Hiel Granola Semillas Ancestrales,Heil,,Alimentos,,,,unidad,,open_dataset,unverified,0.70,open-food-facts-csv:2026-09-08:sha256=f72687ee8bc6522054fe69dbfda6b91902c16af1ec2e043cde27bc6c29ad8176,,,
0d3e4159-74ed-4f00-a3d0-ad59dfc403e4,7704269114982,ean13,Miel de abejas apis mellifera,Natumiel,,Alimentos,,,,unidad,,open_dataset,unverified,0.70,open-food-facts-csv:2026-09-08:sha256=f72687ee8bc6522054fe69dbfda6b91902c16af1ec2e043cde27bc6c29ad8176,,,
01c4ec41-09cb-4437-8be8-5c0552b7ef76,7704269116184,ean13,Bebida de Almendras,Almond Valley,,Bebidas,,,,unidad,,open_dataset,unverified,0.70,open-food-facts-csv:2026-09-08:sha256=f72687ee8bc6522054fe69dbfda6b91902c16af1ec2e043cde27bc6c29ad8176,,,
1ef9d1ed-d288-4811-995b-cb2a83b008ea,7704269159686,ean13,Bebida De Almendras,Bem,,Bebidas,,,,unidad,,open_dataset,unverified,0.70,open-food-facts-csv:2026-09-08:sha256=f72687ee8bc6522054fe69dbfda6b91902c16af1ec2e043cde27bc6c29ad8176,,,
489ba305-c4d3-4718-bcdc-3ba366120c16,7704269176508,ean13,bb cream,nazu,,Cuidado personal,,,,unidad,,open_dataset,unverified,0.70,open-food-facts-csv:2026-09-08:sha256=f72687ee8bc6522054fe69dbfda6b91902c16af1ec2e043cde27bc6c29ad8176,,,
1bff286a-1b5d-4eed-bb08-a31f9978d612,7704269202146,ean13,Top Tea,,,Bebidas,,,,unidad,,open_dataset,unverified,0.70,open-food-facts-csv:2026-09-08:sha256=f72687ee8bc6522054fe69dbfda6b91902c16af1ec2e043cde27bc6c29ad8176,,,
c1a7ec3b-3f11-40ff-b7d2-27de15b9b651,7704269320147,ean13,"Mixto de Yuca morada, batata y arracacha",Tojitos,,Snacks y confitería,,,,unidad,,open_dataset,unverified,0.70,open-food-facts-csv:2026-09-08:sha256=f72687ee8bc6522054fe69dbfda6b91902c16af1ec2e043cde27bc6c29ad8176,,,
b0bf6104-a0b3-455b-b61d-b6a5459813de,7704269363847,ean13,Mermelada de Mora,Glaz,,Alimentos,,,,unidad,,open_dataset,unverified,0.70,open-food-facts-csv:2026-09-08:sha256=f72687ee8bc6522054fe69dbfda6b91902c16af1ec2e043cde27bc6c29ad8176,,,
65384a7e-8f83-411e-8e31-a9d7468f22d6,7704269396593,ean13,Yogourt griego entero parfait con dulce de frutos amarillos,De la cuesta,,Alimentos,,,,unidad,,open_dataset,unverified,0.70,open-food-facts-csv:2026-09-08:sha256=f72687ee8bc6522054fe69dbfda6b91902c16af1ec2e043cde27bc6c29ad8176,,,
b546529e-3c55-49de-b336-65a3869c1964,7704269412736,ean13,Nachos,Camote,,Snacks y confitería,,,,unidad,,open_dataset,unverified,0.70,open-food-facts-csv:2026-09-08:sha256=f72687ee8bc6522054fe69dbfda6b91902c16af1ec2e043cde27bc6c29ad8176,,,
1564301c-e40d-4e07-859e-21b70169b3e7,7704269443310,ean13,Mermelada de Fresa,Glaz,,Alimentos,,,,unidad,,open_dataset,unverified,0.70,open-food-facts-csv:2026-09-08:sha256=f72687ee8bc6522054fe69dbfda6b91902c16af1ec2e043cde27bc6c29ad8176,,,
5deef5ec-edf3-4a0a-9ef9-855ebd59227d,7704269520288,ean13,Queso Tipo Parmesano,De La Cuesta,,Alimentos,,,,unidad,,open_dataset,unverified,0.70,open-food-facts-csv:2026-09-08:sha256=f72687ee8bc6522054fe69dbfda6b91902c16af1ec2e043cde27bc6c29ad8176,,,
01ed945b-1bfc-4a15-8505-28dc24c129ef,7704269630024,ean13,De la Cuesta Yogurt Griego Natural Sin Dulce,De la Cuesta,,Alimentos,,,,unidad,,open_dataset,unverified,0.70,open-food-facts-csv:2026-09-08:sha256=f72687ee8bc6522054fe69dbfda6b91902c16af1ec2e043cde27bc6c29ad8176,,,
101e450d-c775-486a-82b9-60617b266ee9,7704269715943,ean13,Penaut Butter,BEM,,Alimentos,,,,unidad,,open_dataset,unverified,0.70,open-food-facts-csv:2026-09-08:sha256=f72687ee8bc6522054fe69dbfda6b91902c16af1ec2e043cde27bc6c29ad8176,,,
81fc7d03-a73a-4e22-b1f6-31de07b4efb0,7704269768437,ean13,Aceite de oliva,Galerna,,Alimentos,,,,unidad,,open_dataset,unverified,0.70,open-food-facts-csv:2026-09-08:sha256=f72687ee8bc6522054fe69dbfda6b91902c16af1ec2e043cde27bc6c29ad8176,,,
bf99d05e-9af5-4cd0-ae64-8ff18d8bd541,7704269795778,ean13,Queso Mozzarella tajado,De la cuesta,,Alimentos,,,,unidad,,open_dataset,unverified,0.70,open-food-facts-csv:2026-09-08:sha256=f72687ee8bc6522054fe69dbfda6b91902c16af1ec2e043cde27bc6c29ad8176,,,
9809efeb-ee07-4579-870b-769ae460c457,7704269828995,ean13,Granos De Maíz Dulce,Sembralta,,Alimentos,,,,unidad,,open_dataset,unverified,0.70,open-food-facts-csv:2026-09-08:sha256=f72687ee8bc6522054fe69dbfda6b91902c16af1ec2e043cde27bc6c29ad8176,,,
9f22b935-b236-49ad-8fa8-559a58a90bb0,7704269855984,ean13,Avena en Harina Sabor Vainilla,Aveia,,Alimentos,,,,unidad,,open_dataset,unverified,0.70,open-food-facts-csv:2026-09-08:sha256=f72687ee8bc6522054fe69dbfda6b91902c16af1ec2e043cde27bc6c29ad8176,,,
ab8537ce-5981-46c2-8992-7469ae36978a,7704269882140,ean13,Queso crema,De la cuesta,,Alimentos,,,,unidad,,open_dataset,unverified,0.70,open-food-facts-csv:2026-09-08:sha256=f72687ee8bc6522054fe69dbfda6b91902c16af1ec2e043cde27bc6c29ad8176,,,
1b87c681-2ab6-4826-8bda-bc50b8b51144,7704269949430,ean13,Mayonesa reducida en grasa y calorías,Bassi,,Alimentos,,,,unidad,,open_dataset,unverified,0.70,open-food-facts-csv:2026-09-08:sha256=f72687ee8bc6522054fe69dbfda6b91902c16af1ec2e043cde27bc6c29ad8176,,,
448d77e0-ca61-43bc-8231-7fb67056986a,7704269960565,ean13,Zippers Chocolate y Avellana,,,Alimentos,,,,unidad,,open_dataset,unverified,0.70,open-food-facts-csv:2026-09-08:sha256=f72687ee8bc6522054fe69dbfda6b91902c16af1ec2e043cde27bc6c29ad8176,,,
d5e2783e-3a6f-44de-b669-f4136b6eccf4,7704269972421,ean13,Lescge Semidescremada,De La Cuesta,,Bebidas,,,,unidad,,open_dataset,unverified,0.70,open-food-facts-csv:2026-09-08:sha256=f72687ee8bc6522054fe69dbfda6b91902c16af1ec2e043cde27bc6c29ad8176,,,
e67addb8-fb6b-4916-ac80-b151de44300e,7704269982000,ean13,Salsa de Tomate Bassi,,,Alimentos,,,,unidad,,open_dataset,unverified,0.70,open-food-facts-csv:2026-09-08:sha256=f72687ee8bc6522054fe69dbfda6b91902c16af1ec2e043cde27bc6c29ad8176,,,
a8ab4ca1-3f67-417a-b1e7-1c5c1e2df2f7,7704547110019,ean13,Rosquillas Caleñas,Rosquillas Caleñas,,Alimentos,,,,unidad,,open_dataset,unverified,0.70,open-food-facts-csv:2026-09-08:sha256=f72687ee8bc6522054fe69dbfda6b91902c16af1ec2e043cde27bc6c29ad8176,,,
8b71ebfa-6a67-4d39-b864-fea2ce024334,7705326001368,ean13,Mini pan de bonos,Pa mi gente,,Alimentos,,,,unidad,,open_dataset,unverified,0.70,open-food-facts-csv:2026-09-08:sha256=f72687ee8bc6522054fe69dbfda6b91902c16af1ec2e043cde27bc6c29ad8176,,,
118b16f3-90cd-4c2c-a5d7-68d09d497ab0,7705326001382,ean13,Panderitos con coco,Bimbo,,Snacks y confitería,,,,unidad,,open_dataset,unverified,0.70,open-food-facts-csv:2026-09-08:sha256=f72687ee8bc6522054fe69dbfda6b91902c16af1ec2e043cde27bc6c29ad8176,,,
3a5cb792-1894-4ac9-b940-8e5e7ba9de42,7705326011800,ean13,Tostadas Clásicas,Bimbo,,Alimentos,,,,unidad,,open_dataset,unverified,0.70,open-food-facts-csv:2026-09-08:sha256=f72687ee8bc6522054fe69dbfda6b91902c16af1ec2e043cde27bc6c29ad8176,,,
9ea16a66-64c5-4331-81d2-205fa1ceb77d,7705326017802,ean13,Pan Mamá Inés,Mamá Inés,,Alimentos,,,,unidad,,open_dataset,unverified,0.70,open-food-facts-csv:2026-09-08:sha256=f72687ee8bc6522054fe69dbfda6b91902c16af1ec2e043cde27bc6c29ad8176,,,
ec01a84d-6759-4e88-a9ae-a30d571ab5ce,7705326018717,ean13,Tostaos,Bimbo,,Alimentos,,,,unidad,,open_dataset,unverified,0.70,open-food-facts-csv:2026-09-08:sha256=f72687ee8bc6522054fe69dbfda6b91902c16af1ec2e043cde27bc6c29ad8176,,,
b51862c8-7a8f-4d0f-a54d-bd8bdcac351e,7705326018977,ean13,Rosquitas con Chia y Quinua,SANISSIMO,,Snacks y confitería,,,,unidad,,open_dataset,unverified,0.70,open-food-facts-csv:2026-09-08:sha256=f72687ee8bc6522054fe69dbfda6b91902c16af1ec2e043cde27bc6c29ad8176,,,
dec631d6-f8c5-4609-a388-5d09db629970,7705326019288,ean13,Pan Hamburguesa,Bimbo,,Alimentos,,,,unidad,,open_dataset,unverified,0.70,open-food-facts-csv:2026-09-08:sha256=f72687ee8bc6522054fe69dbfda6b91902c16af1ec2e043cde27bc6c29ad8176,,,
1ece5d0b-05eb-4446-8f7f-3619a35bd7ec,7705326020505,ean13,Pan sabor Mantequilla,,,Alimentos,,,,unidad,,open_dataset,unverified,0.70,open-food-facts-csv:2026-09-08:sha256=f72687ee8bc6522054fe69dbfda6b91902c16af1ec2e043cde27bc6c29ad8176,,,
026bb4df-433f-470c-b795-3deed00895db,7705326072535,ean13,Mini brownies,Horneado Roa,,Alimentos,,,,unidad,,open_dataset,unverified,0.70,open-food-facts-csv:2026-09-08:sha256=f72687ee8bc6522054fe69dbfda6b91902c16af1ec2e043cde27bc6c29ad8176,,,
b1f008ab-0125-4406-8f61-34f486e4114e,7705326073891,ean13,Pan fruticereal,Bimbo,,Alimentos,,,,unidad,,open_dataset,unverified,0.70,open-food-facts-csv:2026-09-08:sha256=f72687ee8bc6522054fe69dbfda6b91902c16af1ec2e043cde27bc6c29ad8176,,,
acdc0db6-3ad3-43cb-87a5-0165e133a759,7705326073907,ean13,PAN VITA MULTICEREALES,BIMBO,,Alimentos,,,,unidad,,open_dataset,unverified,0.70,open-food-facts-csv:2026-09-08:sha256=f72687ee8bc6522054fe69dbfda6b91902c16af1ec2e043cde27bc6c29ad8176,,,
61e3b657-2e00-4fea-ba9c-f9ddf91608a2,7705326075178,ean13,Mogolla Negra,,,Alimentos,,,,unidad,,open_dataset,unverified,0.70,open-food-facts-csv:2026-09-08:sha256=f72687ee8bc6522054fe69dbfda6b91902c16af1ec2e043cde27bc6c29ad8176,,,
eadf4677-4b23-4a23-b883-e8b8982f00e0,7705326076038,ean13,Pan Vital,Vital,,Alimentos,,,,unidad,,open_dataset,unverified,0.70,open-food-facts-csv:2026-09-08:sha256=f72687ee8bc6522054fe69dbfda6b91902c16af1ec2e043cde27bc6c29ad8176,,,
b11ded9d-c27c-4d31-ae1e-7e0afa3af6a9,7705326078391,ean13,Panetón Chocolate,Bimbo,,Alimentos,,,,unidad,,open_dataset,unverified,0.70,open-food-facts-csv:2026-09-08:sha256=f72687ee8bc6522054fe69dbfda6b91902c16af1ec2e043cde27bc6c29ad8176,,,
abb915d4-ff51-408e-82fc-1e442eae48ad,7705326079008,ean13,Brownie con arequipo,,,Snacks y confitería,,,,unidad,,open_dataset,unverified,0.70,open-food-facts-csv:2026-09-08:sha256=f72687ee8bc6522054fe69dbfda6b91902c16af1ec2e043cde27bc6c29ad8176,,,
c3371915-d65a-40ad-b0c9-b8c43b05a5ef,7705326079343,ean13,Guadalupe Tostados Integrales,Guadalupe,,Alimentos,,,,unidad,,open_dataset,unverified,0.70,open-food-facts-csv:2026-09-08:sha256=f72687ee8bc6522054fe69dbfda6b91902c16af1ec2e043cde27bc6c29ad8176,,,
25df1444-e108-4d5e-9f79-0e8a75f0dede,7705326080578,ean13,Chocoso Mini,Bimbi,,Snacks y confitería,,,,unidad,,open_dataset,unverified,0.70,open-food-facts-csv:2026-09-08:sha256=f72687ee8bc6522054fe69dbfda6b91902c16af1ec2e043cde27bc6c29ad8176,,,
fe5fa52a-5796-4568-ac60-aa992187d42f,7705326082367,ean13,Pa' Mi Gente Besitos,Bimbo,,Alimentos,,,,unidad,,open_dataset,unverified,0.70,open-food-facts-csv:2026-09-08:sha256=f72687ee8bc6522054fe69dbfda6b91902c16af1ec2e043cde27bc6c29ad8176,,,
d31f20ff-e47b-4d9d-876a-0424580416f1,7705326088574,ean13,Pinguinos Cookies & Cream,Marinela,,Snacks y confitería,,,,unidad,,open_dataset,unverified,0.70,open-food-facts-csv:2026-09-08:sha256=f72687ee8bc6522054fe69dbfda6b91902c16af1ec2e043cde27bc6c29ad8176,,,
cfcd1958-d7b1-40cd-8989-6f90e7fdd6d4,7705436012377,ean13,Bebida de Almendras Sin Azúcar,Del Origen,,Bebidas,,,,unidad,,open_dataset,unverified,0.70,open-food-facts-csv:2026-09-08:sha256=f72687ee8bc6522054fe69dbfda6b91902c16af1ec2e043cde27bc6c29ad8176,,,
cf2c33a8-b025-47ca-9df1-d6f5b3bd7f9d,7705436081946,ean13,Yogurt mora Celema,Celema,,Alimentos,,,,unidad,,open_dataset,unverified,0.70,open-food-facts-csv:2026-09-08:sha256=f72687ee8bc6522054fe69dbfda6b91902c16af1ec2e043cde27bc6c29ad8176,,,
cf81aabb-031d-45b1-9865-0b8e2a554bfd,7705597101019,ean13,Arroz Leopardo,,,Alimentos,,,,unidad,,open_dataset,unverified,0.70,open-food-facts-csv:2026-09-08:sha256=f72687ee8bc6522054fe69dbfda6b91902c16af1ec2e043cde27bc6c29ad8176,,,
ae5f1110-5027-47c3-a291-811bc3bb491c,7705890011183,ean13,Popsy Vainilla Gourmet Helado Cremoso,Popsy,,Snacks y confitería,,,,unidad,,open_dataset,unverified,0.70,open-food-facts-csv:2026-09-08:sha256=f72687ee8bc6522054fe69dbfda6b91902c16af1ec2e043cde27bc6c29ad8176,,,
36386955-99af-46c7-b2ab-fd4707c539eb,7705890020949,ean13,Milky Way Ice Cream,Popsy,,Snacks y confitería,,,,unidad,,open_dataset,unverified,0.70,open-food-facts-csv:2026-09-08:sha256=f72687ee8bc6522054fe69dbfda6b91902c16af1ec2e043cde27bc6c29ad8176,,,
e20f5005-1c11-44b8-a14f-91a4f391ec99,7705890030528,ean13,Vainilla Light en Calorías,Popsy,,Snacks y confitería,,,,unidad,,open_dataset,unverified,0.70,open-food-facts-csv:2026-09-08:sha256=f72687ee8bc6522054fe69dbfda6b91902c16af1ec2e043cde27bc6c29ad8176,,,
22968acb-cd5a-44e1-b8cb-d294cd28431b,7705929100024,ean13,Achuras del Huila,del H,,Snacks y confitería,,,,unidad,,open_dataset,unverified,0.70,open-food-facts-csv:2026-09-08:sha256=f72687ee8bc6522054fe69dbfda6b91902c16af1ec2e043cde27bc6c29ad8176,,,
c5aee989-9e09-4b1e-8793-8a2316f0d05f,7705946218863,ean13,Aceite Canola,,,Alimentos,,,,unidad,,open_dataset,unverified,0.70,open-food-facts-csv:2026-09-08:sha256=f72687ee8bc6522054fe69dbfda6b91902c16af1ec2e043cde27bc6c29ad8176,,,
b3934af5-8756-456a-9f83-4d496586110c,7705946382779,ean13,Yogurt griego entero Alkosto,Alkosto,,Alimentos,,,,unidad,,open_dataset,unverified,0.70,open-food-facts-csv:2026-09-08:sha256=f72687ee8bc6522054fe69dbfda6b91902c16af1ec2e043cde27bc6c29ad8176,,,
0ed7674f-cf9e-428d-886f-081d865932ae,7705946814300,ean13,Harina de Almendra,Alkosto,,Alimentos,,,,unidad,,open_dataset,unverified,0.70,open-food-facts-csv:2026-09-08:sha256=f72687ee8bc6522054fe69dbfda6b91902c16af1ec2e043cde27bc6c29ad8176,,,
c66a97c2-57f8-4f38-b6d7-96987cebb7ad,7706371001815,ean13,Vinagre Blanco,Aro,,Alimentos,,,,unidad,,open_dataset,unverified,0.70,open-food-facts-csv:2026-09-08:sha256=f72687ee8bc6522054fe69dbfda6b91902c16af1ec2e043cde27bc6c29ad8176,,,
baefedc0-03ba-41f1-a5c9-71231688a750,7706477201355,ean13,Holandés,Bien Star,,Alimentos,,,,unidad,,open_dataset,unverified,0.70,open-food-facts-csv:2026-09-08:sha256=f72687ee8bc6522054fe69dbfda6b91902c16af1ec2e043cde27bc6c29ad8176,,,
7eb71eff-c844-45aa-a306-276716dc15e4,7706642001193,ean13,Tocineta Express BBQ,,,Snacks y confitería,,,,unidad,,open_dataset,unverified,0.70,open-food-facts-csv:2026-09-08:sha256=f72687ee8bc6522054fe69dbfda6b91902c16af1ec2e043cde27bc6c29ad8176,,,
b6bb7ef3-8239-4c65-ab04-fa477c09f157,7706642004835,ean13,Chicharrón Carnudo Americano Familiar,La Victoria,,Snacks y confitería,,,,unidad,,open_dataset,unverified,0.70,open-food-facts-csv:2026-09-08:sha256=f72687ee8bc6522054fe69dbfda6b91902c16af1ec2e043cde27bc6c29ad8176,,,
283f8dff-62a0-4fb9-b50b-edac51670740,7706642005047,ean13,Trocillo Sabor Pollo,La Victoria,,Snacks y confitería,,,,unidad,,open_dataset,unverified,0.70,open-food-facts-csv:2026-09-08:sha256=f72687ee8bc6522054fe69dbfda6b91902c16af1ec2e043cde27bc6c29ad8176,,,
b26be23c-b841-40cf-b98d-6b4e4d6f770a,7707028701386,ean13,Galleta Wafer,Colombina,,Snacks y confitería,,,,unidad,,open_dataset,unverified,0.70,open-food-facts-csv:2026-09-08:sha256=f72687ee8bc6522054fe69dbfda6b91902c16af1ec2e043cde27bc6c29ad8176,,,
1931f296-a626-4d52-8426-921f992dff58,7707032401104,ean13,Harina de Trigo Fortificado,Candor,,Alimentos,,,,unidad,,open_dataset,unverified,0.70,open-food-facts-csv:2026-09-08:sha256=f72687ee8bc6522054fe69dbfda6b91902c16af1ec2e043cde27bc6c29ad8176,,,
405503eb-a76a-402b-9849-4d3c732ef030,7707066603604,ean13,Hatsu Mix de Nueces y Frutas Cubiertas con Yogurt,Postobón,,Alimentos,,,,unidad,,open_dataset,unverified,0.70,open-food-facts-csv:2026-09-08:sha256=f72687ee8bc6522054fe69dbfda6b91902c16af1ec2e043cde27bc6c29ad8176,,,
a654fdf6-4fa2-4e0e-95e2-a4f4b2b8cc30,7707066603666,ean13,Hatsu Bites con Mango y Chia Cubiertos con Yogurt,Postobón,,Snacks y confitería,,,,unidad,,open_dataset,unverified,0.70,open-food-facts-csv:2026-09-08:sha256=f72687ee8bc6522054fe69dbfda6b91902c16af1ec2e043cde27bc6c29ad8176,,,
c21acceb-8f00-4053-b4e5-79a6d4a99377,7707066603710,ean13,Quinoa con Cobertura con Vegetales y Sabor a Yogurt,Hatsu,,Snacks y confitería,,,,unidad,,open_dataset,unverified,0.70,open-food-facts-csv:2026-09-08:sha256=f72687ee8bc6522054fe69dbfda6b91902c16af1ec2e043cde27bc6c29ad8176,,,
c39931cc-a0a7-410b-b261-7969bbb52f0b,7707105805013,ean13,arroz,sabroson,,Alimentos,,,,unidad,,open_dataset,unverified,0.70,open-food-facts-csv:2026-09-08:sha256=f72687ee8bc6522054fe69dbfda6b91902c16af1ec2e043cde27bc6c29ad8176,,,
0b7f36e0-d44e-47e3-b49a-5e648844c0b2,7707124900317,ean13,Fresco de avena instantáneo,Qikely,,Alimentos,,,,unidad,,open_dataset,unverified,0.70,open-food-facts-csv:2026-09-08:sha256=f72687ee8bc6522054fe69dbfda6b91902c16af1ec2e043cde27bc6c29ad8176,,,
b7d0c276-349d-47ad-b985-492e270bd6d1,7707124905084,ean13,Granola Mix de Frutas,Qively,,Alimentos,,,,unidad,,open_dataset,unverified,0.70,open-food-facts-csv:2026-09-08:sha256=f72687ee8bc6522054fe69dbfda6b91902c16af1ec2e043cde27bc6c29ad8176,,,
91313b7b-0218-42e0-a88a-79db32e8d3ac,7707172301142,ean13,Soyitas saladitas crocantes,Del Alba,,Snacks y confitería,,,,unidad,,open_dataset,unverified,0.70,open-food-facts-csv:2026-09-08:sha256=f72687ee8bc6522054fe69dbfda6b91902c16af1ec2e043cde27bc6c29ad8176,,,
01a8a1a7-aa52-4c8b-85e8-311938748ee1,7707172307106,ean13,Mix del Campo,Del Alba,,Alimentos,,,,unidad,,open_dataset,unverified,0.70,open-food-facts-csv:2026-09-08:sha256=f72687ee8bc6522054fe69dbfda6b91902c16af1ec2e043cde27bc6c29ad8176,,,
7358d337-a3c6-4576-b35d-3bda770538be,7707175260187,ean13,queso mozzarela entero,El corral campesino,,Alimentos,,,,unidad,,open_dataset,unverified,0.70,open-food-facts-csv:2026-09-08:sha256=f72687ee8bc6522054fe69dbfda6b91902c16af1ec2e043cde27bc6c29ad8176,,,
d6e9bb8e-6a0d-40d3-84d6-e392577aeef8,7707179050012,ean13,Kumis Semidescremado con Dulce,El Kiosco,,Bebidas,,,,unidad,,open_dataset,unverified,0.70,open-food-facts-csv:2026-09-08:sha256=f72687ee8bc6522054fe69dbfda6b91902c16af1ec2e043cde27bc6c29ad8176,,,
88ce1861-e1df-419e-9397-1447b116c630,7707179720014,ean13,Arroz del Llano,Arroz del Llano,,Alimentos,,,,unidad,,open_dataset,unverified,0.70,open-food-facts-csv:2026-09-08:sha256=f72687ee8bc6522054fe69dbfda6b91902c16af1ec2e043cde27bc6c29ad8176,,,
989a49d0-d7c1-42de-a02a-0300ee3a329c,7707180140030,ean13,Harina precocida de 7 granos,Multicereales Alvarado,,Alimentos,,,,unidad,,open_dataset,unverified,0.70,open-food-facts-csv:2026-09-08:sha256=f72687ee8bc6522054fe69dbfda6b91902c16af1ec2e043cde27bc6c29ad8176,,,
19e6a804-0a9e-4c1b-a423-9040f70042eb,7707180140092,ean13,Miel de abejas,El Rosal,,Alimentos,,,,unidad,,open_dataset,unverified,0.70,open-food-facts-csv:2026-09-08:sha256=f72687ee8bc6522054fe69dbfda6b91902c16af1ec2e043cde27bc6c29ad8176,,,
6346fa54-f151-4729-92b3-81c87a6a94c4,7707180828242,ean13,Galletas De Arroz Con Almendras,Naruna Foods,,Snacks y confitería,,,,unidad,,open_dataset,unverified,0.70,open-food-facts-csv:2026-09-08:sha256=f72687ee8bc6522054fe69dbfda6b91902c16af1ec2e043cde27bc6c29ad8176,,,
107e5724-9f68-4ba0-89a3-58a1afb8d976,7707183500022,ean13,QUESADILLO D'PROVINCIA,D'PROVINCIA LTDA.,,Alimentos,,,,unidad,,open_dataset,unverified,0.70,open-food-facts-csv:2026-09-08:sha256=f72687ee8bc6522054fe69dbfda6b91902c16af1ec2e043cde27bc6c29ad8176,,,
ce0970ee-9fcf-4142-bd3a-1865a58bef57,7707187470895,ean13,Bocadillo de guayaba con manjar de leche,,,Snacks y confitería,,,,unidad,,open_dataset,unverified,0.70,open-food-facts-csv:2026-09-08:sha256=f72687ee8bc6522054fe69dbfda6b91902c16af1ec2e043cde27bc6c29ad8176,,,
3045df50-8df3-43d5-871a-5ad42f046f84,7707188160221,ean13,Bebida Láctea Fresa,Auralac,,Alimentos,,,,unidad,,open_dataset,unverified,0.70,open-food-facts-csv:2026-09-08:sha256=f72687ee8bc6522054fe69dbfda6b91902c16af1ec2e043cde27bc6c29ad8176,,,
4997d5a0-8226-4e0a-8954-3281a16ecf9d,7707189884720,ean13,Lomitos de atún en agua Extra,Extra,,Alimentos,,,,unidad,,open_dataset,unverified,0.70,open-food-facts-csv:2026-09-08:sha256=f72687ee8bc6522054fe69dbfda6b91902c16af1ec2e043cde27bc6c29ad8176,,,
056dceb9-99b3-4447-b214-c14b4ac68937,7707191840011,ean13,Mermelada de Fresa,Andes,,Alimentos,,,,unidad,,open_dataset,unverified,0.70,open-food-facts-csv:2026-09-08:sha256=f72687ee8bc6522054fe69dbfda6b91902c16af1ec2e043cde27bc6c29ad8176,,,
fe3744ba-5161-4647-a2eb-13c166e3a733,7707199660741,ean13,Aroma Café Instantáneo en Polvo,Casa Luker,,Bebidas,,,,unidad,,open_dataset,unverified,0.70,open-food-facts-csv:2026-09-08:sha256=f72687ee8bc6522054fe69dbfda6b91902c16af1ec2e043cde27bc6c29ad8176,,,
5f66d2df-45f6-434c-ac43-300b3fc39f2d,7707203590262,ean13,Salsa Mexicana Suave,Azteca,,Alimentos,,,,unidad,,open_dataset,unverified,0.70,open-food-facts-csv:2026-09-08:sha256=f72687ee8bc6522054fe69dbfda6b91902c16af1ec2e043cde27bc6c29ad8176,,,
a90d6058-87d5-47d1-9282-9acb254f6a8a,7707211630912,ean13,Café Buendía clásico,buendia,,Bebidas,,,,unidad,,open_dataset,unverified,0.70,open-food-facts-csv:2026-09-08:sha256=f72687ee8bc6522054fe69dbfda6b91902c16af1ec2e043cde27bc6c29ad8176,,,
85f5681f-9536-4edf-9f22-1214a369ec98,7707211631469,ean13,Café Soluble Liofilizado,Juan Valdez,,Bebidas,,,,unidad,,open_dataset,unverified,0.70,open-food-facts-csv:2026-09-08:sha256=f72687ee8bc6522054fe69dbfda6b91902c16af1ec2e043cde27bc6c29ad8176,,,
225758df-7f89-40eb-a2c0-05553a65bf62,7707211631865,ean13,Chocolate,Juan Valdez,,Bebidas,,,,unidad,,open_dataset,unverified,0.70,open-food-facts-csv:2026-09-08:sha256=f72687ee8bc6522054fe69dbfda6b91902c16af1ec2e043cde27bc6c29ad8176,,,
bd3fdc21-0132-439a-b7c5-1979441e7fc9,7707211632169,ean13,Vanicanela,Juan Valdez,,Bebidas,,,,unidad,,open_dataset,unverified,0.70,open-food-facts-csv:2026-09-08:sha256=f72687ee8bc6522054fe69dbfda6b91902c16af1ec2e043cde27bc6c29ad8176,,,
079a272a-56ea-403f-8c36-f0f3f91a022f,7707220540004,ean13,Chelitas,Servipan,,Snacks y confitería,,,,unidad,,open_dataset,unverified,0.70,open-food-facts-csv:2026-09-08:sha256=f72687ee8bc6522054fe69dbfda6b91902c16af1ec2e043cde27bc6c29ad8176,,,
6e005d46-a047-48d9-846f-865ee1422f12,7707220540370,ean13,Rosquitas de Queso,Levapan,,Snacks y confitería,,,,unidad,,open_dataset,unverified,0.70,open-food-facts-csv:2026-09-08:sha256=f72687ee8bc6522054fe69dbfda6b91902c16af1ec2e043cde27bc6c29ad8176,,,
3f26a539-7b8d-41e9-bccd-2233861c672c,7707222299122,ean13,Arroz Zulia,Zulia,,Alimentos,,,,unidad,,open_dataset,unverified,0.70,open-food-facts-csv:2026-09-08:sha256=f72687ee8bc6522054fe69dbfda6b91902c16af1ec2e043cde27bc6c29ad8176,,,
b9cb95ab-2725-4831-ba2f-bf16d6c596f5,7707224220407,ean13,Panela Instantánea,El Trébol,,Alimentos,,,,unidad,,open_dataset,unverified,0.70,open-food-facts-csv:2026-09-08:sha256=f72687ee8bc6522054fe69dbfda6b91902c16af1ec2e043cde27bc6c29ad8176,,,
1c47a0a0-3be5-47bb-9e54-bcfaa81a6465,7707226861431,ean13,Bee'Dony,BONY & CIA. S.A.S,,Snacks y confitería,,,,unidad,,open_dataset,unverified,0.70,open-food-facts-csv:2026-09-08:sha256=f72687ee8bc6522054fe69dbfda6b91902c16af1ec2e043cde27bc6c29ad8176,,,
0d31d70a-9b0a-47d4-9401-9d2fa7dd43ef,7707237413902,ean13,Harina La Nieve,La Nieve,,Alimentos,,,,unidad,,open_dataset,unverified,0.70,open-food-facts-csv:2026-09-08:sha256=f72687ee8bc6522054fe69dbfda6b91902c16af1ec2e043cde27bc6c29ad8176,,,
dbc93138-37a0-4b27-a3b8-0cee33fbeace,7707240271063,ean13,Servipan Rosquitas Integrales,Servipan,,Snacks y confitería,,,,unidad,,open_dataset,unverified,0.70,open-food-facts-csv:2026-09-08:sha256=f72687ee8bc6522054fe69dbfda6b91902c16af1ec2e043cde27bc6c29ad8176,,,
dea5cc30-1bd8-4fe4-a470-2249ceac0d52,7707240271131,ean13,Pan Tajado Integral,Servipan,,Alimentos,,,,unidad,,open_dataset,unverified,0.70,open-food-facts-csv:2026-09-08:sha256=f72687ee8bc6522054fe69dbfda6b91902c16af1ec2e043cde27bc6c29ad8176,,,
1ce13ba2-d0b7-434c-bd76-ff8c59cc8b7d,7707241940173,ean13,Bocadillo de Guayaba,La Villa de la Guayaba,,Snacks y confitería,,,,unidad,,open_dataset,unverified,0.70,open-food-facts-csv:2026-09-08:sha256=f72687ee8bc6522054fe69dbfda6b91902c16af1ec2e043cde27bc6c29ad8176,,,
a00062cd-0942-49ea-93a8-f84e14efe53b,7707242401529,ean13,Hojuela de Avena,Pronalce del Sur,,Alimentos,,,,unidad,,open_dataset,unverified,0.70,open-food-facts-csv:2026-09-08:sha256=f72687ee8bc6522054fe69dbfda6b91902c16af1ec2e043cde27bc6c29ad8176,,,
a7ffe59a-5319-4d53-9b4e-80de4c963713,7707244561689,ean13,Agua cielo,Cielo eleva tu vida,,Bebidas,,,,unidad,,open_dataset,unverified,0.70,open-food-facts-csv:2026-09-08:sha256=f72687ee8bc6522054fe69dbfda6b91902c16af1ec2e043cde27bc6c29ad8176,,,
192986da-a05d-4672-ae8e-bff0db525414,7707245600639,ean13,Calados,Pan Bony,,Alimentos,,,,unidad,,open_dataset,unverified,0.70,open-food-facts-csv:2026-09-08:sha256=f72687ee8bc6522054fe69dbfda6b91902c16af1ec2e043cde27bc6c29ad8176,,,
389055b4-4187-429a-b0fb-b47e98afa706,7707248320466,ean13,Palomitas de Maíz Caramelo,Planet Pop,,Snacks y confitería,,,,unidad,,open_dataset,unverified,0.70,open-food-facts-csv:2026-09-08:sha256=f72687ee8bc6522054fe69dbfda6b91902c16af1ec2e043cde27bc6c29ad8176,,,
991d2aeb-d11e-4fcc-80ad-82b0ff257e78,7707248322385,ean13,Hojuelas de Avena Sabor Canela,Miller's,,Alimentos,,,,unidad,,open_dataset,unverified,0.70,open-food-facts-csv:2026-09-08:sha256=f72687ee8bc6522054fe69dbfda6b91902c16af1ec2e043cde27bc6c29ad8176,,,
98b9562a-9feb-4a18-9e71-39d180a7a93b,7707262682595,ean13,Compota de Pera,BabyFruit,,Alimentos,,,,unidad,,open_dataset,unverified,0.70,open-food-facts-csv:2026-09-08:sha256=f72687ee8bc6522054fe69dbfda6b91902c16af1ec2e043cde27bc6c29ad8176,,,
34396731-eec2-4d70-8e55-f487fefac3ce,7707268530296,ean13,Arepa de Maíz Mini Tela,EL CARRIEL,,Alimentos,,,,unidad,,open_dataset,unverified,0.70,open-food-facts-csv:2026-09-08:sha256=f72687ee8bc6522054fe69dbfda6b91902c16af1ec2e043cde27bc6c29ad8176,,,
d3102c8c-c15a-4a92-a243-15c84fc6b762,7707272490692,ean13,Mogollas Integrales,Country vita fit,,Alimentos,,,,unidad,,open_dataset,unverified,0.70,open-food-facts-csv:2026-09-08:sha256=f72687ee8bc6522054fe69dbfda6b91902c16af1ec2e043cde27bc6c29ad8176,,,
655fc22e-f59a-4e29-a313-bf77018419f8,7707275650550,ean13,Queso pera,Campo real,,Alimentos,,,,unidad,,open_dataset,unverified,0.70,open-food-facts-csv:2026-09-08:sha256=f72687ee8bc6522054fe69dbfda6b91902c16af1ec2e043cde27bc6c29ad8176,,,
5c875dc6-93e6-4f5e-9f23-3db6208fe92f,7707276560124,ean13,Yogurt de Mora,La Pruebita,,Alimentos,,,,unidad,,open_dataset,unverified,0.70,open-food-facts-csv:2026-09-08:sha256=f72687ee8bc6522054fe69dbfda6b91902c16af1ec2e043cde27bc6c29ad8176,,,
18f35372-31fd-45b1-9224-8c673c4059eb,7707277701144,ean13,Trocillos,Comestibles Pensilvania,,Alimentos,,,,unidad,,open_dataset,unverified,0.70,open-food-facts-csv:2026-09-08:sha256=f72687ee8bc6522054fe69dbfda6b91902c16af1ec2e043cde27bc6c29ad8176,,,
cb6407af-505b-4a1d-b5b4-ea6b94b9210b,7707280880218,ean13,Cumbre Fuerte,Juan Valdez,,Bebidas,,,,unidad,,open_dataset,unverified,0.70,open-food-facts-csv:2026-09-08:sha256=f72687ee8bc6522054fe69dbfda6b91902c16af1ec2e043cde27bc6c29ad8176,,,
1f5e1eef-e1a9-4e76-8af3-3fc5472c1cd6,7707280880287,ean13,Colina Balanceado,Juan Valdez,,Bebidas,,,,unidad,,open_dataset,unverified,0.70,open-food-facts-csv:2026-09-08:sha256=f72687ee8bc6522054fe69dbfda6b91902c16af1ec2e043cde27bc6c29ad8176,,,
75491ad2-8eb1-4e02-afe7-b18cb498e3c6,7707280883868,ean13,Café Volcán,Juan Valdez,,Bebidas,,,,unidad,,open_dataset,unverified,0.70,open-food-facts-csv:2026-09-08:sha256=f72687ee8bc6522054fe69dbfda6b91902c16af1ec2e043cde27bc6c29ad8176,,,
3016f8cf-0ccd-4a29-afac-e76cee4d3a4f,7707282388156,ean13,Splot Chicle Bomba,Splot,,Snacks y confitería,,,,unidad,,open_dataset,unverified,0.70,open-food-facts-csv:2026-09-08:sha256=f72687ee8bc6522054fe69dbfda6b91902c16af1ec2e043cde27bc6c29ad8176,,,
573c47ba-24b9-4730-9c4a-6d5cf21cf58a,7707287462998,ean13,Avena en hojula,De la abuela,,Alimentos,,,,unidad,,open_dataset,unverified,0.70,open-food-facts-csv:2026-09-08:sha256=f72687ee8bc6522054fe69dbfda6b91902c16af1ec2e043cde27bc6c29ad8176,,,
6d7aeb17-ffd9-4e93-bb36-4ca7456c4f80,7707287463223,ean13,Hojuelas Avena,De La Abuela,,Alimentos,,,,unidad,,open_dataset,unverified,0.70,open-food-facts-csv:2026-09-08:sha256=f72687ee8bc6522054fe69dbfda6b91902c16af1ec2e043cde27bc6c29ad8176,,,
d6d651f2-f162-4c13-b7f9-2b384fd1b0a2,7707292780346,ean13,Lentejas La Frijolera,La Frijolera,,Alimentos,,,,unidad,,open_dataset,unverified,0.70,open-food-facts-csv:2026-09-08:sha256=f72687ee8bc6522054fe69dbfda6b91902c16af1ec2e043cde27bc6c29ad8176,,,
35a15cf2-6a8d-4a4e-a9e7-7dbbe26913cc,7707297383504,ean13,Tostadas Integrales,Yemapan,,Alimentos,,,,unidad,,open_dataset,unverified,0.70,open-food-facts-csv:2026-09-08:sha256=f72687ee8bc6522054fe69dbfda6b91902c16af1ec2e043cde27bc6c29ad8176,,,
2b612a21-94a8-4d38-ba59-5c0ad24053a9,7707298740993,ean13,Dulcesita,,,Alimentos,,,,unidad,,open_dataset,unverified,0.70,open-food-facts-csv:2026-09-08:sha256=f72687ee8bc6522054fe69dbfda6b91902c16af1ec2e043cde27bc6c29ad8176,,,
2a44a1e1-6d09-4b68-9efa-b709a06b63cd,7707301870105,ean13,Mermelada de Mora,El Robledal,,Alimentos,,,,unidad,,open_dataset,unverified,0.70,open-food-facts-csv:2026-09-08:sha256=f72687ee8bc6522054fe69dbfda6b91902c16af1ec2e043cde27bc6c29ad8176,,,
83f16a13-c349-4645-82fb-13b7981afbe6,7707302080039,ean13,Granola,Fruty,,Alimentos,,,,unidad,,open_dataset,unverified,0.70,open-food-facts-csv:2026-09-08:sha256=f72687ee8bc6522054fe69dbfda6b91902c16af1ec2e043cde27bc6c29ad8176,,,
3568e150-c262-4ede-8200-ce6301f8c371,7707302880158,ean13,Pan de Sal,Búcaros,,Alimentos,,,,unidad,,open_dataset,unverified,0.70,open-food-facts-csv:2026-09-08:sha256=f72687ee8bc6522054fe69dbfda6b91902c16af1ec2e043cde27bc6c29ad8176,,,
4a26dcda-66dd-4a93-8e5f-90b2ae244a18,7707304621384,ean13,Huevos,,,Alimentos,,,,unidad,,open_dataset,unverified,0.70,open-food-facts-csv:2026-09-08:sha256=f72687ee8bc6522054fe69dbfda6b91902c16af1ec2e043cde27bc6c29ad8176,,,
d58536a2-ac95-48fc-8e81-fab01f05bcd2,7707307963177,ean13,Comarrico Caracol,Comarrico,,Alimentos,,,,unidad,,open_dataset,unverified,0.70,open-food-facts-csv:2026-09-08:sha256=f72687ee8bc6522054fe69dbfda6b91902c16af1ec2e043cde27bc6c29ad8176,,,
2a09e06d-1461-4c4a-9884-346a6dc69352,7707310620104,ean13,Él Buen Gusto,,,Alimentos,,,,unidad,,open_dataset,unverified,0.70,open-food-facts-csv:2026-09-08:sha256=f72687ee8bc6522054fe69dbfda6b91902c16af1ec2e043cde27bc6c29ad8176,,,
04a75d3a-c361-47b0-a392-9c4b6cf8587f,7707312650208,ean13,Rosquillas integrales de arroz,Naturela,,Alimentos,,,,unidad,,open_dataset,unverified,0.70,open-food-facts-csv:2026-09-08:sha256=f72687ee8bc6522054fe69dbfda6b91902c16af1ec2e043cde27bc6c29ad8176,,,
f075fdeb-1380-4b69-83d1-a74028d212a7,7707315720014,ean13,Stevia orgánica,,,Alimentos,,,,unidad,,open_dataset,unverified,0.70,open-food-facts-csv:2026-09-08:sha256=f72687ee8bc6522054fe69dbfda6b91902c16af1ec2e043cde27bc6c29ad8176,,,
d91b43f0-cb60-43a0-89cf-e73cef268060,7707316230536,ean13,Cocoa Fusión Tumaco,Cocoa Fusión Tumaco,,Snacks y confitería,,,,unidad,,open_dataset,unverified,0.70,open-food-facts-csv:2026-09-08:sha256=f72687ee8bc6522054fe69dbfda6b91902c16af1ec2e043cde27bc6c29ad8176,,,
50830f4a-a30b-4d34-a5f2-c5e8cec7b0c3,7707316230697,ean13,Mountain Food Maní con Sal,Mountain food,,Alimentos,,,,unidad,,open_dataset,unverified,0.70,open-food-facts-csv:2026-09-08:sha256=f72687ee8bc6522054fe69dbfda6b91902c16af1ec2e043cde27bc6c29ad8176,,,
51d00289-8466-4d90-8983-8eb69b3547cd,7707318460108,ean13,Bocadillo de guayaba,Nutriricuras,,Snacks y confitería,,,,unidad,,open_dataset,unverified,0.70,open-food-facts-csv:2026-09-08:sha256=f72687ee8bc6522054fe69dbfda6b91902c16af1ec2e043cde27bc6c29ad8176,,,
a4fe39a3-9678-4628-9960-a5163002dd49,7707322030052,ean13,Quinoa Club,Quinua Club,,Snacks y confitería,,,,unidad,,open_dataset,unverified,0.70,open-food-facts-csv:2026-09-08:sha256=f72687ee8bc6522054fe69dbfda6b91902c16af1ec2e043cde27bc6c29ad8176,,,
dd96764f-2d7f-4f1f-9e5d-c8aefc8aca4f,7707322030649,ean13,Quinoa club,Tasty snacking,,Alimentos,,,,unidad,,open_dataset,unverified,0.70,open-food-facts-csv:2026-09-08:sha256=f72687ee8bc6522054fe69dbfda6b91902c16af1ec2e043cde27bc6c29ad8176,,,
ce7bf6b3-2435-4b6e-a896-0ca2c00e407e,7707322030748,ean13,Quinoa Club,,,Snacks y confitería,,,,unidad,,open_dataset,unverified,0.70,open-food-facts-csv:2026-09-08:sha256=f72687ee8bc6522054fe69dbfda6b91902c16af1ec2e043cde27bc6c29ad8176,,,
bb3f27e3-114f-4c6c-9db2-36dfec21b419,7707325840085,ean13,Harina de Maíz Blanca Precocida,Bellini,,Alimentos,,,,unidad,,open_dataset,unverified,0.70,open-food-facts-csv:2026-09-08:sha256=f72687ee8bc6522054fe69dbfda6b91902c16af1ec2e043cde27bc6c29ad8176,,,
a8f64f76-ec13-4114-ae9f-72d12f8963e4,7707330110135,ean13,Granola Light Miel con Uvas,Comestibles Mios,,Alimentos,,,,unidad,,open_dataset,unverified,0.70,open-food-facts-csv:2026-09-08:sha256=f72687ee8bc6522054fe69dbfda6b91902c16af1ec2e043cde27bc6c29ad8176,,,
4353a09d-60cd-4442-8e18-dd83963311b4,7707330380132,ean13,Pan Arabe,Pan Ismael,,Alimentos,,,,unidad,,open_dataset,unverified,0.70,open-food-facts-csv:2026-09-08:sha256=f72687ee8bc6522054fe69dbfda6b91902c16af1ec2e043cde27bc6c29ad8176,,,
1314c481-9290-4219-8db4-dd4e5ace5543,7707331403885,ean13,Actigest Pitaya,Alqueria,,Alimentos,,,,unidad,,open_dataset,unverified,0.70,open-food-facts-csv:2026-09-08:sha256=f72687ee8bc6522054fe69dbfda6b91902c16af1ec2e043cde27bc6c29ad8176,,,
a4adb2c9-0bd3-478f-b8a7-5b195a11835b,7707331406589,ean13,FortiKids Yogurt Sabor Fresa,Alquería,,Alimentos,,,,unidad,,open_dataset,unverified,0.70,open-food-facts-csv:2026-09-08:sha256=f72687ee8bc6522054fe69dbfda6b91902c16af1ec2e043cde27bc6c29ad8176,,,
a7560b00-0592-40c0-ad0e-37e51babf139,7707331407661,ean13,Yogurt con Trozos de Fruta Lulo,Alquería,,Alimentos,,,,unidad,,open_dataset,unverified,0.70,open-food-facts-csv:2026-09-08:sha256=f72687ee8bc6522054fe69dbfda6b91902c16af1ec2e043cde27bc6c29ad8176,,,
1229ac83-06fa-4ac8-bd9b-805a60a2c744,7707331407678,ean13,Yogurt Con Trozos de Fruta Limonada de Coco,Alquería,,Alimentos,,,,unidad,,open_dataset,unverified,0.70,open-food-facts-csv:2026-09-08:sha256=f72687ee8bc6522054fe69dbfda6b91902c16af1ec2e043cde27bc6c29ad8176,,,
5b6dc2fb-7c70-41a3-9d83-ea6b9ff3021c,7707331407692,ean13,Yogurt Cuchareable Salpicón,Alquería,,Alimentos,,,,unidad,,open_dataset,unverified,0.70,open-food-facts-csv:2026-09-08:sha256=f72687ee8bc6522054fe69dbfda6b91902c16af1ec2e043cde27bc6c29ad8176,,,
cfe4b0a1-f544-478c-8079-ede885b20beb,7707331407708,ean13,Yogurt Cuchareable Mango,Alquería,,Alimentos,,,,unidad,,open_dataset,unverified,0.70,open-food-facts-csv:2026-09-08:sha256=f72687ee8bc6522054fe69dbfda6b91902c16af1ec2e043cde27bc6c29ad8176,,,
3e885e30-c212-4ce0-87df-4fdb0e67b5a6,7707331407722,ean13,Yogurt Con Trozos de Fruta Fresa,Alquería,,Alimentos,,,,unidad,,open_dataset,unverified,0.70,open-food-facts-csv:2026-09-08:sha256=f72687ee8bc6522054fe69dbfda6b91902c16af1ec2e043cde27bc6c29ad8176,,,
f31bcc0a-90d0-4f1f-a273-629983fa2255,7707331407791,ean13,AlqueMix Hojuelas Crunchy,Alqueria,,Alimentos,,,,unidad,,open_dataset,unverified,0.70,open-food-facts-csv:2026-09-08:sha256=f72687ee8bc6522054fe69dbfda6b91902c16af1ec2e043cde27bc6c29ad8176,,,
4da00ac0-51ce-4689-9b40-fa05d81902ce,7707334211401,ean13,Paleta Frutosita Coco,Tree Fruts,,Snacks y confitería,,,,unidad,,open_dataset,unverified,0.70,open-food-facts-csv:2026-09-08:sha256=f72687ee8bc6522054fe69dbfda6b91902c16af1ec2e043cde27bc6c29ad8176,,,
5f2dea3f-8e88-4d45-be32-57ce172b6e3a,7707341112173,ean13,Papos Sabor Limón,,,Alimentos,,,,unidad,,open_dataset,unverified,0.70,open-food-facts-csv:2026-09-08:sha256=f72687ee8bc6522054fe69dbfda6b91902c16af1ec2e043cde27bc6c29ad8176,,,
5404855f-84a2-4a0d-87a2-47163bd5663a,7707343440076,ean13,tostadas finas hierbas,Botanera,,Alimentos,,,,unidad,,open_dataset,unverified,0.70,open-food-facts-csv:2026-09-08:sha256=f72687ee8bc6522054fe69dbfda6b91902c16af1ec2e043cde27bc6c29ad8176,,,
671daae0-6b5f-45b6-8c12-be84718bd833,7707345811706,ean13,Salchichón Cervecero Ahumado,Maxiricos,,Alimentos,,,,unidad,,open_dataset,unverified,0.70,open-food-facts-csv:2026-09-08:sha256=f72687ee8bc6522054fe69dbfda6b91902c16af1ec2e043cde27bc6c29ad8176,,,
83a66ff1-7494-4fd4-b7da-93870f6f2fb7,7707345812123,ean13,Mortadela Jamonada de Res,Maxiricos,,Alimentos,,,,unidad,,open_dataset,unverified,0.70,open-food-facts-csv:2026-09-08:sha256=f72687ee8bc6522054fe69dbfda6b91902c16af1ec2e043cde27bc6c29ad8176,,,
0438f78c-8d41-483b-8d6f-a3d049832d76,7707345813151,ean13,Salchicha tradicional de res,Maxiricos,,Alimentos,,,,unidad,,open_dataset,unverified,0.70,open-food-facts-csv:2026-09-08:sha256=f72687ee8bc6522054fe69dbfda6b91902c16af1ec2e043cde27bc6c29ad8176,,,
96b70fc7-d22c-434d-b769-f5074b75af88,7707357444237,ean13,Premezcla para Hacer Pancakes,Karavansay,,Alimentos,,,,unidad,,open_dataset,unverified,0.70,open-food-facts-csv:2026-09-08:sha256=f72687ee8bc6522054fe69dbfda6b91902c16af1ec2e043cde27bc6c29ad8176,,,
2dec4fd3-7bc2-4296-8fb4-59d27ecab1bf,7707362390079,ean13,Té Blanco Y Mangostino,"Hatsu, Postobón",,Bebidas,,,,unidad,,open_dataset,unverified,0.70,open-food-facts-csv:2026-09-08:sha256=f72687ee8bc6522054fe69dbfda6b91902c16af1ec2e043cde27bc6c29ad8176,,,
4a873684-6a99-4dd1-b0bc-a76a5e485127,7707362390086,ean13,Hatsu Tea Red Berries,Hatsu,,Bebidas,,,,unidad,,open_dataset,unverified,0.70,open-food-facts-csv:2026-09-08:sha256=f72687ee8bc6522054fe69dbfda6b91902c16af1ec2e043cde27bc6c29ad8176,,,
7f1e0093-4879-417c-a050-61440f08cdd5,7707362390093,ean13,Hatsu Black Tea & Lime,Hatsu,,Bebidas,,,,unidad,,open_dataset,unverified,0.70,open-food-facts-csv:2026-09-08:sha256=f72687ee8bc6522054fe69dbfda6b91902c16af1ec2e043cde27bc6c29ad8176,,,
93623af6-28d1-4794-8709-5e325e1e8ae3,7707365170623,ean13,Yogurt Griego Entero Natural sin dulce,Dejamu,,Alimentos,,,,unidad,,open_dataset,unverified,0.70,open-food-facts-csv:2026-09-08:sha256=f72687ee8bc6522054fe69dbfda6b91902c16af1ec2e043cde27bc6c29ad8176,,,
3c80e37b-dabb-48d0-bfbf-c61c5a69dfa9,7707365171552,ean13,Parfait Frutos del Bosque,Dejamu,,Alimentos,,,,unidad,,open_dataset,unverified,0.70,open-food-facts-csv:2026-09-08:sha256=f72687ee8bc6522054fe69dbfda6b91902c16af1ec2e043cde27bc6c29ad8176,,,
fa8c8466-7a18-4240-a653-30c52ff1b025,7707365171958,ean13,Yogurt Griego Coco,Dejamu,,Alimentos,,,,unidad,,open_dataset,unverified,0.70,open-food-facts-csv:2026-09-08:sha256=f72687ee8bc6522054fe69dbfda6b91902c16af1ec2e043cde27bc6c29ad8176,,,
33bdf4be-bbbf-487c-9348-017c7a7a8e2b,7707365173679,ean13,Dejamu Queso Cottage,Dejamu,,Alimentos,,,,unidad,,open_dataset,unverified,0.70,open-food-facts-csv:2026-09-08:sha256=f72687ee8bc6522054fe69dbfda6b91902c16af1ec2e043cde27bc6c29ad8176,,,
fb72dcb8-4fd3-41ef-83fc-2de440c8216d,7707365173938,ean13,Dejamu Parfait Arándanos,Dejamu,,Alimentos,,,,unidad,,open_dataset,unverified,0.70,open-food-facts-csv:2026-09-08:sha256=f72687ee8bc6522054fe69dbfda6b91902c16af1ec2e043cde27bc6c29ad8176,,,
98cfa9b4-1ee4-4a1d-b9f7-77bb11c4cea6,7707365174386,ean13,Yogurt Griego Entero Natural sin Dulce,,,Alimentos,,,,unidad,,open_dataset,unverified,0.70,open-food-facts-csv:2026-09-08:sha256=f72687ee8bc6522054fe69dbfda6b91902c16af1ec2e043cde27bc6c29ad8176,,,
f60d6146-10dd-4166-a5ac-43ea8d9a68fc,7707365174829,ean13,"Yogurt natural griego, sin dulce",Dejamu,,Alimentos,,,,unidad,,open_dataset,unverified,0.70,open-food-facts-csv:2026-09-08:sha256=f72687ee8bc6522054fe69dbfda6b91902c16af1ec2e043cde27bc6c29ad8176,,,
57ffcf4b-c447-4ef6-8c89-db7ba60042c0,7707366637606,ean13,Seletti Yogurt Griego,Seletti,,Alimentos,,,,unidad,,open_dataset,unverified,0.70,open-food-facts-csv:2026-09-08:sha256=f72687ee8bc6522054fe69dbfda6b91902c16af1ec2e043cde27bc6c29ad8176,,,
4370dbc3-f1d2-49c7-9cea-76c9f236b50d,7707366638962,ean13,Maíz Dulce,Seletti,,Alimentos,,,,unidad,,open_dataset,unverified,0.70,open-food-facts-csv:2026-09-08:sha256=f72687ee8bc6522054fe69dbfda6b91902c16af1ec2e043cde27bc6c29ad8176,,,
f1026256-3a4e-4602-b70e-221e79b6b3e7,7707369300323,ean13,Queso Mozarella,Lácteos Costerita,,Alimentos,,,,unidad,,open_dataset,unverified,0.70,open-food-facts-csv:2026-09-08:sha256=f72687ee8bc6522054fe69dbfda6b91902c16af1ec2e043cde27bc6c29ad8176,,,
804644de-1602-4d1a-86c7-e5daff3b4981,7707369351530,ean13,Don Chicharrón Barbecue,Don Chicharrón,,Snacks y confitería,,,,unidad,,open_dataset,unverified,0.70,open-food-facts-csv:2026-09-08:sha256=f72687ee8bc6522054fe69dbfda6b91902c16af1ec2e043cde27bc6c29ad8176,,,
c1774a60-2c96-4d43-a9c1-db2bd32b1637,7707385975772,ean13,salsa de tomate,differ,,Alimentos,,,,unidad,,open_dataset,unverified,0.70,open-food-facts-csv:2026-09-08:sha256=f72687ee8bc6522054fe69dbfda6b91902c16af1ec2e043cde27bc6c29ad8176,,,
cbd80b54-d12f-4d9a-acae-748dfb8d8c73,7707394713624,ean13,Burner stack Lata- Uva,Nutramerican,,Bebidas,,,,unidad,,open_dataset,unverified,0.70,open-food-facts-csv:2026-09-08:sha256=f72687ee8bc6522054fe69dbfda6b91902c16af1ec2e043cde27bc6c29ad8176,,,
927bcc32-602e-44c1-8c8e-f3e02f680e57,7707394714355,ean13,Myth Legendary Pre-entreno Green Apple,Nutramerican,,Bebidas,,,,unidad,,open_dataset,unverified,0.70,open-food-facts-csv:2026-09-08:sha256=f72687ee8bc6522054fe69dbfda6b91902c16af1ec2e043cde27bc6c29ad8176,,,
9c61f668-c1e1-49f1-8ea8-08e5d2ef9eb0,7707394717691,ean13,Rescue,Nutramerican,,Bebidas,,,,unidad,,open_dataset,unverified,0.70,open-food-facts-csv:2026-09-08:sha256=f72687ee8bc6522054fe69dbfda6b91902c16af1ec2e043cde27bc6c29ad8176,,,
1bbc2a86-20b8-46ae-826b-fb18efd12ef8,7707418524731,ean13,Galleta de Avena y Linaza,Avio,,Snacks y confitería,,,,unidad,,open_dataset,unverified,0.70,open-food-facts-csv:2026-09-08:sha256=f72687ee8bc6522054fe69dbfda6b91902c16af1ec2e043cde27bc6c29ad8176,,,
7e030899-c592-4a52-9405-25766a2a46f5,7707672337085,ean13,Piatto Mostaza Clásica,Piatto,,Alimentos,,,,unidad,,open_dataset,unverified,0.70,open-food-facts-csv:2026-09-08:sha256=f72687ee8bc6522054fe69dbfda6b91902c16af1ec2e043cde27bc6c29ad8176,,,
5580c7ca-687c-4f47-a285-598bafdd1bec,7707672337122,ean13,Reducción Vinagre Balsámico de Modena,Piatto,,Alimentos,,,,unidad,,open_dataset,unverified,0.70,open-food-facts-csv:2026-09-08:sha256=f72687ee8bc6522054fe69dbfda6b91902c16af1ec2e043cde27bc6c29ad8176,,,
71da7a1b-227d-4fdb-ba1c-9cb0b3dea811,7707699950069,ean13,Monterojo,Papas Monterojo,,Snacks y confitería,,,,unidad,,open_dataset,unverified,0.70,open-food-facts-csv:2026-09-08:sha256=f72687ee8bc6522054fe69dbfda6b91902c16af1ec2e043cde27bc6c29ad8176,,,
668de6af-7ff8-4d3a-989b-9650a95a26cc,7707799414713,ean13,Yogurt Griego Descremado Natural Sin Dulce,Sketos,,Alimentos,,,,unidad,,open_dataset,unverified,0.70,open-food-facts-csv:2026-09-08:sha256=f72687ee8bc6522054fe69dbfda6b91902c16af1ec2e043cde27bc6c29ad8176,,,
36d951a4-f949-4582-867f-74c7cab6860f,7707799416168,ean13,Cottage Cheese,Sketos,,Alimentos,,,,unidad,,open_dataset,unverified,0.70,open-food-facts-csv:2026-09-08:sha256=f72687ee8bc6522054fe69dbfda6b91902c16af1ec2e043cde27bc6c29ad8176,,,
a986247f-cd0d-4df5-b3ad-bb9a420afe31,7707799419831,ean13,Yogurt Griego Descremado Deslactosado Natural Sin Dulce,Sketos,,Alimentos,,,,unidad,,open_dataset,unverified,0.70,open-food-facts-csv:2026-09-08:sha256=f72687ee8bc6522054fe69dbfda6b91902c16af1ec2e043cde27bc6c29ad8176,,,
71db4d16-1beb-469e-9e1f-7af5603bdcec,7707823644154,ean13,Galletas De Avena Sin Culpa,Vitad,,Snacks y confitería,,,,unidad,,open_dataset,unverified,0.70,open-food-facts-csv:2026-09-08:sha256=f72687ee8bc6522054fe69dbfda6b91902c16af1ec2e043cde27bc6c29ad8176,,,
596796ae-f5b0-4da9-a8be-e467697b1ab5,7707921597994,ean13,yogurt griego,la vaca sagrada,,Alimentos,,,,unidad,,open_dataset,unverified,0.70,open-food-facts-csv:2026-09-08:sha256=f72687ee8bc6522054fe69dbfda6b91902c16af1ec2e043cde27bc6c29ad8176,,,
8e35b85d-ae1d-4e68-88ab-fc3e8b873d02,7708049961421,ean13,"Evok Chocolate Frambuesa, Manzanilla, Manzana y Nibs de Cacao",Evok,,Snacks y confitería,,,,unidad,,open_dataset,unverified,0.70,open-food-facts-csv:2026-09-08:sha256=f72687ee8bc6522054fe69dbfda6b91902c16af1ec2e043cde27bc6c29ad8176,,,
31cc22f5-1323-487a-88dd-33bab985c3cc,7708059518042,ean13,Café Instantáneo Granulado,Justo & Bueno,,Bebidas,,,,unidad,,open_dataset,unverified,0.70,open-food-facts-csv:2026-09-08:sha256=f72687ee8bc6522054fe69dbfda6b91902c16af1ec2e043cde27bc6c29ad8176,,,
2a70a03b-34f0-47a1-a83a-562b30fa111f,7708059518356,ean13,Mermelada Mora,Justo & Bueno,,Alimentos,,,,unidad,,open_dataset,unverified,0.70,open-food-facts-csv:2026-09-08:sha256=f72687ee8bc6522054fe69dbfda6b91902c16af1ec2e043cde27bc6c29ad8176,,,
4702eb4b-539a-4a1d-9b18-15339f9c1b64,7708059518424,ean13,Té Líquido Sabor a Limón,,,Bebidas,,,,unidad,,open_dataset,unverified,0.70,open-food-facts-csv:2026-09-08:sha256=f72687ee8bc6522054fe69dbfda6b91902c16af1ec2e043cde27bc6c29ad8176,,,
fbd89a25-83f1-4011-8b2f-9ca15089b6d1,7708059518653,ean13,galletas saladas crujientes,mercadería S.A.S,,Snacks y confitería,,,,unidad,,open_dataset,unverified,0.70,open-food-facts-csv:2026-09-08:sha256=f72687ee8bc6522054fe69dbfda6b91902c16af1ec2e043cde27bc6c29ad8176,,,
211eae74-08ed-4d64-a79a-348cb55a9e07,7708059518950,ean13,Café Instantáneo Polvo,HARD DISCOUNT PANAMA S.A,,Bebidas,,,,unidad,,open_dataset,unverified,0.70,open-food-facts-csv:2026-09-08:sha256=f72687ee8bc6522054fe69dbfda6b91902c16af1ec2e043cde27bc6c29ad8176,,,
ae15aad6-49f9-4302-aca3-9d4c7de21829,7708118955061,ean13,Sancao 75% Cacao Chocolate Colombiano,Sancao,,Snacks y confitería,,,,unidad,,open_dataset,unverified,0.70,open-food-facts-csv:2026-09-08:sha256=f72687ee8bc6522054fe69dbfda6b91902c16af1ec2e043cde27bc6c29ad8176,,,
ec9bb66b-2023-4474-868e-1ad807e6aa0e,7708118955757,ean13,Sancao 80%,Sancao,,Snacks y confitería,,,,unidad,,open_dataset,unverified,0.70,open-food-facts-csv:2026-09-08:sha256=f72687ee8bc6522054fe69dbfda6b91902c16af1ec2e043cde27bc6c29ad8176,,,
d4a151e0-69bc-4410-a0a0-467c472a6610,7708226039837,ean13,Papas Sabor Oregano,Mechips,,Snacks y confitería,,,,unidad,,open_dataset,unverified,0.70,open-food-facts-csv:2026-09-08:sha256=f72687ee8bc6522054fe69dbfda6b91902c16af1ec2e043cde27bc6c29ad8176,,,
234c5eed-6f9b-45bf-a465-0ffa0922ebb2,7708227055072,ean13,Atún Rallado en Aceite al Natural,Atún Rallado,,Alimentos,,,,unidad,,open_dataset,unverified,0.70,open-food-facts-csv:2026-09-08:sha256=f72687ee8bc6522054fe69dbfda6b91902c16af1ec2e043cde27bc6c29ad8176,,,
7517fc42-a7bc-48ef-9476-1742c726b719,7708227055102,ean13,Lomitos de Atún en Aceite al Natural,,,Alimentos,,,,unidad,,open_dataset,unverified,0.70,open-food-facts-csv:2026-09-08:sha256=f72687ee8bc6522054fe69dbfda6b91902c16af1ec2e043cde27bc6c29ad8176,,,
5416e2ec-c556-4fbe-8bab-d42a9e683835,7708227055379,ean13,Lomitos de Atún en Agua,Isabel Ecuatoriana S.A.,,Alimentos,,,,unidad,,open_dataset,unverified,0.70,open-food-facts-csv:2026-09-08:sha256=f72687ee8bc6522054fe69dbfda6b91902c16af1ec2e043cde27bc6c29ad8176,,,
8a057f52-9e5d-4b89-96a3-f14a51bdff9a,77082381,ean8,Coca Cola Zero,Cocacola zero,,Bebidas,,,,unidad,,open_dataset,unverified,0.70,open-food-facts-csv:2026-09-08:sha256=f72687ee8bc6522054fe69dbfda6b91902c16af1ec2e043cde27bc6c29ad8176,,,
b6ffd1ff-25d7-4f75-b041-0e9585221e95,7708324408153,ean13,Leche Entera,Mercadería SAS,,Bebidas,,,,unidad,,open_dataset,unverified,0.70,open-food-facts-csv:2026-09-08:sha256=f72687ee8bc6522054fe69dbfda6b91902c16af1ec2e043cde27bc6c29ad8176,,,
88ed9d9c-ecaf-49b4-a1bd-2aabe4825a61,7708340461101,ean13,"Evok Chocolate Pomarrosa, Flor de Jamaica y Frambuesa",Evok,,Snacks y confitería,,,,unidad,,open_dataset,unverified,0.70,open-food-facts-csv:2026-09-08:sha256=f72687ee8bc6522054fe69dbfda6b91902c16af1ec2e043cde27bc6c29ad8176,,,
88e6577b-3a6e-4cf2-a2ce-6ce47376bb00,7708479655600,ean13,Helado De Frutos Rojos,Olú,,Snacks y confitería,,,,unidad,,open_dataset,unverified,0.70,open-food-facts-csv:2026-09-08:sha256=f72687ee8bc6522054fe69dbfda6b91902c16af1ec2e043cde27bc6c29ad8176,,,
9021f517-66ae-4485-9e72-ceff0f409fc1,7708507552123,ean13,Agua sin gas,Cielo,,Bebidas,,,,unidad,,open_dataset,unverified,0.70,open-food-facts-csv:2026-09-08:sha256=f72687ee8bc6522054fe69dbfda6b91902c16af1ec2e043cde27bc6c29ad8176,,,
f3b6e4b2-bf91-49ac-908a-4adfbe5e5e3d,7708508067091,ean13,Galletas Sandwich Limón,,,Snacks y confitería,,,,unidad,,open_dataset,unverified,0.70,open-food-facts-csv:2026-09-08:sha256=f72687ee8bc6522054fe69dbfda6b91902c16af1ec2e043cde27bc6c29ad8176,,,
d54b731b-f354-476b-9584-0f7cd07a432c,7708508067824,ean13,Helado Gourmet,,,Snacks y confitería,,,,unidad,,open_dataset,unverified,0.70,open-food-facts-csv:2026-09-08:sha256=f72687ee8bc6522054fe69dbfda6b91902c16af1ec2e043cde27bc6c29ad8176,,,
8000c453-1001-4a98-a03a-3863239ceb2c,7708544295083,ean13,Infusion Herbal Frutos Rojos,,,Bebidas,,,,unidad,,open_dataset,unverified,0.70,open-food-facts-csv:2026-09-08:sha256=f72687ee8bc6522054fe69dbfda6b91902c16af1ec2e043cde27bc6c29ad8176,,,
a7d74c26-774b-49b6-8e0b-f0581e2fa880,7708544295175,ean13,Leche en Polvo Entera Cosmolac,Cosmolac,,Bebidas,,,,unidad,,open_dataset,unverified,0.70,open-food-facts-csv:2026-09-08:sha256=f72687ee8bc6522054fe69dbfda6b91902c16af1ec2e043cde27bc6c29ad8176,,,
5f2fe886-1a10-473a-a019-5af78b656499,7708544295533,ean13,Bebida Energizante sin Azúcar,,,Bebidas,,,,unidad,,open_dataset,unverified,0.70,open-food-facts-csv:2026-09-08:sha256=f72687ee8bc6522054fe69dbfda6b91902c16af1ec2e043cde27bc6c29ad8176,,,
c4126694-46e1-434e-a066-fb1ccce6c606,7708556112170,ean13,Premezcla Waffle de Choclo,Alcagüete,,Alimentos,,,,unidad,,open_dataset,unverified,0.70,open-food-facts-csv:2026-09-08:sha256=f72687ee8bc6522054fe69dbfda6b91902c16af1ec2e043cde27bc6c29ad8176,,,
de2b8735-cbf3-4e6a-b974-ccbb66859f83,7708556112347,ean13,Hojuela en Avena Grano Entero,Alcagüete,,Alimentos,,,,unidad,,open_dataset,unverified,0.70,open-food-facts-csv:2026-09-08:sha256=f72687ee8bc6522054fe69dbfda6b91902c16af1ec2e043cde27bc6c29ad8176,,,
997c0171-bea5-4039-b465-93063e2e1c1a,7708556112408,ean13,Alcagüete Barras Golden Milk,Alcagüete,,Snacks y confitería,,,,unidad,,open_dataset,unverified,0.70,open-food-facts-csv:2026-09-08:sha256=f72687ee8bc6522054fe69dbfda6b91902c16af1ec2e043cde27bc6c29ad8176,,,
7f4ceb85-8c8f-45e2-afee-eed2d74b4113,7708556112835,ean13,Barra de Cereal Alcagüete Golden Milk,Alcagüete,,Snacks y confitería,,,,unidad,,open_dataset,unverified,0.70,open-food-facts-csv:2026-09-08:sha256=f72687ee8bc6522054fe69dbfda6b91902c16af1ec2e043cde27bc6c29ad8176,,,
e587f40d-0e4a-40df-8368-d603b0c9b177,7708556112965,ean13,Alcagüete Barras de Cereal Moccachino,Alcagüete,,Snacks y confitería,,,,unidad,,open_dataset,unverified,0.70,open-food-facts-csv:2026-09-08:sha256=f72687ee8bc6522054fe69dbfda6b91902c16af1ec2e043cde27bc6c29ad8176,,,
9abb582f-3864-4409-b5e4-1e4288fad51f,7708562628450,ean13,Vitao Avena en Hojuelas,VitaO,,Alimentos,,,,unidad,,open_dataset,unverified,0.70,open-food-facts-csv:2026-09-08:sha256=f72687ee8bc6522054fe69dbfda6b91902c16af1ec2e043cde27bc6c29ad8176,,,
a153c1c5-8348-427e-9804-b53698b68d98,7708801735635,ean13,Yogurt Griego,Justo & Bueno,,Alimentos,,,,unidad,,open_dataset,unverified,0.70,open-food-facts-csv:2026-09-08:sha256=f72687ee8bc6522054fe69dbfda6b91902c16af1ec2e043cde27bc6c29ad8176,,,
92420541-dfda-4b5c-b316-12ea200eb79d,7708801735857,ean13,Leche Deslactosada,,,Bebidas,,,,unidad,,open_dataset,unverified,0.70,open-food-facts-csv:2026-09-08:sha256=f72687ee8bc6522054fe69dbfda6b91902c16af1ec2e043cde27bc6c29ad8176,,,
39b919ba-a058-49f3-ad52-7a39c0207188,7708801735949,ean13,Chocolate Sin Azúcar Light en Calorías,,,Snacks y confitería,,,,unidad,,open_dataset,unverified,0.70,open-food-facts-csv:2026-09-08:sha256=f72687ee8bc6522054fe69dbfda6b91902c16af1ec2e043cde27bc6c29ad8176,,,
f9f7dd5e-505d-4c9f-92fb-e6e5fd916784,7708854058194,ean13,Leche deslactosada,LÄKTOLAND S.A.S,,Bebidas,,,,unidad,,open_dataset,unverified,0.70,open-food-facts-csv:2026-09-08:sha256=f72687ee8bc6522054fe69dbfda6b91902c16af1ec2e043cde27bc6c29ad8176,,,
5a737049-61ac-4f7e-add3-8d88aadcf716,7708854058347,ean13,Ginger Ale con Extracto Natural de Jengibre,RTD,,Bebidas,,,,unidad,,open_dataset,unverified,0.70,open-food-facts-csv:2026-09-08:sha256=f72687ee8bc6522054fe69dbfda6b91902c16af1ec2e043cde27bc6c29ad8176,,,
bdc8f305-1994-4a4b-9be3-831a5992b804,7708854058361,ean13,Leche Semidescremada LÄKTOLAND,LÄKTOLAND,,Bebidas,,,,unidad,,open_dataset,unverified,0.70,open-food-facts-csv:2026-09-08:sha256=f72687ee8bc6522054fe69dbfda6b91902c16af1ec2e043cde27bc6c29ad8176,,,
c33b9c37-2416-45f0-bbe1-1ac82666a4e3,7708854058828,ean13,Bebida con Té Blanco Kiwi & Fresa,RTD,,Bebidas,,,,unidad,,open_dataset,unverified,0.70,open-food-facts-csv:2026-09-08:sha256=f72687ee8bc6522054fe69dbfda6b91902c16af1ec2e043cde27bc6c29ad8176,,,
d1ab4294-8172-4da6-b336-8e81c00f16a4,7708854058835,ean13,"Bebida con Té Helado Mangostino, Piña & Menta Verde",Justo y Bueno,,Bebidas,,,,unidad,,open_dataset,unverified,0.70,open-food-facts-csv:2026-09-08:sha256=f72687ee8bc6522054fe69dbfda6b91902c16af1ec2e043cde27bc6c29ad8176,,,
b8ad9073-b7f2-4646-8c42-fdcd299b3e8a,7708879212144,ean13,Mahati Blue Blast,Mahati drinks,,Bebidas,,,,unidad,,open_dataset,unverified,0.70,open-food-facts-csv:2026-09-08:sha256=f72687ee8bc6522054fe69dbfda6b91902c16af1ec2e043cde27bc6c29ad8176,,,
3fabb090-3cc1-4004-958d-560530ea9307,7708879212373,ean13,Mahati Pink Power,Mahati drinks,,Bebidas,,,,unidad,,open_dataset,unverified,0.70,open-food-facts-csv:2026-09-08:sha256=f72687ee8bc6522054fe69dbfda6b91902c16af1ec2e043cde27bc6c29ad8176,,,
81464ad8-87c6-47fe-a40e-108c5e4f3119,7708879212489,ean13,Mahati Magic Mandarin,Mahati,,Bebidas,,,,unidad,,open_dataset,unverified,0.70,open-food-facts-csv:2026-09-08:sha256=f72687ee8bc6522054fe69dbfda6b91902c16af1ec2e043cde27bc6c29ad8176,,,
a79fb7ab-5def-4836-ac24-e2a2eea74983,7708879212526,ean13,Mahati Green Passion,Mahati,,Bebidas,,,,unidad,,open_dataset,unverified,0.70,open-food-facts-csv:2026-09-08:sha256=f72687ee8bc6522054fe69dbfda6b91902c16af1ec2e043cde27bc6c29ad8176,,,
a4297263-ac03-4193-ac13-667f45ea6124,7708945410368,ean13,Piccolini Pio Pio Pollo Campesino y Batata,Piccolini,,Alimentos,,,,unidad,,open_dataset,unverified,0.70,open-food-facts-csv:2026-09-08:sha256=f72687ee8bc6522054fe69dbfda6b91902c16af1ec2e043cde27bc6c29ad8176,,,
c085e4e3-2abd-43f1-98c3-3b7c31e3f1c3,7708957687062,ean13,Queso Feta,Centurion,,Alimentos,,,,unidad,,open_dataset,unverified,0.70,open-food-facts-csv:2026-09-08:sha256=f72687ee8bc6522054fe69dbfda6b91902c16af1ec2e043cde27bc6c29ad8176,,,
b8cd1a53-0816-419b-8f9d-fed0951355e9,7708958602507,ean13,Cacao Mix,Nature's Heart,,Snacks y confitería,,,,unidad,,open_dataset,unverified,0.70,open-food-facts-csv:2026-09-08:sha256=f72687ee8bc6522054fe69dbfda6b91902c16af1ec2e043cde27bc6c29ad8176,,,
d5417c5b-5144-4547-ab69-d5822ac16f88,7708979178258,ean13,Mozzarella dé Bufala,PlanetaRica,,Alimentos,,,,unidad,,open_dataset,unverified,0.70,open-food-facts-csv:2026-09-08:sha256=f72687ee8bc6522054fe69dbfda6b91902c16af1ec2e043cde27bc6c29ad8176,,,
91eb4c06-5591-4b66-b32c-c9b60c946671,7708991147003,ean13,Salsa BBQ,Reyes,,Alimentos,,,,unidad,,open_dataset,unverified,0.70,open-food-facts-csv:2026-09-08:sha256=f72687ee8bc6522054fe69dbfda6b91902c16af1ec2e043cde27bc6c29ad8176,,,
67a82126-7fd2-4a99-814e-eb0742c91908,7709004927773,ean13,Soda,Pool,,Bebidas,,,,unidad,,open_dataset,unverified,0.70,open-food-facts-csv:2026-09-08:sha256=f72687ee8bc6522054fe69dbfda6b91902c16af1ec2e043cde27bc6c29ad8176,,,
1b262e43-e57f-48d0-8a3d-71ce282bc00f,7709005317672,ean13,Salsa de tapenade con aceitunas negras y tomates secos,Premacultura,,Alimentos,,,,unidad,,open_dataset,unverified,0.70,open-food-facts-csv:2026-09-08:sha256=f72687ee8bc6522054fe69dbfda6b91902c16af1ec2e043cde27bc6c29ad8176,,,
8b6c1ab7-851e-49fe-9af4-dfd100afd744,7709019398131,ean13,Avena En Hojuelas,Why Not,,Alimentos,,,,unidad,,open_dataset,unverified,0.70,open-food-facts-csv:2026-09-08:sha256=f72687ee8bc6522054fe69dbfda6b91902c16af1ec2e043cde27bc6c29ad8176,,,
5dc63343-1284-4c9a-af90-3a1365d28a59,7709020159936,ean13,Panela,,,Alimentos,,,,unidad,,open_dataset,unverified,0.70,open-food-facts-csv:2026-09-08:sha256=f72687ee8bc6522054fe69dbfda6b91902c16af1ec2e043cde27bc6c29ad8176,,,
b804d575-17c3-4d44-bfd1-806c906e832f,7709023151906,ean13,Platanitos Fritos Don Jose,Don Jose,,Snacks y confitería,,,,unidad,,open_dataset,unverified,0.70,open-food-facts-csv:2026-09-08:sha256=f72687ee8bc6522054fe69dbfda6b91902c16af1ec2e043cde27bc6c29ad8176,,,
2586742e-3339-4eab-8470-33674e2f270b,7709027205407,ean13,Panela Orgánica,Waiva,,Alimentos,,,,unidad,,open_dataset,unverified,0.70,open-food-facts-csv:2026-09-08:sha256=f72687ee8bc6522054fe69dbfda6b91902c16af1ec2e043cde27bc6c29ad8176,,,
0841d80f-eb81-4441-84b6-50c59687b8ff,7709049881399,ean13,Arepas De Arroz Integral Con Chía,Mariapilera,,Alimentos,,,,unidad,,open_dataset,unverified,0.70,open-food-facts-csv:2026-09-08:sha256=f72687ee8bc6522054fe69dbfda6b91902c16af1ec2e043cde27bc6c29ad8176,,,
7aee59fb-5f1e-466b-bda7-5010df6e2afc,7709066802179,ean13,Miel de Caña Orgánica,Delight Cane,,Alimentos,,,,unidad,,open_dataset,unverified,0.70,open-food-facts-csv:2026-09-08:sha256=f72687ee8bc6522054fe69dbfda6b91902c16af1ec2e043cde27bc6c29ad8176,,,
b52faa0b-5f19-465f-a315-714e1bb14f94,7709089888907,ean13,Miel de abejas,,,Alimentos,,,,unidad,,open_dataset,unverified,0.70,open-food-facts-csv:2026-09-08:sha256=f72687ee8bc6522054fe69dbfda6b91902c16af1ec2e043cde27bc6c29ad8176,,,
57834a18-f397-4f81-89aa-e7a296d7a9cf,7709105702996,ean13,Avena en Harina con Sabor a Vainilla,Allgrain,,Alimentos,,,,unidad,,open_dataset,unverified,0.70,open-food-facts-csv:2026-09-08:sha256=f72687ee8bc6522054fe69dbfda6b91902c16af1ec2e043cde27bc6c29ad8176,,,
42920b66-4cb1-4060-a26a-ead2cef0fa07,7709106774756,ean13,Dark unroasted chocolate 85% cacao,Juan Choconat,,Snacks y confitería,,,,unidad,,open_dataset,unverified,0.70,open-food-facts-csv:2026-09-08:sha256=f72687ee8bc6522054fe69dbfda6b91902c16af1ec2e043cde27bc6c29ad8176,,,
2584d017-5249-4a8f-b4fd-aaee2f10b9b7,7709114152201,ean13,Smart Bites,Baby Evolution,,Snacks y confitería,,,,unidad,,open_dataset,unverified,0.70,open-food-facts-csv:2026-09-08:sha256=f72687ee8bc6522054fe69dbfda6b91902c16af1ec2e043cde27bc6c29ad8176,,,
e28430b2-1793-4b28-b785-ca5669fb50c2,7709153094838,ean13,Multigranos Integral Pan Tajado Integral Sabor a Mantequilla,Mary Méndez,,Alimentos,,,,unidad,,open_dataset,unverified,0.70,open-food-facts-csv:2026-09-08:sha256=f72687ee8bc6522054fe69dbfda6b91902c16af1ec2e043cde27bc6c29ad8176,,,
4a702a94-5aa0-4053-a538-4627ad1fe100,7709154357741,ean13,Yogurt Fresa,Prílac,,Alimentos,,,,unidad,,open_dataset,unverified,0.70,open-food-facts-csv:2026-09-08:sha256=f72687ee8bc6522054fe69dbfda6b91902c16af1ec2e043cde27bc6c29ad8176,,,
2c00c129-798c-4437-9727-5b316b3b0837,7709154357758,ean13,Kumis,Lácteos Prílac,,Bebidas,,,,unidad,,open_dataset,unverified,0.70,open-food-facts-csv:2026-09-08:sha256=f72687ee8bc6522054fe69dbfda6b91902c16af1ec2e043cde27bc6c29ad8176,,,
e0884324-fcc1-4833-9016-ab866e529478,7709154357765,ean13,Yogurt Melocotón,Prílac,,Alimentos,,,,unidad,,open_dataset,unverified,0.70,open-food-facts-csv:2026-09-08:sha256=f72687ee8bc6522054fe69dbfda6b91902c16af1ec2e043cde27bc6c29ad8176,,,
9ab509e2-5936-458c-acdb-2db4dd5f57a9,7709162114039,ean13,Granola de semillas,,,Alimentos,,,,unidad,,open_dataset,unverified,0.70,open-food-facts-csv:2026-09-08:sha256=f72687ee8bc6522054fe69dbfda6b91902c16af1ec2e043cde27bc6c29ad8176,,,
46c01094-a9ce-4372-9cd9-d60958d32783,7709175354309,ean13,Hojuelas De Maíz,Sunshine,,Alimentos,,,,unidad,,open_dataset,unverified,0.70,open-food-facts-csv:2026-09-08:sha256=f72687ee8bc6522054fe69dbfda6b91902c16af1ec2e043cde27bc6c29ad8176,,,
1796eabd-bd40-4ffb-825b-2322fde1b8c9,7709183593905,ean13,Yogurt Griego Fresa,Zörba,,Alimentos,,,,unidad,,open_dataset,unverified,0.70,open-food-facts-csv:2026-09-08:sha256=f72687ee8bc6522054fe69dbfda6b91902c16af1ec2e043cde27bc6c29ad8176,,,
31d64f74-f83b-47f8-82c4-40bccde98911,7709183593998,ean13,Yogour. Griego,Zorba,,Alimentos,,,,unidad,,open_dataset,unverified,0.70,open-food-facts-csv:2026-09-08:sha256=f72687ee8bc6522054fe69dbfda6b91902c16af1ec2e043cde27bc6c29ad8176,,,
dbee7a68-e356-4272-83b4-ca0572491fea,7709185891900,ean13,Premezcla Waffle De Pan De Yuca,Alcagüete,,Alimentos,,,,unidad,,open_dataset,unverified,0.70,open-food-facts-csv:2026-09-08:sha256=f72687ee8bc6522054fe69dbfda6b91902c16af1ec2e043cde27bc6c29ad8176,,,
8b563fa7-10f4-4482-bc49-4b6183431461,7709195759962,ean13,Pancake & Waffle Avena Mix,Viva Natur,,Alimentos,,,,unidad,,open_dataset,unverified,0.70,open-food-facts-csv:2026-09-08:sha256=f72687ee8bc6522054fe69dbfda6b91902c16af1ec2e043cde27bc6c29ad8176,,,
547f22ec-b149-4ab4-89df-d40c6b1dbeba,7709219498662,ean13,Mezcla Salada,Nature's Heart,,Snacks y confitería,,,,unidad,,open_dataset,unverified,0.70,open-food-facts-csv:2026-09-08:sha256=f72687ee8bc6522054fe69dbfda6b91902c16af1ec2e043cde27bc6c29ad8176,,,
b96188c7-93e1-43fd-a3c5-430e4fa4e196,7709220014899,ean13,Cacao Hunters,Cacao De Colombia,,Snacks y confitería,,,,unidad,,open_dataset,unverified,0.70,open-food-facts-csv:2026-09-08:sha256=f72687ee8bc6522054fe69dbfda6b91902c16af1ec2e043cde27bc6c29ad8176,,,
2bfbae88-f1e5-4586-9c51-67d02951020c,7709223534684,ean13,Avena Precocida en Hojuela,Allgrain,,Alimentos,,,,unidad,,open_dataset,unverified,0.70,open-food-facts-csv:2026-09-08:sha256=f72687ee8bc6522054fe69dbfda6b91902c16af1ec2e043cde27bc6c29ad8176,,,
e8117eb6-1bc2-44dd-b2d6-f0883893f3a3,7709248488030,ean13,mini molde de arroz,spiga,,Alimentos,,,,unidad,,open_dataset,unverified,0.70,open-food-facts-csv:2026-09-08:sha256=f72687ee8bc6522054fe69dbfda6b91902c16af1ec2e043cde27bc6c29ad8176,,,
3bd4506d-affe-4f34-8c97-25bd67f13537,7709253930975,ean13,Bio Seven Granola Frutos Rojos con Quinoa,Bio Seven,,Alimentos,,,,unidad,,open_dataset,unverified,0.70,open-food-facts-csv:2026-09-08:sha256=f72687ee8bc6522054fe69dbfda6b91902c16af1ec2e043cde27bc6c29ad8176,,,
cbea1ace-c387-4c8c-a8b5-3d190abb0c77,7709255704017,ean13,Gluten Free Granola Classic Vanilla,Why Not,,Alimentos,,,,unidad,,open_dataset,unverified,0.70,open-food-facts-csv:2026-09-08:sha256=f72687ee8bc6522054fe69dbfda6b91902c16af1ec2e043cde27bc6c29ad8176,,,
43d898f7-bbab-4887-a9de-b90e94637cf7,7709328615806,ean13,BUDDHI BLUE,PADAM,,Bebidas,,,,unidad,,open_dataset,unverified,0.70,open-food-facts-csv:2026-09-08:sha256=f72687ee8bc6522054fe69dbfda6b91902c16af1ec2e043cde27bc6c29ad8176,,,
6dd7905a-b653-49c3-b153-ad1ff76373ae,7709330821004,ean13,Bitty Fit Snacks Cookieland,Level 5,,Snacks y confitería,,,,unidad,,open_dataset,unverified,0.70,open-food-facts-csv:2026-09-08:sha256=f72687ee8bc6522054fe69dbfda6b91902c16af1ec2e043cde27bc6c29ad8176,,,
f4a94a73-0749-4a93-8c74-56d374f238cc,7709335802626,ean13,Mezcla XXL con Limón y Romero,Alcagüete,,Snacks y confitería,,,,unidad,,open_dataset,unverified,0.70,open-food-facts-csv:2026-09-08:sha256=f72687ee8bc6522054fe69dbfda6b91902c16af1ec2e043cde27bc6c29ad8176,,,
8af41521-7cad-4434-9204-b4f1c7e824fd,7709342033778,ean13,Pool,,,Bebidas,,,,unidad,,open_dataset,unverified,0.70,open-food-facts-csv:2026-09-08:sha256=f72687ee8bc6522054fe69dbfda6b91902c16af1ec2e043cde27bc6c29ad8176,,,
f916dfad-e0a6-46bc-a732-a62175185e41,7709353683580,ean13,Barks Fresa,Lök,,Snacks y confitería,,,,unidad,,open_dataset,unverified,0.70,open-food-facts-csv:2026-09-08:sha256=f72687ee8bc6522054fe69dbfda6b91902c16af1ec2e043cde27bc6c29ad8176,,,
00082913-03fd-4166-ab66-790de901c157,7709367544709,ean13,Dark Chocolate Bar 85%,Lök,,Snacks y confitería,,,,unidad,,open_dataset,unverified,0.70,open-food-facts-csv:2026-09-08:sha256=f72687ee8bc6522054fe69dbfda6b91902c16af1ec2e043cde27bc6c29ad8176,,,
a1a0b9f7-52a3-448d-8160-8e4ad4e72974,7709380853826,ean13,Pure Recovery,Pure drinks,,Bebidas,,,,unidad,,open_dataset,unverified,0.70,open-food-facts-csv:2026-09-08:sha256=f72687ee8bc6522054fe69dbfda6b91902c16af1ec2e043cde27bc6c29ad8176,,,
be1aef18-54d0-4da2-9f46-e3c0f0535f2a,7709380853871,ean13,Pure Focus,Pure drinks,,Bebidas,,,,unidad,,open_dataset,unverified,0.70,open-food-facts-csv:2026-09-08:sha256=f72687ee8bc6522054fe69dbfda6b91902c16af1ec2e043cde27bc6c29ad8176,,,
43a7427f-01a6-4b06-8a53-0dca14a20f1e,7709380853895,ean13,Pure Energy,Pure drinks,,Bebidas,,,,unidad,,open_dataset,unverified,0.70,open-food-facts-csv:2026-09-08:sha256=f72687ee8bc6522054fe69dbfda6b91902c16af1ec2e043cde27bc6c29ad8176,,,
442d6fdd-f4a5-47f4-9656-93536c384898,7709438617882,ean13,Vitad Galletas de Chocolate,Vitad,,Snacks y confitería,,,,unidad,,open_dataset,unverified,0.70,open-food-facts-csv:2026-09-08:sha256=f72687ee8bc6522054fe69dbfda6b91902c16af1ec2e043cde27bc6c29ad8176,,,
994c7948-dcb9-4d5e-9457-efaeeb7ee6d0,7709455050235,ean13,Susanita Tostadas Multicereal,Susanita,,Alimentos,,,,unidad,,open_dataset,unverified,0.70,open-food-facts-csv:2026-09-08:sha256=f72687ee8bc6522054fe69dbfda6b91902c16af1ec2e043cde27bc6c29ad8176,,,
12af3012-5413-471b-b7b8-8579617c3f3c,7709468612017,ean13,Yogurt Griego Natural,Colour Greek,,Alimentos,,,,unidad,,open_dataset,unverified,0.70,open-food-facts-csv:2026-09-08:sha256=f72687ee8bc6522054fe69dbfda6b91902c16af1ec2e043cde27bc6c29ad8176,,,
0acd10ba-f4e4-43ec-9e64-42947ba21564,7709478008992,ean13,Hummus Original con Garbanzos y Limón,La Bonne Cuisine,,Alimentos,,,,unidad,,open_dataset,unverified,0.70,open-food-facts-csv:2026-09-08:sha256=f72687ee8bc6522054fe69dbfda6b91902c16af1ec2e043cde27bc6c29ad8176,,,
8d0c3ec8-bdd0-4f55-9365-2a830f68260d,7709510583265,ean13,Queso pera,Prime cheese,,Alimentos,,,,unidad,,open_dataset,unverified,0.70,open-food-facts-csv:2026-09-08:sha256=f72687ee8bc6522054fe69dbfda6b91902c16af1ec2e043cde27bc6c29ad8176,,,
711fc280-b781-4cfc-a9aa-1e398cccba0b,7709522983114,ean13,Los Campanos Coastal Buttermilk,Los Campanos,,Alimentos,,,,unidad,,open_dataset,unverified,0.70,open-food-facts-csv:2026-09-08:sha256=f72687ee8bc6522054fe69dbfda6b91902c16af1ec2e043cde27bc6c29ad8176,,,
7b3c2798-2585-41d3-b9da-aa69feb5b3f6,7709534981122,ean13,Vibro Coffee,Hello Fresh,,Bebidas,,,,unidad,,open_dataset,unverified,0.70,open-food-facts-csv:2026-09-08:sha256=f72687ee8bc6522054fe69dbfda6b91902c16af1ec2e043cde27bc6c29ad8176,,,
ead410f3-17cd-41da-9f19-94dc3a0a24ad,7709572245293,ean13,Yogurt sin dulce,Zörba,,Alimentos,,,,unidad,,open_dataset,unverified,0.70,open-food-facts-csv:2026-09-08:sha256=f72687ee8bc6522054fe69dbfda6b91902c16af1ec2e043cde27bc6c29ad8176,,,
6b6380ae-4fbb-4efa-9573-23d3e1e6fb69,7709586917391,ean13,Pan Casero Integral con Avena,Tostao,,Alimentos,,,,unidad,,open_dataset,unverified,0.70,open-food-facts-csv:2026-09-08:sha256=f72687ee8bc6522054fe69dbfda6b91902c16af1ec2e043cde27bc6c29ad8176,,,
f22e7255-df06-4555-87ed-3689c460eab2,7709628648924,ean13,Pan Integral Relleno De Queso De Búfala,Moltovida,,Alimentos,,,,unidad,,open_dataset,unverified,0.70,open-food-facts-csv:2026-09-08:sha256=f72687ee8bc6522054fe69dbfda6b91902c16af1ec2e043cde27bc6c29ad8176,,,
f6bc7693-2282-4603-8ac7-9023a8a21073,7709636632250,ean13,kefir,San Martín,,Bebidas,,,,unidad,,open_dataset,unverified,0.70,open-food-facts-csv:2026-09-08:sha256=f72687ee8bc6522054fe69dbfda6b91902c16af1ec2e043cde27bc6c29ad8176,,,
c17b48e5-3a31-4123-a2f5-2645b50f10d2,7709684044562,ean13,Casai Cashi Cereal Nutritivo,Casai,,Alimentos,,,,unidad,,open_dataset,unverified,0.70,open-food-facts-csv:2026-09-08:sha256=f72687ee8bc6522054fe69dbfda6b91902c16af1ec2e043cde27bc6c29ad8176,,,
bfd046cc-8161-45cf-80bb-826e5521ab6f,7709697832583,ean13,Nachos Sal Marina Tortilla Chips & Sea Salt,MonteRojo,,Snacks y confitería,,,,unidad,,open_dataset,unverified,0.70,open-food-facts-csv:2026-09-08:sha256=f72687ee8bc6522054fe69dbfda6b91902c16af1ec2e043cde27bc6c29ad8176,,,
ce009eb2-3b6a-411a-8b2d-cc1edef89f2b,7709698320164,ean13,Zörba Yogurt Griego con Stevia,Zörba,,Alimentos,,,,unidad,,open_dataset,unverified,0.70,open-food-facts-csv:2026-09-08:sha256=f72687ee8bc6522054fe69dbfda6b91902c16af1ec2e043cde27bc6c29ad8176,,,
e08be029-0861-4308-bfbc-2568ff6fc4ac,7709716108804,ean13,Barrita de Cereal Semillas,Alcagüete,,Snacks y confitería,,,,unidad,,open_dataset,unverified,0.70,open-food-facts-csv:2026-09-08:sha256=f72687ee8bc6522054fe69dbfda6b91902c16af1ec2e043cde27bc6c29ad8176,,,
bd8a3a03-9ede-4461-83b6-0dc323312f5f,7709729637162,ean13,Mezcla Proteína,Nature's Heart,,Snacks y confitería,,,,unidad,,open_dataset,unverified,0.70,open-food-facts-csv:2026-09-08:sha256=f72687ee8bc6522054fe69dbfda6b91902c16af1ec2e043cde27bc6c29ad8176,,,
094f5412-f926-4d81-92e6-a1869ceab9ac,7709730504767,ean13,Achiras Amazonic Chili,Mauka,,Snacks y confitería,,,,unidad,,open_dataset,unverified,0.70,open-food-facts-csv:2026-09-08:sha256=f72687ee8bc6522054fe69dbfda6b91902c16af1ec2e043cde27bc6c29ad8176,,,
b1b3ed66-0e76-4ccf-bceb-a19a92ab0949,7709730504774,ean13,Pan de sagú,Mauka,,Alimentos,,,,unidad,,open_dataset,unverified,0.70,open-food-facts-csv:2026-09-08:sha256=f72687ee8bc6522054fe69dbfda6b91902c16af1ec2e043cde27bc6c29ad8176,,,
4b7bc09f-a0e5-414c-9faa-d10a34e1465b,7709756015230,ean13,Papas gourmet,,,Snacks y confitería,,,,unidad,,open_dataset,unverified,0.70,open-food-facts-csv:2026-09-08:sha256=f72687ee8bc6522054fe69dbfda6b91902c16af1ec2e043cde27bc6c29ad8176,,,
3e189c86-bad4-43e1-80f2-6f4c73bc89d0,7709756015292,ean13,Potato Chips & Sweet BBQ,MonteRojo,,Snacks y confitería,,,,unidad,,open_dataset,unverified,0.70,open-food-facts-csv:2026-09-08:sha256=f72687ee8bc6522054fe69dbfda6b91902c16af1ec2e043cde27bc6c29ad8176,,,
60ee52f2-77b8-4944-8860-ba0f42162d97,7709756160848,ean13,Mary Mendez Skinny Crackers Semillas,Fit Cook,,Snacks y confitería,,,,unidad,,open_dataset,unverified,0.70,open-food-facts-csv:2026-09-08:sha256=f72687ee8bc6522054fe69dbfda6b91902c16af1ec2e043cde27bc6c29ad8176,,,
96f5c8fd-7067-4b96-9efa-599edcd33685,7709784663106,ean13,AGUA MÁS,Agua más,,Bebidas,,,,unidad,,open_dataset,unverified,0.70,open-food-facts-csv:2026-09-08:sha256=f72687ee8bc6522054fe69dbfda6b91902c16af1ec2e043cde27bc6c29ad8176,,,
964d4cb1-1902-4a1e-b8d6-3f2b7e1c8e35,7709810519872,ean13,Pan de Arroz,,,Alimentos,,,,unidad,,open_dataset,unverified,0.70,open-food-facts-csv:2026-09-08:sha256=f72687ee8bc6522054fe69dbfda6b91902c16af1ec2e043cde27bc6c29ad8176,,,
ad7e9f02-fa6d-4c05-9d6f-09974262f951,7709819771417,ean13,Quinoa Recubierta De Chocolate,Kinops,,Snacks y confitería,,,,unidad,,open_dataset,unverified,0.70,open-food-facts-csv:2026-09-08:sha256=f72687ee8bc6522054fe69dbfda6b91902c16af1ec2e043cde27bc6c29ad8176,,,
a012dfae-542a-4432-abc1-a84f927fda19,7709829613653,ean13,Peanut Crunchy,Milk Cao,,Alimentos,,,,unidad,,open_dataset,unverified,0.70,open-food-facts-csv:2026-09-08:sha256=f72687ee8bc6522054fe69dbfda6b91902c16af1ec2e043cde27bc6c29ad8176,,,
a0de5c11-1eab-4a5b-b207-5ea995e8d3ed,7709835352225,ean13,Süper Harina de Avena,Süperfuds,,Alimentos,,,,unidad,,open_dataset,unverified,0.70,open-food-facts-csv:2026-09-08:sha256=f72687ee8bc6522054fe69dbfda6b91902c16af1ec2e043cde27bc6c29ad8176,,,
e658059e-543b-4362-8069-7ecce17bcb7e,7709837928077,ean13,Wakeup Crema de Maní,Wakeup,,Alimentos,,,,unidad,,open_dataset,unverified,0.70,open-food-facts-csv:2026-09-08:sha256=f72687ee8bc6522054fe69dbfda6b91902c16af1ec2e043cde27bc6c29ad8176,,,
0759c0e8-c349-4fc6-b6cf-c9d4534bcd31,7709849077053,ean13,Samsara café frío latte Caramelo,Samsara,,Bebidas,,,,unidad,,open_dataset,unverified,0.70,open-food-facts-csv:2026-09-08:sha256=f72687ee8bc6522054fe69dbfda6b91902c16af1ec2e043cde27bc6c29ad8176,,,
4b38bca3-7a9c-466d-82e0-909abe0d2a33,7709849077084,ean13,Samsara café frío latte Moka,Samsara,,Bebidas,,,,unidad,,open_dataset,unverified,0.70,open-food-facts-csv:2026-09-08:sha256=f72687ee8bc6522054fe69dbfda6b91902c16af1ec2e043cde27bc6c29ad8176,,,
0e276385-4efa-4fe7-ba4c-ec7b5b06ad92,7709855180815,ean13,Fit Cook Mogolla Integral Miel con Uvas Pasas,Mary Méndez,,Alimentos,,,,unidad,,open_dataset,unverified,0.70,open-food-facts-csv:2026-09-08:sha256=f72687ee8bc6522054fe69dbfda6b91902c16af1ec2e043cde27bc6c29ad8176,,,
5a858775-026b-4b68-baf9-68c43d03e720,7709883123662,ean13,Baby Evolution,Baby Evolution,,Alimentos,,,,unidad,,open_dataset,unverified,0.70,open-food-facts-csv:2026-09-08:sha256=f72687ee8bc6522054fe69dbfda6b91902c16af1ec2e043cde27bc6c29ad8176,,,
63c79839-7da6-44ff-8cf3-96ffa87a11c9,7709917759690,ean13,Blondie Macadamia Chocolate negro,Bites By Milah,,Snacks y confitería,,,,unidad,,open_dataset,unverified,0.70,open-food-facts-csv:2026-09-08:sha256=f72687ee8bc6522054fe69dbfda6b91902c16af1ec2e043cde27bc6c29ad8176,,,
12c695b7-9a7a-45e0-a630-7b5905639182,7709922219431,ean13,Yogurt,San Martín,,Alimentos,,,,unidad,,open_dataset,unverified,0.70,open-food-facts-csv:2026-09-08:sha256=f72687ee8bc6522054fe69dbfda6b91902c16af1ec2e043cde27bc6c29ad8176,,,
f13297b5-33d7-46a4-bece-954f19910c9e,7709939329338,ean13,Pan para Hamburguesa,Fit Garten,,Alimentos,,,,unidad,,open_dataset,unverified,0.70,open-food-facts-csv:2026-09-08:sha256=f72687ee8bc6522054fe69dbfda6b91902c16af1ec2e043cde27bc6c29ad8176,,,
271e6068-fca9-442d-a038-abff1d0aeb3e,7709946751436,ean13,Aceite de coco extravirgen,Monterra,,Alimentos,,,,unidad,,open_dataset,unverified,0.70,open-food-facts-csv:2026-09-08:sha256=f72687ee8bc6522054fe69dbfda6b91902c16af1ec2e043cde27bc6c29ad8176,,,
5320e4fb-a307-4c8d-b0e4-97aa024ae1c4,7709963791354,ean13,Snack Horneado de Mi Tierra,Alcaguete,,Snacks y confitería,,,,unidad,,open_dataset,unverified,0.70,open-food-facts-csv:2026-09-08:sha256=f72687ee8bc6522054fe69dbfda6b91902c16af1ec2e043cde27bc6c29ad8176,,,
3a4e1d2b-33af-4921-ba22-a95eff79e8a3,7709968715690,ean13,"Mix de batata, yuca mkrada y arracacha",,,Snacks y confitería,,,,unidad,,open_dataset,unverified,0.70,open-food-facts-csv:2026-09-08:sha256=f72687ee8bc6522054fe69dbfda6b91902c16af1ec2e043cde27bc6c29ad8176,,,
0ba2d1b9-0bc1-48de-bdd6-f6492082e373,7709971899516,ean13,Dify Green Apple,Dify,,Bebidas,,,,unidad,,open_dataset,unverified,0.70,open-food-facts-csv:2026-09-08:sha256=f72687ee8bc6522054fe69dbfda6b91902c16af1ec2e043cde27bc6c29ad8176,,,
953e18d0-203b-44a0-9ebe-e5672edd051e,7709971899547,ean13,DIFY blueberry,DIFY,,Bebidas,,,,unidad,,open_dataset,unverified,0.70,open-food-facts-csv:2026-09-08:sha256=f72687ee8bc6522054fe69dbfda6b91902c16af1ec2e043cde27bc6c29ad8176,,,
0ebebd4f-1c05-4fbe-bf7c-16d9ff24bb2e,7709986470557,ean13,Bizcocho de achira especial,Doña Achira,,Snacks y confitería,,,,unidad,,open_dataset,unverified,0.70,open-food-facts-csv:2026-09-08:sha256=f72687ee8bc6522054fe69dbfda6b91902c16af1ec2e043cde27bc6c29ad8176,,,
be25d99c-2aa7-4013-bd5e-d27ccedbb2e9,7709990006865,ean13,Salchichón de Cerdo,Don Vito,,Alimentos,,,,unidad,,open_dataset,unverified,0.70,open-food-facts-csv:2026-09-08:sha256=f72687ee8bc6522054fe69dbfda6b91902c16af1ec2e043cde27bc6c29ad8176,,,
32f180ed-0a31-4819-910a-0129e8d8556f,7709990085310,ean13,Organic Panela & Chocolate 55% Cacao,Color Cacao,,Snacks y confitería,,,,unidad,,open_dataset,unverified,0.70,open-food-facts-csv:2026-09-08:sha256=f72687ee8bc6522054fe69dbfda6b91902c16af1ec2e043cde27bc6c29ad8176,,,
0b4e35b9-e5b4-4ce0-a47f-d5d02063ae42,7709990236125,ean13,Tostada Centregranos,,,Alimentos,,,,unidad,,open_dataset,unverified,0.70,open-food-facts-csv:2026-09-08:sha256=f72687ee8bc6522054fe69dbfda6b91902c16af1ec2e043cde27bc6c29ad8176,,,
4ca781fb-7937-4e1e-a97e-546609e29aca,7709990261936,ean13,Yogur Griego Sin Dulce,Zörba,,Alimentos,,,,unidad,,open_dataset,unverified,0.70,open-food-facts-csv:2026-09-08:sha256=f72687ee8bc6522054fe69dbfda6b91902c16af1ec2e043cde27bc6c29ad8176,,,
1a56c627-03c8-4f90-84f4-c203b36fb7cc,7709990350432,ean13,Hatsu tea blanco,,,Bebidas,,,,unidad,,open_dataset,unverified,0.70,open-food-facts-csv:2026-09-08:sha256=f72687ee8bc6522054fe69dbfda6b91902c16af1ec2e043cde27bc6c29ad8176,,,
fadd18c7-1b12-4235-930d-5cd13a5ebc75,7709990350463,ean13,Té Azul Con Granada Y Mora Azul,"Hatsu,Postobón",,Bebidas,,,,unidad,,open_dataset,unverified,0.70,open-food-facts-csv:2026-09-08:sha256=f72687ee8bc6522054fe69dbfda6b91902c16af1ec2e043cde27bc6c29ad8176,,,
822d9823-903a-4824-b806-7c3edb1c8a1f,7709990409253,ean13,Vita Granola Vainilla,,,Alimentos,,,,unidad,,open_dataset,unverified,0.70,open-food-facts-csv:2026-09-08:sha256=f72687ee8bc6522054fe69dbfda6b91902c16af1ec2e043cde27bc6c29ad8176,,,
d24ea545-4ee0-4c9e-bf8c-cd5970b4dbfe,7709990562835,ean13,Yogurt La Campesina con Sabor a Melocotón,La Campesina,,Alimentos,,,,unidad,,open_dataset,unverified,0.70,open-food-facts-csv:2026-09-08:sha256=f72687ee8bc6522054fe69dbfda6b91902c16af1ec2e043cde27bc6c29ad8176,,,
7bba6b8a-57b3-4941-9e6e-a4a4a2185f69,7709990655582,ean13,Yogurt Griego Vainilla Francesa,Colour Greek,,Alimentos,,,,unidad,,open_dataset,unverified,0.70,open-food-facts-csv:2026-09-08:sha256=f72687ee8bc6522054fe69dbfda6b91902c16af1ec2e043cde27bc6c29ad8176,,,
dab0767d-7bed-4477-96ad-d859ad81e2e5,7709990726329,ean13,Panela La Gloria,La Gloria,,Alimentos,,,,unidad,,open_dataset,unverified,0.70,open-food-facts-csv:2026-09-08:sha256=f72687ee8bc6522054fe69dbfda6b91902c16af1ec2e043cde27bc6c29ad8176,,,
d11f40b2-32d2-42ea-b6aa-6a73f5041fa7,7709999891493,ean13,Barack Pops,Clean Bites,,Snacks y confitería,,,,unidad,,open_dataset,unverified,0.70,open-food-facts-csv:2026-09-08:sha256=f72687ee8bc6522054fe69dbfda6b91902c16af1ec2e043cde27bc6c29ad8176,,,
02fdaf0f-9bb8-475b-8ba4-d7f1c84ea1ad,7750106002622,ean13,Galletas Sándwich Sabor Limón,Rellenitas,,Snacks y confitería,,,,unidad,,open_dataset,unverified,0.70,open-food-facts-csv:2026-09-08:sha256=f72687ee8bc6522054fe69dbfda6b91902c16af1ec2e043cde27bc6c29ad8176,,,
21e4d37d-5173-4154-b4ad-3ec5048334ef,7750168001687,ean13,Club Social Integral Tradicional,"Nabisco,Club Social",,Snacks y confitería,,,,unidad,,open_dataset,unverified,0.70,open-food-facts-csv:2026-09-08:sha256=f72687ee8bc6522054fe69dbfda6b91902c16af1ec2e043cde27bc6c29ad8176,,,
07b5af1d-c946-4a14-9519-0498fffb3264,7750168001953,ean13,Original,"Oreo,Nabisco,Mondelez",,Snacks y confitería,,,,unidad,,open_dataset,unverified,0.70,open-food-facts-csv:2026-09-08:sha256=f72687ee8bc6522054fe69dbfda6b91902c16af1ec2e043cde27bc6c29ad8176,,,
3be326fd-7d43-444b-aded-420877bdef6d,7750168214292,ean13,Chips Ahoy!,"Nabisco,Chips Ahoy!",,Snacks y confitería,,,,unidad,,open_dataset,unverified,0.70,open-food-facts-csv:2026-09-08:sha256=f72687ee8bc6522054fe69dbfda6b91902c16af1ec2e043cde27bc6c29ad8176,,,
2e1ca74e-b386-45fa-8cde-dc31de8c0c6f,7750243052641,ean13,Casino sabor Vainilla,"Casino,Victoria",,Snacks y confitería,,,,unidad,,open_dataset,unverified,0.70,open-food-facts-csv:2026-09-08:sha256=f72687ee8bc6522054fe69dbfda6b91902c16af1ec2e043cde27bc6c29ad8176,,,
4b94563c-7924-4250-a5c2-ba2a16ae0ee2,7750243052665,ean13,Casino sabor Chocolate,"Casino,Victoria",,Snacks y confitería,,,,unidad,,open_dataset,unverified,0.70,open-food-facts-csv:2026-09-08:sha256=f72687ee8bc6522054fe69dbfda6b91902c16af1ec2e043cde27bc6c29ad8176,,,
7de3c563-ef97-4bc7-8906-436e6958f78b,7750243052740,ean13,Fresa Flow,"Casino,Victoria",,Snacks y confitería,,,,unidad,,open_dataset,unverified,0.70,open-food-facts-csv:2026-09-08:sha256=f72687ee8bc6522054fe69dbfda6b91902c16af1ec2e043cde27bc6c29ad8176,,,
52af66e1-a5b2-4a5e-8dc8-95a957d6932f,7750885008389,ean13,Golazo,Ambrosoli,,Snacks y confitería,,,,unidad,,open_dataset,unverified,0.70,open-food-facts-csv:2026-09-08:sha256=f72687ee8bc6522054fe69dbfda6b91902c16af1ec2e043cde27bc6c29ad8176,,,
3344d05c-1d48-4c78-8983-cc53c04db71e,7750885012881,ean13,FRAC sabor Chocolate,"Costa,FRAC",,Snacks y confitería,,,,unidad,,open_dataset,unverified,0.70,open-food-facts-csv:2026-09-08:sha256=f72687ee8bc6522054fe69dbfda6b91902c16af1ec2e043cde27bc6c29ad8176,,,
5eccb59b-7768-44f5-a97b-38ad7481fb05,7750885015363,ean13,Agua Line,Costa,,Snacks y confitería,,,,unidad,,open_dataset,unverified,0.70,open-food-facts-csv:2026-09-08:sha256=f72687ee8bc6522054fe69dbfda6b91902c16af1ec2e043cde27bc6c29ad8176,,,
0810b57e-9fd3-481c-8e36-fb2c1d5dfba8,7757174002240,ean13,Golpe,"Arcor,Golpe",,Snacks y confitería,,,,unidad,,open_dataset,unverified,0.70,open-food-facts-csv:2026-09-08:sha256=f72687ee8bc6522054fe69dbfda6b91902c16af1ec2e043cde27bc6c29ad8176,,,
9c9c393c-7e86-4900-aeea-e8882cc22a92,7757174006873,ean13,Chicha Morada,"dos en uno,Arcor",,Snacks y confitería,,,,unidad,,open_dataset,unverified,0.70,open-food-facts-csv:2026-09-08:sha256=f72687ee8bc6522054fe69dbfda6b91902c16af1ec2e043cde27bc6c29ad8176,,,
e9cba2f8-6484-46cb-b46b-a22179800ea3,7773103000064,ean13,Clásico,FINO,,Alimentos,,,,unidad,,open_dataset,unverified,0.70,open-food-facts-csv:2026-09-08:sha256=f72687ee8bc6522054fe69dbfda6b91902c16af1ec2e043cde27bc6c29ad8176,,,
35db2f11-a3dd-404c-affe-3b63d702507c,7774440260111,ean13,Hamburguesa Quinua Real,Andean Valley,,Alimentos,,,,unidad,,open_dataset,unverified,0.70,open-food-facts-csv:2026-09-08:sha256=f72687ee8bc6522054fe69dbfda6b91902c16af1ec2e043cde27bc6c29ad8176,,,
904d1c7c-8f4b-439a-be6d-447804bfb9b2,7790045000907,ean13,Galletitas Crackers Sin Sal,Granix,,Snacks y confitería,,,,unidad,,open_dataset,unverified,0.70,open-food-facts-csv:2026-09-08:sha256=f72687ee8bc6522054fe69dbfda6b91902c16af1ec2e043cde27bc6c29ad8176,,,
8772c441-f33b-4c79-a226-85ca8e538a77,7790045823889,ean13,Lino,Granix,,Snacks y confitería,,,,unidad,,open_dataset,unverified,0.70,open-food-facts-csv:2026-09-08:sha256=f72687ee8bc6522054fe69dbfda6b91902c16af1ec2e043cde27bc6c29ad8176,,,
b1f85e4c-33e4-49a4-b84c-7d6ec1adfb45,7790045825746,ean13,Granola Crocante Frutos Rojos,Granix,,Alimentos,,,,unidad,,open_dataset,unverified,0.70,open-food-facts-csv:2026-09-08:sha256=f72687ee8bc6522054fe69dbfda6b91902c16af1ec2e043cde27bc6c29ad8176,,,
f8379826-b84d-4663-bc70-dce586e72f14,7790045825753,ean13,Granola Crocante Almendras y Pasas de Uva,Granix,,Alimentos,,,,unidad,,open_dataset,unverified,0.70,open-food-facts-csv:2026-09-08:sha256=f72687ee8bc6522054fe69dbfda6b91902c16af1ec2e043cde27bc6c29ad8176,,,
90542b46-f33c-4cb2-82cf-ed376eb80949,7790580151300,ean13,Butter Toffee,"Arcor, Butter Toffees",,Snacks y confitería,,,,unidad,,open_dataset,unverified,0.70,open-food-facts-csv:2026-09-08:sha256=f72687ee8bc6522054fe69dbfda6b91902c16af1ec2e043cde27bc6c29ad8176,,,
218d701a-448a-4d75-a383-d4248f674114,7790580169312,ean13,Cerebritos Rellenos,"Mogul,Arcor",,Snacks y confitería,,,,unidad,,open_dataset,unverified,0.70,open-food-facts-csv:2026-09-08:sha256=f72687ee8bc6522054fe69dbfda6b91902c16af1ec2e043cde27bc6c29ad8176,,,
42cdc30c-51e7-43e0-af7d-8bfc99758399,7790580200107,ean13,"Tiburoncitos sabor Piña, Naranja y Manzana","Mogul,Arcor",,Snacks y confitería,,,,unidad,,open_dataset,unverified,0.70,open-food-facts-csv:2026-09-08:sha256=f72687ee8bc6522054fe69dbfda6b91902c16af1ec2e043cde27bc6c29ad8176,,,
8402517f-7e35-4d57-bfd3-bd4c5d38d1c2,7790580283155,ean13,Turrón de Maní con Frutas,Arcor,,Snacks y confitería,,,,unidad,,open_dataset,unverified,0.70,open-food-facts-csv:2026-09-08:sha256=f72687ee8bc6522054fe69dbfda6b91902c16af1ec2e043cde27bc6c29ad8176,,,
a2c998cd-3241-47a4-9a22-9a537499050a,7790580980009,ean13,Choclo Amarillo Entero,Arcor,,Alimentos,,,,unidad,,open_dataset,unverified,0.70,open-food-facts-csv:2026-09-08:sha256=f72687ee8bc6522054fe69dbfda6b91902c16af1ec2e043cde27bc6c29ad8176,,,
a9c6ebd0-2c7d-450f-8950-6a064b836ab6,7791875000013,ean13,Alfajores Mixtos,Havanna,,Snacks y confitería,,,,unidad,,open_dataset,unverified,0.70,open-food-facts-csv:2026-09-08:sha256=f72687ee8bc6522054fe69dbfda6b91902c16af1ec2e043cde27bc6c29ad8176,,,
96df6e38-1edd-4341-a4f3-f8638d003947,7791875000426,ean13,Alfajores Merengue Clásico,Havanna,,Snacks y confitería,,,,unidad,,open_dataset,unverified,0.70,open-food-facts-csv:2026-09-08:sha256=f72687ee8bc6522054fe69dbfda6b91902c16af1ec2e043cde27bc6c29ad8176,,,
265f5ae3-7562-460b-aa52-c5d2519ee4ee,7791875000440,ean13,Alfajores Chocolate Clásico,Havanna,,Snacks y confitería,,,,unidad,,open_dataset,unverified,0.70,open-food-facts-csv:2026-09-08:sha256=f72687ee8bc6522054fe69dbfda6b91902c16af1ec2e043cde27bc6c29ad8176,,,
dab6d51a-e229-45be-a9ec-78aa79bdbebd,7791875000471,ean13,Havannets Chocolate,"Havanna, Havannets",,Snacks y confitería,,,,unidad,,open_dataset,unverified,0.70,open-food-facts-csv:2026-09-08:sha256=f72687ee8bc6522054fe69dbfda6b91902c16af1ec2e043cde27bc6c29ad8176,,,
5812cbca-4d62-4606-a784-90ad11b02b38,7798259430084,ean13,Manzana Verde de La Patagonia,Pura Frutta,,Bebidas,,,,unidad,,open_dataset,unverified,0.70,open-food-facts-csv:2026-09-08:sha256=f72687ee8bc6522054fe69dbfda6b91902c16af1ec2e043cde27bc6c29ad8176,,,
343f00b4-44d7-4717-aaf4-e91306204c55,7801875068019,ean13,Yerba Mate Argentina con Palo Supremo,Supremo,,Bebidas,,,,unidad,,open_dataset,unverified,0.70,open-food-facts-csv:2026-09-08:sha256=f72687ee8bc6522054fe69dbfda6b91902c16af1ec2e043cde27bc6c29ad8176,,,
edfe6a81-410a-4bd6-9afe-eaaff43f764e,7802000004018,ean13,Barra de cereal frutilla Quaker,Quaker,,Snacks y confitería,,,,unidad,,open_dataset,unverified,0.70,open-food-facts-csv:2026-09-08:sha256=f72687ee8bc6522054fe69dbfda6b91902c16af1ec2e043cde27bc6c29ad8176,,,
0a229050-4091-47aa-9f6d-4439a825e6e6,7802200117778,ean13,Old England Toffee Mint,"Ambrosoli,Old England",,Snacks y confitería,,,,unidad,,open_dataset,unverified,0.70,open-food-facts-csv:2026-09-08:sha256=f72687ee8bc6522054fe69dbfda6b91902c16af1ec2e043cde27bc6c29ad8176,,,
4c9ec338-23a0-4c07-b036-519a6f618b2d,7802200135703,ean13,Gomitas Amberries,"Ambrosoli,Amberries,Carozzi",,Snacks y confitería,,,,unidad,,open_dataset,unverified,0.70,open-food-facts-csv:2026-09-08:sha256=f72687ee8bc6522054fe69dbfda6b91902c16af1ec2e043cde27bc6c29ad8176,,,
c0fecf45-6a18-481b-bb69-f5d0b316299b,7802200840362,ean13,Suny,"Ambrosoli,Suny",,Snacks y confitería,,,,unidad,,open_dataset,unverified,0.70,open-food-facts-csv:2026-09-08:sha256=f72687ee8bc6522054fe69dbfda6b91902c16af1ec2e043cde27bc6c29ad8176,,,
bd8fb27d-bacb-46f2-a918-cfa517fe81b0,7802215101854,ean13,Costa Bambino,"Costa,Bambino",,Snacks y confitería,,,,unidad,,open_dataset,unverified,0.70,open-food-facts-csv:2026-09-08:sha256=f72687ee8bc6522054fe69dbfda6b91902c16af1ec2e043cde27bc6c29ad8176,,,
6fae0113-9bf7-4333-bee0-e42911cb568c,7802215302053,ean13,Gran Cereal Clásica,"Costa, Gran Cereal",,Snacks y confitería,,,,unidad,,open_dataset,unverified,0.70,open-food-facts-csv:2026-09-08:sha256=f72687ee8bc6522054fe69dbfda6b91902c16af1ec2e043cde27bc6c29ad8176,,,
404a3bbe-bc46-40ba-bad0-c36d158a31db,7802215303241,ean13,Gran Cereal Cacao,"Costa,Gran Cereal,Carozzi",,Snacks y confitería,,,,unidad,,open_dataset,unverified,0.70,open-food-facts-csv:2026-09-08:sha256=f72687ee8bc6522054fe69dbfda6b91902c16af1ec2e043cde27bc6c29ad8176,,,
e75363b1-50f1-4f51-ac16-4b1fa63f390f,7802215505058,ean13,Costa Maxi Chips,Costa,,Snacks y confitería,,,,unidad,,open_dataset,unverified,0.70,open-food-facts-csv:2026-09-08:sha256=f72687ee8bc6522054fe69dbfda6b91902c16af1ec2e043cde27bc6c29ad8176,,,
b803c7dd-c425-4986-950e-783b8260dbc6,7802215505140,ean13,Costa Choco Chips,Costa,,Snacks y confitería,,,,unidad,,open_dataset,unverified,0.70,open-food-facts-csv:2026-09-08:sha256=f72687ee8bc6522054fe69dbfda6b91902c16af1ec2e043cde27bc6c29ad8176,,,
543906ad-1bf8-4fd8-9c33-b6f92ae32c36,7802215514333,ean13,Obsesión,Costa,,Snacks y confitería,,,,unidad,,open_dataset,unverified,0.70,open-food-facts-csv:2026-09-08:sha256=f72687ee8bc6522054fe69dbfda6b91902c16af1ec2e043cde27bc6c29ad8176,,,
5fab8257-d984-49ef-9205-eefac295df35,7802215515019,ean13,Gretel Chocolate,Costa,,Snacks y confitería,,,,unidad,,open_dataset,unverified,0.70,open-food-facts-csv:2026-09-08:sha256=f72687ee8bc6522054fe69dbfda6b91902c16af1ec2e043cde27bc6c29ad8176,,,
6c3aedce-b8d8-4022-bf35-171c91501112,7802225427579,ean13,Rocklets Maní,"Arcor, Rocklets",,Snacks y confitería,,,,unidad,,open_dataset,unverified,0.70,open-food-facts-csv:2026-09-08:sha256=f72687ee8bc6522054fe69dbfda6b91902c16af1ec2e043cde27bc6c29ad8176,,,
3f822a66-faa1-412e-9855-11fe657ba644,7802225510196,ean13,Privilegio,"Arcor, Privilegio",,Snacks y confitería,,,,unidad,,open_dataset,unverified,0.70,open-food-facts-csv:2026-09-08:sha256=f72687ee8bc6522054fe69dbfda6b91902c16af1ec2e043cde27bc6c29ad8176,,,
8de42b54-9159-452c-a568-750d1e02e492,7802225640770,ean13,bon o bon cookie's,"Arcor,bon o bon",,Snacks y confitería,,,,unidad,,open_dataset,unverified,0.70,open-food-facts-csv:2026-09-08:sha256=f72687ee8bc6522054fe69dbfda6b91902c16af1ec2e043cde27bc6c29ad8176,,,
4731263f-050d-405d-bbe6-73b4b8755ef6,7802225688024,ean13,Limón,"Arcor, dos en uno",,Snacks y confitería,,,,unidad,,open_dataset,unverified,0.70,open-food-facts-csv:2026-09-08:sha256=f72687ee8bc6522054fe69dbfda6b91902c16af1ec2e043cde27bc6c29ad8176,,,
468613aa-8340-40ae-a744-f7500eb9ea65,7802225688048,ean13,Choc Kiss,Arcor,,Snacks y confitería,,,,unidad,,open_dataset,unverified,0.70,open-food-facts-csv:2026-09-08:sha256=f72687ee8bc6522054fe69dbfda6b91902c16af1ec2e043cde27bc6c29ad8176,,,
f36654bf-4f18-44ad-95da-bb7f920181e0,7802225688758,ean13,Rocklets Galletas sabor Vainilla,"Arcor, Rocklets",,Snacks y confitería,,,,unidad,,open_dataset,unverified,0.70,open-food-facts-csv:2026-09-08:sha256=f72687ee8bc6522054fe69dbfda6b91902c16af1ec2e043cde27bc6c29ad8176,,,
520e799b-e9a3-4a5c-9c9a-07c3186b68d4,78024106,ean8,bon o bon Blanco,"Arcor,bon o bon",,Snacks y confitería,,,,unidad,,open_dataset,unverified,0.70,open-food-facts-csv:2026-09-08:sha256=f72687ee8bc6522054fe69dbfda6b91902c16af1ec2e043cde27bc6c29ad8176,,,
ce220aa3-d964-4b0e-a581-7a62b36d54e2,7802535464646,ean13,brisa,brisa,,Bebidas,,,,unidad,,open_dataset,unverified,0.70,open-food-facts-csv:2026-09-08:sha256=f72687ee8bc6522054fe69dbfda6b91902c16af1ec2e043cde27bc6c29ad8176,,,
ee11abd9-fe04-4273-acfa-dbde0b665851,7804659650998,ean13,Not Milk Zero Sugar - NotCo - NotCo - NotCo - NotCo - NotCo,NotCo,,Bebidas,,,,unidad,,open_dataset,unverified,0.70,open-food-facts-csv:2026-09-08:sha256=f72687ee8bc6522054fe69dbfda6b91902c16af1ec2e043cde27bc6c29ad8176,,,
9c359ce3-dcac-46b8-a925-e7adea35c2a9,7840005011174,ean13,Famlac Larga Vida,Famlac,,Bebidas,,,,unidad,,open_dataset,unverified,0.70,open-food-facts-csv:2026-09-08:sha256=f72687ee8bc6522054fe69dbfda6b91902c16af1ec2e043cde27bc6c29ad8176,,,
61e7d949-c9f2-4982-be06-43ce28b8dc6d,7861036400522,ean13,Mamma Quinoa Natural,Mamma Quinoa,,Alimentos,,,,unidad,,open_dataset,unverified,0.70,open-food-facts-csv:2026-09-08:sha256=f72687ee8bc6522054fe69dbfda6b91902c16af1ec2e043cde27bc6c29ad8176,,,
7347d1e5-7935-4062-9396-6bd7da48e21e,7861036400546,ean13,Mamma Quinoa Miel de Abeja,Mamma Quinoa,,Alimentos,,,,unidad,,open_dataset,unverified,0.70,open-food-facts-csv:2026-09-08:sha256=f72687ee8bc6522054fe69dbfda6b91902c16af1ec2e043cde27bc6c29ad8176,,,
95af491f-a4a8-4b52-b9ab-bc9c35556c06,7861091155573,ean13,Galleta de Sal,Nestlé,,Snacks y confitería,,,,unidad,,open_dataset,unverified,0.70,open-food-facts-csv:2026-09-08:sha256=f72687ee8bc6522054fe69dbfda6b91902c16af1ec2e043cde27bc6c29ad8176,,,
e4b10690-3c5e-46a9-8828-49b50bc37bb0,7862107787344,ean13,Avena,Nature´s Heart,,Bebidas,,,,unidad,,open_dataset,unverified,0.70,open-food-facts-csv:2026-09-08:sha256=f72687ee8bc6522054fe69dbfda6b91902c16af1ec2e043cde27bc6c29ad8176,,,
71223dcf-d3f7-40bb-a56a-8da33264d5a4,7891008119787,ean13,Talento Dark 50% Cacau Menta,"Garoto,Talento",,Snacks y confitería,,,,unidad,,open_dataset,unverified,0.70,open-food-facts-csv:2026-09-08:sha256=f72687ee8bc6522054fe69dbfda6b91902c16af1ec2e043cde27bc6c29ad8176,,,
b3dd7bfe-69a1-45ff-b14d-2d3d519620f3,7891008119831,ean13,Talento Dark 50% Cacau Café,"Garoto,Talento",,Snacks y confitería,,,,unidad,,open_dataset,unverified,0.70,open-food-facts-csv:2026-09-08:sha256=f72687ee8bc6522054fe69dbfda6b91902c16af1ec2e043cde27bc6c29ad8176,,,
7b7b77ce-c7be-48e4-9fb0-e07f0a32364d,7891008121674,ean13,Talento Cereais e Passas,"Garoto,Talento",,Snacks y confitería,,,,unidad,,open_dataset,unverified,0.70,open-food-facts-csv:2026-09-08:sha256=f72687ee8bc6522054fe69dbfda6b91902c16af1ec2e043cde27bc6c29ad8176,,,
30489f23-8eaa-4f55-b677-1eee50a8663f,7891079012901,ean13,Cup Noodles Sabor a Carne,"Nissin,Cup Noodles",,Alimentos,,,,unidad,,open_dataset,unverified,0.70,open-food-facts-csv:2026-09-08:sha256=f72687ee8bc6522054fe69dbfda6b91902c16af1ec2e043cde27bc6c29ad8176,,,
dda1fedf-bd9e-43aa-a09f-0b5819bc55d8,7891079013335,ean13,Nissin Ramen Sabor a Costilla,Nissin,,Alimentos,,,,unidad,,open_dataset,unverified,0.70,open-food-facts-csv:2026-09-08:sha256=f72687ee8bc6522054fe69dbfda6b91902c16af1ec2e043cde27bc6c29ad8176,,,
fdbb4c10-8631-46f7-b7f3-de15f785f8b7,7891118013586,ean13,Poosh! Tuti Frutti,"Poosh!,Arcor",,Snacks y confitería,,,,unidad,,open_dataset,unverified,0.70,open-food-facts-csv:2026-09-08:sha256=f72687ee8bc6522054fe69dbfda6b91902c16af1ec2e043cde27bc6c29ad8176,,,
1c7af943-b821-42eb-b55a-9e90d4e7a205,7891151029421,ean13,Gomutcho,"Gomutcho, Riclan",,Snacks y confitería,,,,unidad,,open_dataset,unverified,0.70,open-food-facts-csv:2026-09-08:sha256=f72687ee8bc6522054fe69dbfda6b91902c16af1ec2e043cde27bc6c29ad8176,,,
e66e90ce-d138-4ff0-b284-5b8b574227b3,78918344,ean8,Flopi Bala de Cereja,"Florestal,Flopi",,Alimentos,,,,unidad,,open_dataset,unverified,0.70,open-food-facts-csv:2026-09-08:sha256=f72687ee8bc6522054fe69dbfda6b91902c16af1ec2e043cde27bc6c29ad8176,,,
bcf96f2d-a66c-4941-865c-772bbaa56dfd,7891962032283,ean13,Wafer Fresa/Frutilla,Bauducco,,Snacks y confitería,,,,unidad,,open_dataset,unverified,0.70,open-food-facts-csv:2026-09-08:sha256=f72687ee8bc6522054fe69dbfda6b91902c16af1ec2e043cde27bc6c29ad8176,,,
9eccf7a4-edc4-4e33-85fd-ac4910fae733,7891962060460,ean13,Tostada Integral,Bauducco,,Alimentos,,,,unidad,,open_dataset,unverified,0.70,open-food-facts-csv:2026-09-08:sha256=f72687ee8bc6522054fe69dbfda6b91902c16af1ec2e043cde27bc6c29ad8176,,,
697ed649-3f59-4c72-99f2-c05e58f93646,7896016604805,ean13,Ducoco Bebida de coco,Ducoco,,Bebidas,,,,unidad,,open_dataset,unverified,0.70,open-food-facts-csv:2026-09-08:sha256=f72687ee8bc6522054fe69dbfda6b91902c16af1ec2e043cde27bc6c29ad8176,,,
9761ef79-9cf3-4510-bdfe-7f14d491b606,7898142864252,ean13,Chubi,"Arcor,Chubi",,Snacks y confitería,,,,unidad,,open_dataset,unverified,0.70,open-food-facts-csv:2026-09-08:sha256=f72687ee8bc6522054fe69dbfda6b91902c16af1ec2e043cde27bc6c29ad8176,,,
17bea351-d761-4153-ad44-15d2d59be611,8005121000122,ean13,Fettuccine 12,Divella,,Alimentos,,,,unidad,,open_dataset,unverified,0.70,open-food-facts-csv:2026-09-08:sha256=f72687ee8bc6522054fe69dbfda6b91902c16af1ec2e043cde27bc6c29ad8176,,,
af934d21-591e-4402-8ada-fea9e6389992,8005121000535,ean13,Gomiti 53,Divella,,Alimentos,,,,unidad,,open_dataset,unverified,0.70,open-food-facts-csv:2026-09-08:sha256=f72687ee8bc6522054fe69dbfda6b91902c16af1ec2e043cde27bc6c29ad8176,,,
f27f4e2b-1b78-46d6-8cfd-5ac38a56d928,8005121000801,ean13,Paccheri Napoletani 80,Divella,,Alimentos,,,,unidad,,open_dataset,unverified,0.70,open-food-facts-csv:2026-09-08:sha256=f72687ee8bc6522054fe69dbfda6b91902c16af1ec2e043cde27bc6c29ad8176,,,
e30d127b-5f95-4888-bb3c-4e421ea8db8a,8005121002096,ean13,Conchiglioni 87/b,Divella,,Alimentos,,,,unidad,,open_dataset,unverified,0.70,open-food-facts-csv:2026-09-08:sha256=f72687ee8bc6522054fe69dbfda6b91902c16af1ec2e043cde27bc6c29ad8176,,,
9dbbf177-31ac-4ed6-8c1e-54db14b891f7,8410010800859,ean13,Aceite de Oliva Virgen Extra,Carbonell,,Alimentos,,,,unidad,,open_dataset,unverified,0.70,open-food-facts-csv:2026-09-08:sha256=f72687ee8bc6522054fe69dbfda6b91902c16af1ec2e043cde27bc6c29ad8176,,,
85d08d79-cee8-420e-b835-a0e7f1997d57,8410199026361,ean13,DORITOS DINAMITA FLAMIN HOT,Doritos,,Snacks y confitería,,,,unidad,,open_dataset,unverified,0.70,open-food-facts-csv:2026-09-08:sha256=f72687ee8bc6522054fe69dbfda6b91902c16af1ec2e043cde27bc6c29ad8176,,,
e5179ef3-47eb-415e-be47-0d87510ee9b5,8410270043638,ean13,Aceite de olviva español,,,Alimentos,,,,unidad,,open_dataset,unverified,0.70,open-food-facts-csv:2026-09-08:sha256=f72687ee8bc6522054fe69dbfda6b91902c16af1ec2e043cde27bc6c29ad8176,,,
1474d4c5-89bc-4310-9d5c-ac60b490ce88,8412170011434,ean13,Noglut María,"Santiveri,Noglut",,Snacks y confitería,,,,unidad,,open_dataset,unverified,0.70,open-food-facts-csv:2026-09-08:sha256=f72687ee8bc6522054fe69dbfda6b91902c16af1ec2e043cde27bc6c29ad8176,,,
fa8ce904-9db2-45c3-9b26-c14741b2b12e,8412170016682,ean13,Lacitos con fibra,Santiveri,,Snacks y confitería,,,,unidad,,open_dataset,unverified,0.70,open-food-facts-csv:2026-09-08:sha256=f72687ee8bc6522054fe69dbfda6b91902c16af1ec2e043cde27bc6c29ad8176,,,
ca26b106-4a2f-4546-a2ab-7570a4a19e06,8412170025783,ean13,CookiSanas Galletas Manzana,"Santiveri,CookiSanas",,Snacks y confitería,,,,unidad,,open_dataset,unverified,0.70,open-food-facts-csv:2026-09-08:sha256=f72687ee8bc6522054fe69dbfda6b91902c16af1ec2e043cde27bc6c29ad8176,,,
f09ecd9d-e7e6-403f-8d2b-8c11da7d753f,8412170025813,ean13,CookiSanas Galletas Naranja,"CookiSanas,Santiveri",,Snacks y confitería,,,,unidad,,open_dataset,unverified,0.70,open-food-facts-csv:2026-09-08:sha256=f72687ee8bc6522054fe69dbfda6b91902c16af1ec2e043cde27bc6c29ad8176,,,
e06745c6-9bb1-433d-b6f6-cab35c1ffa2d,8412170026469,ean13,CookiSanas Galletas Chocolate,"CookiSanas, Santiveri",,Snacks y confitería,,,,unidad,,open_dataset,unverified,0.70,open-food-facts-csv:2026-09-08:sha256=f72687ee8bc6522054fe69dbfda6b91902c16af1ec2e043cde27bc6c29ad8176,,,
96bfc679-c91f-410a-bd1e-a01be2499968,8412170026896,ean13,Pan Integral Dextrin Tradicional,Santiveri,,Alimentos,,,,unidad,,open_dataset,unverified,0.70,open-food-facts-csv:2026-09-08:sha256=f72687ee8bc6522054fe69dbfda6b91902c16af1ec2e043cde27bc6c29ad8176,,,
3d8ca563-a765-4378-b297-3259062ff666,8412170029002,ean13,Galletas Integrales Choco Chips,Santiveri,,Snacks y confitería,,,,unidad,,open_dataset,unverified,0.70,open-food-facts-csv:2026-09-08:sha256=f72687ee8bc6522054fe69dbfda6b91902c16af1ec2e043cde27bc6c29ad8176,,,
78dcbcf6-adca-476c-ba59-481561f4b1f3,8413552046303,ean13,Mermelada de Frutos del Bosque,Loreto,,Alimentos,,,,unidad,,open_dataset,unverified,0.70,open-food-facts-csv:2026-09-08:sha256=f72687ee8bc6522054fe69dbfda6b91902c16af1ec2e043cde27bc6c29ad8176,,,
354021a2-2bc6-4432-ade0-73c7ad6ecd89,8424793002140,ean13,Aceite de Oliva Campiña del Olivar,campiña del olivar,,Alimentos,,,,unidad,,open_dataset,unverified,0.70,open-food-facts-csv:2026-09-08:sha256=f72687ee8bc6522054fe69dbfda6b91902c16af1ec2e043cde27bc6c29ad8176,,,
39073b9c-1dad-4659-bca8-872af02f7f6f,8434893000113,ean13,Desayuno Integral,Florbú,,Snacks y confitería,,,,unidad,,open_dataset,unverified,0.70,open-food-facts-csv:2026-09-08:sha256=f72687ee8bc6522054fe69dbfda6b91902c16af1ec2e043cde27bc6c29ad8176,,,
c40a5c3f-7eb7-4ff1-a5e3-d822dbd62a11,8436025984216,ean13,Queso Manchego Montecampero,Montecampero,,Alimentos,,,,unidad,,open_dataset,unverified,0.70,open-food-facts-csv:2026-09-08:sha256=f72687ee8bc6522054fe69dbfda6b91902c16af1ec2e043cde27bc6c29ad8176,,,
5c77fbca-93de-46c6-a78c-79b6059ea836,8437003969744,ean13,Sour Glowworms,efrutti,,Snacks y confitería,,,,unidad,,open_dataset,unverified,0.70,open-food-facts-csv:2026-09-08:sha256=f72687ee8bc6522054fe69dbfda6b91902c16af1ec2e043cde27bc6c29ad8176,,,
a016c8bd-523d-4b69-b1b8-b358f173aeb7,8437012555396,ean13,Panela pulverizada,Coexito,,Alimentos,,,,unidad,,open_dataset,unverified,0.70,open-food-facts-csv:2026-09-08:sha256=f72687ee8bc6522054fe69dbfda6b91902c16af1ec2e043cde27bc6c29ad8176,,,
a055a7f0-139c-43f7-96df-7abdd305103a,8590081875106,ean13,Club Social Original,Nabisco,,Snacks y confitería,,,,unidad,,open_dataset,unverified,0.70,open-food-facts-csv:2026-09-08:sha256=f72687ee8bc6522054fe69dbfda6b91902c16af1ec2e043cde27bc6c29ad8176,,,
63f2608e-4e88-4d81-8f7c-eaf7011fa6d3,8690481022329,ean13,Chocolatina Fresa,Safa,,Snacks y confitería,,,,unidad,,open_dataset,unverified,0.70,open-food-facts-csv:2026-09-08:sha256=f72687ee8bc6522054fe69dbfda6b91902c16af1ec2e043cde27bc6c29ad8176,,,
2e2e323c-7a6a-490f-8ba3-fad78a0d04e7,8691707588070,ean13,Galleta Cracker con Oliva y Oregano,Greta,,Snacks y confitería,,,,unidad,,open_dataset,unverified,0.70,open-food-facts-csv:2026-09-08:sha256=f72687ee8bc6522054fe69dbfda6b91902c16af1ec2e043cde27bc6c29ad8176,,,
fab58ff1-9235-4a35-9d3c-e2fe9e620bc5,8719200453005,ean13,Rama Light,Rama,,Alimentos,,,,unidad,,open_dataset,unverified,0.70,open-food-facts-csv:2026-09-08:sha256=f72687ee8bc6522054fe69dbfda6b91902c16af1ec2e043cde27bc6c29ad8176,,,
a4d1c7b0-2cba-4743-8847-7aa6af154ee8,8719200453012,ean13,Rama con Sal,Rama,,Alimentos,,,,unidad,,open_dataset,unverified,0.70,open-food-facts-csv:2026-09-08:sha256=f72687ee8bc6522054fe69dbfda6b91902c16af1ec2e043cde27bc6c29ad8176,,,
d6dadd2a-ef05-4a01-8328-9f9c2a20f729,8719200453043,ean13,Esparcible con Sal,Rama,,Alimentos,,,,unidad,,open_dataset,unverified,0.70,open-food-facts-csv:2026-09-08:sha256=f72687ee8bc6522054fe69dbfda6b91902c16af1ec2e043cde27bc6c29ad8176,,,
227668ad-b92b-42c8-b565-3f301c64fe3e,8719200453074,ean13,Rama Multiusos Esparcible,Rama,,Alimentos,,,,unidad,,open_dataset,unverified,0.70,open-food-facts-csv:2026-09-08:sha256=f72687ee8bc6522054fe69dbfda6b91902c16af1ec2e043cde27bc6c29ad8176,,,
f6409db2-b86f-4e5a-bef9-32bb06a035d2,8719200453685,ean13,Blue Band Nutrisabor,Upfield,,Alimentos,,,,unidad,,open_dataset,unverified,0.70,open-food-facts-csv:2026-09-08:sha256=f72687ee8bc6522054fe69dbfda6b91902c16af1ec2e043cde27bc6c29ad8176,,,
1d5267c6-20d9-4ad7-b470-ea226959f6c1,8901393017137,ean13,Chupa Chups Sour Bites,Chupa chups,,Snacks y confitería,,,,unidad,,open_dataset,unverified,0.70,open-food-facts-csv:2026-09-08:sha256=f72687ee8bc6522054fe69dbfda6b91902c16af1ec2e043cde27bc6c29ad8176,,,
20b027a9-5b4a-4787-afa0-934f04ae2e47,8992741970549,ean13,Gummi Zone Burger,,,Snacks y confitería,,,,unidad,,open_dataset,unverified,0.70,open-food-facts-csv:2026-09-08:sha256=f72687ee8bc6522054fe69dbfda6b91902c16af1ec2e043cde27bc6c29ad8176,,,
b125220a-4153-47e6-ab6d-22752ad72800,9002490206666,ean13,Red Bull Sugar Free,,,Bebidas,,,,unidad,,open_dataset,unverified,0.70,open-food-facts-csv:2026-09-08:sha256=f72687ee8bc6522054fe69dbfda6b91902c16af1ec2e043cde27bc6c29ad8176,,,
50cacdea-5f39-455c-a01c-7a7df07c5151,9760934210104,ean13,Jamón de cerdo,Pietrán - Zenú,,Alimentos,,,,unidad,,open_dataset,unverified,0.70,open-food-facts-csv:2026-09-08:sha256=f72687ee8bc6522054fe69dbfda6b91902c16af1ec2e043cde27bc6c29ad8176,,,
